"n","vare","B","seed","pi.cc","ghat.N.1","ghat.O.1","ghat.C.1","stde.N.1","stde.O.1","stde.C.1","bste.N.1","bste.O.1","bste.C.1"
2000,0.01,80,6000001,0.05,-0.106061474274574,0.0238764689630728,-0.151386941072848,0.160457013371288,0.185276063021793,0.211741447384862,0.163004906533462,0.188635948201911,0.215531050592289
2000,0.01,80,6000001,0.1,0.214984246777348,0.278140562965362,0.258764794050284,0.109118095120891,0.124247199217737,0.128455534991875,0.109818735202042,0.125644727489069,0.129431770127786
2000,0.01,80,6000001,0.25,0.303421397625386,0.317694169282276,0.357708504987983,0.0768142535357468,0.0917184507659405,0.0942864205330365,0.0769813037087736,0.0921143890889689,0.0945286747976884
2000,0.01,80,6000001,0.5,0.229846565780286,0.261346467793563,0.277801059570462,0.0585479297842286,0.0667772007104433,0.072684106903575,0.058632512326025,0.0669126997435736,0.0728199711501526
2000,0.01,80,6000002,0.05,0.13091184679582,0.168989383464143,0.19602471077825,0.157030770235543,0.168925537353371,0.217204892293321,0.158580207826027,0.171105041120377,0.219700915654938
2000,0.01,80,6000002,0.1,0.159215850832289,0.207896050332571,0.220016179126211,0.116642288836534,0.124804928738808,0.157150213147606,0.117161525740149,0.125574217210585,0.157771268881457
2000,0.01,80,6000002,0.25,0.199013131626394,0.275384261275615,0.239846025710938,0.0838818208434322,0.08969799451117,0.106768176146303,0.0839495839499567,0.0898581125353591,0.10645025510429
2000,0.01,80,6000002,0.5,0.249394288422098,0.306713344041504,0.308736615472038,0.0642726528123088,0.070382217609512,0.0849833543367933,0.0643772157426231,0.0706353118428329,0.0851269509003613
2000,0.01,80,6000003,0.05,0.182770576366101,0.113589659241139,0.249012388531663,0.136312243940996,0.163987619354317,0.206566184628316,0.137193841740045,0.165454605518791,0.208067357904034
2000,0.01,80,6000003,0.1,0.123271878882701,0.115068687245059,0.173332489150585,0.107888391504966,0.132396134457554,0.141651568764822,0.108624998163789,0.13319836897057,0.1428713707621
2000,0.01,80,6000003,0.25,0.119541383649688,0.11832617545666,0.149802742018147,0.0793217230592807,0.0907077006371129,0.103503165078131,0.079598379601317,0.0909906025202144,0.104051850902157
2000,0.01,80,6000003,0.5,0.125950016440486,0.176626325586078,0.155038557691802,0.063273649946405,0.0723185225310831,0.0823751691770034,0.0633807048027879,0.0724236211216372,0.0825812901631269
2000,0.01,80,6000004,0.05,0.574877329371437,0.334709279893528,0.775728770595776,0.155808167771204,0.195988585971876,0.226425132377541,0.157684877650326,0.194470027906535,0.230348021684691
2000,0.01,80,6000004,0.1,0.516096106133038,0.435875588171881,0.701238295236592,0.101687148035355,0.145332270131026,0.141027226303935,0.10218133229224,0.145106058064712,0.141820576902466
2000,0.01,80,6000004,0.25,0.342045567522289,0.379331504093099,0.441484628179345,0.0745173053683072,0.0855958013107762,0.0976364017103929,0.0746664270942035,0.085800509844039,0.0978936190792082
2000,0.01,80,6000004,0.5,0.265601715092054,0.323842134720479,0.343962100787437,0.0603670578864622,0.0674723449823928,0.0773021067062615,0.0604500716960541,0.0675650813598852,0.0774391550733741
2000,0.01,80,6000005,0.05,0.101878584417252,0.195624903374606,0.176428699263987,0.167679910566403,0.183076164085318,0.222425002114071,0.177030191403267,0.190606429158517,0.242470987001477
2000,0.01,80,6000005,0.1,0.120476441367088,0.186098587823801,0.192106004789321,0.118671996027569,0.138392972538721,0.167640588812531,0.120780865459751,0.142471525227807,0.172943244814102
2000,0.01,80,6000005,0.25,0.136238984672548,0.211632278994318,0.181157542430543,0.0842115081448975,0.0936374644960081,0.11815898838143,0.0845504978743233,0.0941504470325064,0.118830506088284
2000,0.01,80,6000005,0.5,0.0701470270724985,0.116898092103608,0.0924501165888624,0.0672037614888629,0.0723535990756294,0.0914537017842263,0.0673284319898591,0.0725312317832059,0.0916806087196703
2000,0.01,80,6000006,0.05,0.166039437354465,0.215355127389709,0.217935428601512,0.18697439529656,0.221586842713256,0.265381961508447,0.19188331581418,0.227124736124455,0.273341461501965
2000,0.01,80,6000006,0.1,0.0710906641489575,0.0931520929941322,0.0995860951589114,0.133661890953544,0.145005164473643,0.178169277791047,0.135954611373016,0.146193509326186,0.18336321768528
2000,0.01,80,6000006,0.25,0.11335658843155,0.175160988020362,0.140164696778,0.0889323842073269,0.0985949813583242,0.119788004801123,0.0892201487065485,0.0989678946066904,0.120233437565944
2000,0.01,80,6000006,0.5,0.133551083919579,0.156541381005752,0.156151161530669,0.06458931610879,0.0789204234430866,0.0805290261496767,0.0646318674928253,0.0791698610679093,0.0804281022281601
2000,0.01,80,6000007,0.05,0.261657059796136,0.353455209344291,0.341070579105255,0.119172855161023,0.141414719186945,0.169969356050844,0.120083281557394,0.142610494591868,0.17139840384376
2000,0.01,80,6000007,0.1,0.312887025566268,0.358616939444361,0.402836609540823,0.0924336731988992,0.114496965110799,0.123308434518208,0.0930384029340227,0.115584006625831,0.124283100351093
2000,0.01,80,6000007,0.25,0.255676673910208,0.324887121293632,0.322967325994943,0.067922751068846,0.0791386565532503,0.0864738906030501,0.0681688536509685,0.0795214940809397,0.0869293259701668
2000,0.01,80,6000007,0.5,0.252235625728783,0.28134850631112,0.309944654774594,0.0565901206801131,0.0643846135296874,0.0715478232659994,0.0567338966249357,0.0648456848744028,0.0718281127882777
2000,0.01,80,6000008,0.05,-0.0311496430315643,-0.0123212855065088,-0.0548385872618036,0.134813894167035,0.153513204601366,0.185099050321438,0.135471824975998,0.155035879901788,0.185891740935384
2000,0.01,80,6000008,0.1,-0.0500325391304283,-0.0174420922779811,-0.0793526361395808,0.109678212380899,0.127969997430126,0.157048194896958,0.110128974628507,0.128940335321129,0.157771312380254
2000,0.01,80,6000008,0.25,0.0645956418207229,0.114645694850217,0.0855091047259509,0.08210018429378,0.095894788407267,0.104301855786046,0.0823751777467673,0.0962929473305945,0.10475457261048
2000,0.01,80,6000008,0.5,0.103329423452756,0.147004943194644,0.140781717684396,0.0624187664419424,0.0701012805256814,0.0810919958737586,0.0625279124025215,0.0702460065238281,0.0813042582332976
2000,0.01,80,6000009,0.05,0.329980964474881,0.420096455674811,0.44241284057778,0.146392793697602,0.158147406320293,0.202193720211161,0.148329369113687,0.160822676969713,0.205393699524288
2000,0.01,80,6000009,0.1,0.270855222308307,0.394057144811975,0.339101561978407,0.119460181922951,0.135347016009483,0.165993096603328,0.120509095758144,0.136600458407298,0.167726567541745
2000,0.01,80,6000009,0.25,0.218298892607304,0.129552115791619,0.27130295611247,0.0840926694691074,0.102967814791102,0.113556191310457,0.0842643966852592,0.10288026440301,0.113866679961275
2000,0.01,80,6000009,0.5,0.208382017034001,0.223923560634534,0.24430340040785,0.068487171799709,0.0779345094705559,0.0917955898763997,0.0683085143618547,0.0778989063826668,0.0910706264410292
2000,0.01,80,6000010,0.05,-0.0349828597300169,0.0357767423837476,-0.0607166240803049,0.143551296651722,0.172704237856312,0.2239687080712,0.144780291201771,0.173612723212066,0.225829660647496
2000,0.01,80,6000010,0.1,0.127095903692163,0.356045476184281,0.173115407761723,0.110989442460367,0.119646899865798,0.163446041978298,0.111544233129374,0.120340980013794,0.164501706046378
2000,0.01,80,6000010,0.25,0.14031865737986,0.26701108174978,0.154435584537595,0.0865202867686509,0.103657548024536,0.109624791560288,0.0866320826725186,0.104436626215762,0.108530422864485
2000,0.01,80,6000010,0.5,0.0861027736369586,0.188769172714203,0.0834967102815929,0.0711075435012742,0.078326611627008,0.0957983911409038,0.0711993557297205,0.078579378303505,0.0953559946718537
2000,0.01,80,6000011,0.05,0.208792265671921,0.135325264017411,0.257218930083192,0.185510246919292,0.205324853507883,0.232763354629604,0.189611454672487,0.209309821797909,0.239564420333308
2000,0.01,80,6000011,0.1,0.217020098268885,0.248482287462994,0.273056497109573,0.12053627608611,0.142311528287119,0.156954730677827,0.121218099060578,0.143773474175943,0.158048345056935
2000,0.01,80,6000011,0.25,0.146389712119708,0.233092009823254,0.171405513137125,0.0821495538393974,0.0891245027044617,0.103482698973351,0.0823748083852184,0.0894326854823563,0.103857955717338
2000,0.01,80,6000011,0.5,0.204289488784179,0.278225966917837,0.255744867929186,0.0636746300842052,0.0682642725208512,0.0852446743907436,0.0637744766441445,0.0683988545965585,0.085439656829314
2000,0.01,80,6000012,0.05,-0.0590805873982054,0.0261734655734012,-0.0965165310752242,0.164312972011156,0.172354903961452,0.185846601108612,0.167032974179846,0.174007564702476,0.188326332190593
2000,0.01,80,6000012,0.1,0.120607341775098,0.180839668139755,0.144100923313843,0.13504060955755,0.137449671969766,0.172875188415889,0.136169577645757,0.138489430643198,0.17414130757711
2000,0.01,80,6000012,0.25,0.116824185652756,0.138920315023866,0.145260133261552,0.0866762737110276,0.0898468313625212,0.114616038286951,0.0870096898929737,0.0900425475221743,0.11518897170296
2000,0.01,80,6000012,0.5,0.123439439133317,0.161422731483717,0.145661981939883,0.0691400894765705,0.0721798318104045,0.0948969255109242,0.0692966431885601,0.0721924387279679,0.0951821548604606
2000,0.01,80,6000013,0.05,0.0298650552427032,0.21037425968416,0.0491155449237062,0.202422537205799,0.215523359992261,0.240626408091832,0.205895616199237,0.221349729214421,0.245678355199386
2000,0.01,80,6000013,0.1,0.112356879381128,0.179218963640961,0.153887346396419,0.132531262469188,0.140443528760866,0.162966073930349,0.133939424042544,0.1417832747971,0.165322628779722
2000,0.01,80,6000013,0.25,0.0806676292200789,0.20375566981097,0.10038340277207,0.0896057555939237,0.0976680891577665,0.116645855366294,0.0899479751058461,0.0982080228178009,0.117232222266565
2000,0.01,80,6000013,0.5,0.0764688395773165,0.130436628802903,0.0989110928744903,0.0676172485003471,0.0755893085181613,0.0887853490040511,0.067761121640065,0.0758056405999473,0.0890741027525683
2000,0.01,80,6000014,0.05,0.339057993111812,0.149421191021768,0.435283107397499,0.158031286220332,0.202521198842498,0.20886879835935,0.160030233112246,0.206240975013745,0.212249868531043
2000,0.01,80,6000014,0.1,0.273302630778559,0.101723302682626,0.355241577684506,0.111536700495557,0.140927158025398,0.151958959908786,0.112125443244783,0.142396711370828,0.153021061551782
2000,0.01,80,6000014,0.25,0.142813998873597,0.0468161574923857,0.188167268134062,0.0821979087729786,0.10171966758948,0.104546225283851,0.0826985517681078,0.102461283356879,0.105341361810865
2000,0.01,80,6000014,0.5,0.157147856200292,0.134655132042641,0.204135303785516,0.0615802400444755,0.0729586265577631,0.078745858424247,0.0617223763041023,0.0731444312653687,0.0790013847374133
2000,0.01,80,6000015,0.05,0.0759452965091602,0.129174838058836,0.0561224255233541,0.163382094965998,0.178518505291885,0.207852581987635,0.165104758899919,0.180264810592628,0.210168522314264
2000,0.01,80,6000015,0.1,0.0739158433945477,0.0970703109384639,0.0623555870292851,0.121749267404437,0.149894041940623,0.145719500988286,0.122601048461993,0.152281509112434,0.146576722509572
2000,0.01,80,6000015,0.25,0.197113411170757,0.220481675667493,0.236731245553436,0.0747222649894857,0.0862667775926333,0.0927589437636035,0.0750085687813507,0.0865843111058254,0.0932400605602168
2000,0.01,80,6000015,0.5,0.0877400945213206,0.0960424963158894,0.0962508447681187,0.0650230142337005,0.0763898722380739,0.0829123502315042,0.0651227029132538,0.076387281228493,0.0829535616426069
2000,0.01,80,6000016,0.05,0.187147092736006,0.100176549084437,0.288500703002026,0.155154480943689,0.188289324332853,0.218288090565254,0.158165160795632,0.192281068388738,0.223134112120497
2000,0.01,80,6000016,0.1,0.256772299065635,0.238600948542365,0.380347070752582,0.107375335334647,0.121436478530151,0.139226007531133,0.108146277517085,0.12212385975778,0.140214124407755
2000,0.01,80,6000016,0.25,0.182862914290768,0.239284505196509,0.251274212775891,0.081382137219525,0.0878782867791719,0.101594711354805,0.0817367016772027,0.0882317462803068,0.10206588598018
2000,0.01,80,6000016,0.5,0.145440993652347,0.186695105135865,0.200630824593655,0.0630049707925713,0.0721695424093487,0.0819296126139478,0.0632190060897604,0.072444497546738,0.0823662280780382
2000,0.01,80,6000017,0.05,0.00840497556939512,0.168787959086689,0.0934630766969387,0.138519650470166,0.145853308212794,0.206522085764927,0.139799228449361,0.146736902412788,0.208465241771151
2000,0.01,80,6000017,0.1,0.245273710186316,0.383089692864752,0.323272637881373,0.113293765569903,0.113518050220931,0.159453752597502,0.113798775207305,0.113817598117175,0.160166704607643
2000,0.01,80,6000017,0.25,0.202081577098998,0.280368391970819,0.253915849136361,0.0762496942926201,0.0832775606087964,0.0969533335855409,0.0763987719022058,0.0834037119221026,0.0971914846607593
2000,0.01,80,6000017,0.5,0.160818653109316,0.248843679600489,0.198747545270188,0.0602133708594834,0.0655431344675368,0.0767652014724058,0.0602944819780243,0.0656021629104277,0.0769053034381106
2000,0.01,80,6000018,0.05,0.223499852418777,0.137330199754219,0.301429921497577,0.160334027678112,0.180162845607208,0.223475515527934,0.162630745504096,0.183655062623925,0.226935780741364
2000,0.01,80,6000018,0.1,0.2403755554372,0.317906455895302,0.321093179082921,0.108517278572564,0.109879933283469,0.135153637820713,0.109359985251649,0.110893745555957,0.136398876784594
2000,0.01,80,6000018,0.25,0.233091599246247,0.27232392688995,0.300110893501265,0.07971476981688,0.0899636476057787,0.100370460612753,0.079944658625326,0.0902819991530133,0.100748028827055
2000,0.01,80,6000018,0.5,0.152290771861908,0.254747137609303,0.184487275724804,0.0635104560511564,0.0675084574356092,0.0821020650774375,0.0636113186559177,0.067614654008281,0.0822881464046154
2000,0.01,80,6000019,0.05,0.1802331685733,0.0521619625230939,0.220807655762167,0.167013427045504,0.197693547073255,0.224280899740196,0.169803773921189,0.200552702056544,0.228819975031616
2000,0.01,80,6000019,0.1,0.127779095087689,0.101658233699508,0.149917385987539,0.133974215261677,0.142944695796784,0.173403120142871,0.135314151913468,0.144109808129638,0.175313750616931
2000,0.01,80,6000019,0.25,0.186381386196853,0.150383943723532,0.215170673433484,0.0871796950644731,0.0996161439126505,0.112253136648373,0.0874322535528668,0.10001296903026,0.112689182912934
2000,0.01,80,6000019,0.5,0.180284862814651,0.152442561958912,0.223698186449412,0.0636721626962819,0.0725848188422607,0.0843534346437779,0.0637906784718108,0.0727547074404876,0.0846060707559961
2000,0.01,80,6000020,0.05,0.067583305848555,0.192991475847828,0.0939113614876879,0.150086273601185,0.167639149869577,0.234166480485099,0.151367621149737,0.168759591498171,0.236576681216533
2000,0.01,80,6000020,0.1,0.145377857750717,0.203881847336674,0.193287953231329,0.114730011746269,0.127171919000287,0.164310829462036,0.11537876529071,0.127782918913199,0.165429463314574
2000,0.01,80,6000020,0.25,0.195080196551028,0.219692978245797,0.256496604312483,0.0743300720112651,0.0857447434573705,0.0976235867586861,0.0746572215705287,0.0861846290887338,0.0983160916844321
2000,0.01,80,6000020,0.5,0.134031517885168,0.124667653497379,0.175908302610613,0.0604206011016071,0.0695446505464065,0.0793781757173111,0.0605455500911872,0.0697339555756273,0.0796350007072267
2000,0.01,80,6000021,0.05,-0.00677494595056505,-0.117824510642502,-0.00228401345611873,0.180273530425377,0.206734895729449,0.222933308562391,0.183021529068627,0.210112012386128,0.226556270917742
2000,0.01,80,6000021,0.1,0.150356700590533,0.104559830040573,0.194740068988453,0.121837533150315,0.129430868677234,0.161894410192468,0.122578756109914,0.130214511741961,0.163004418477095
2000,0.01,80,6000021,0.25,0.0938741407722534,0.152178832988335,0.129377631078596,0.0793039400582151,0.0875602392150189,0.104713463602453,0.0795994178487386,0.0878449168490766,0.10533142709231
2000,0.01,80,6000021,0.5,0.100532433175859,0.151846247772764,0.133714333718974,0.0616196837234555,0.0677792721150821,0.0795131224766538,0.0617160171479897,0.0678939806068446,0.0796810043800514
2000,0.01,80,6000022,0.05,0.348715002054282,0.3973368283904,0.430111048852313,0.141175280398041,0.152122921516696,0.202956030501408,0.142844990601432,0.154790594521388,0.204695242068817
2000,0.01,80,6000022,0.1,0.408933971299138,0.457673480502432,0.518438139608499,0.0973078688196944,0.107740138805914,0.137292542955673,0.0979429960662262,0.108843133527333,0.137723988692823
2000,0.01,80,6000022,0.25,0.273167694457108,0.382070236817082,0.356755540163842,0.0772382408999467,0.0804691384492266,0.105696144617637,0.0775495218161247,0.0806948407818257,0.106308969701044
2000,0.01,80,6000022,0.5,0.248316254443318,0.277817625074949,0.339569831746174,0.0601518892169293,0.0664998360536888,0.0782319929946004,0.0602111541187271,0.0665880258815608,0.0782673978390905
2000,0.01,80,6000023,0.05,0.401530768908068,0.48434722437785,0.528429450201027,0.148569510197136,0.174092016627021,0.213307058607307,0.149919942403939,0.174535286667328,0.215878611058999
2000,0.01,80,6000023,0.1,0.264905971967557,0.2712771665832,0.314184891123366,0.120391903750274,0.131967521763955,0.136817732727932,0.122159923774506,0.133175694918932,0.139558379539188
2000,0.01,80,6000023,0.25,0.148310753964449,0.171682753774709,0.18150375866882,0.0815528893060501,0.0958158773611427,0.10178290740618,0.081830869940806,0.0962995624026315,0.102249777570843
2000,0.01,80,6000023,0.5,0.171347150253994,0.150440357973389,0.20623197224581,0.0613636961592513,0.0744336965172689,0.0772943951749159,0.0614493590452116,0.0745239915327608,0.0774349535438391
2000,0.01,80,6000024,0.05,0.234121761193886,0.230411946686387,0.292271977820147,0.144349266354418,0.170427815663517,0.15468621701035,0.146457197075203,0.172365057369181,0.157318541174626
2000,0.01,80,6000024,0.1,0.362569981809288,0.376572276970421,0.45648006762883,0.105038043375305,0.12807916373683,0.119358771779698,0.106139733057116,0.129168067966967,0.120596356104438
2000,0.01,80,6000024,0.25,0.225851461834682,0.256887636757316,0.278229499549241,0.083269559955555,0.0921595654991638,0.103294734029726,0.083642348712965,0.0924382112543632,0.103910493147639
2000,0.01,80,6000024,0.5,0.261465647674615,0.279470509733434,0.327942414534961,0.0609803042312981,0.0671977564009934,0.0765449218335587,0.0611007647155565,0.0672867474508877,0.0767568351957809
2000,0.01,80,6000025,0.05,-0.0745804690588677,0.0202964766416603,-0.0921525057757561,0.148842829962352,0.162412708486921,0.208403267130148,0.150123300079618,0.164124459514684,0.210331499235592
2000,0.01,80,6000025,0.1,-0.0634482746518345,-0.019946695800461,-0.0862341641851485,0.115611049961241,0.128917370681667,0.163402818163806,0.116164543994305,0.129531509504955,0.16428153233361
2000,0.01,80,6000025,0.25,0.0615257965972098,0.0832665198547616,0.0836960218939204,0.0838587753312579,0.0962332403650575,0.107216527754325,0.0840273185534985,0.0965543305056111,0.107448386964625
2000,0.01,80,6000025,0.5,0.0834726806720313,0.0699781912304783,0.103747215917261,0.0631343573548094,0.073141736658484,0.0800634759915922,0.063222595130135,0.0732049119500094,0.0802102510599873
2000,0.01,80,6000026,0.05,-0.0663359615323165,-0.108392119956822,-0.0930253930063776,0.16055223553131,0.169473192074515,0.223079698929906,0.164159285138193,0.173573893659367,0.228374021511565
2000,0.01,80,6000026,0.1,0.0324468221588105,0.00928881283527605,0.0427000163023458,0.111065255496401,0.130280886588356,0.147685676497035,0.112108853620275,0.131805711481911,0.148904902600737
2000,0.01,80,6000026,0.25,0.141987175197116,0.12425385203563,0.175712070017309,0.075262615575051,0.0933549987145417,0.0938328622370586,0.0756095039849297,0.0937750099833802,0.0942788094744187
2000,0.01,80,6000026,0.5,0.0952917435182589,0.114531600261396,0.137099642178054,0.0631791316965216,0.0742991958560571,0.0812439260645831,0.0637908939262345,0.0744806387389177,0.082880337291918
2000,0.01,80,6000027,0.05,0.0993803246076432,0.263661236980741,0.149882627314379,0.148624427399594,0.138195003841989,0.203905075418715,0.150589430385979,0.139438527707164,0.207160446527723
2000,0.01,80,6000027,0.1,0.131483259893621,0.284028145497461,0.19958570226099,0.116138562388571,0.116773034324576,0.166183754227163,0.117010709394959,0.117613941125477,0.168739894223956
2000,0.01,80,6000027,0.25,0.222950346538028,0.279006118327059,0.293676915857068,0.0757653844111632,0.0896194382667252,0.10089767511085,0.0759333542579262,0.0897826183774016,0.101243275441688
2000,0.01,80,6000027,0.5,0.192748531874579,0.193731611326175,0.255079926050229,0.06198314751287,0.0753884762904479,0.0815536526671872,0.0621140681514976,0.0754683682822803,0.081833319447588
2000,0.01,80,6000028,0.05,0.0233751235325067,0.140743053240002,0.0233060231743709,0.149209557784641,0.162252458701125,0.211156378245898,0.150623648933023,0.163890858910319,0.213323918000837
2000,0.01,80,6000028,0.1,-0.0373350274965977,-0.016418592823562,-0.0499771987635298,0.110264219984866,0.12686228782939,0.15820898813282,0.110784132175908,0.127467082811036,0.15910935995564
2000,0.01,80,6000028,0.25,0.0472075636954056,0.095839541426333,0.058671753966107,0.0796598680852243,0.088990814623615,0.108962826498087,0.0798402749375496,0.0891928818763351,0.109299189248801
2000,0.01,80,6000028,0.5,0.0845589227295415,0.156305076646356,0.106486527602179,0.0602052951245076,0.0676405053113875,0.0795284179239858,0.0602795664916232,0.0677497915201249,0.0796557023763073
2000,0.01,80,6000029,0.05,0.193139413230669,0.202692937937262,0.254483896540045,0.134648373499742,0.177315422083183,0.16125062047157,0.136064623607254,0.180082113030579,0.163110931628184
2000,0.01,80,6000029,0.1,0.0234365418668485,0.0313338909220905,0.0595846609574617,0.112528880788181,0.130700089030011,0.146377001609518,0.113615104879389,0.131515943145401,0.148280496446419
2000,0.01,80,6000029,0.25,0.0619773331552975,0.0397877027638995,0.077548406824072,0.0879986068763993,0.119888052912517,0.114539738218759,0.0884733014975241,0.118876129617382,0.115183329576111
2000,0.01,80,6000029,0.5,0.145900200604815,0.114907852219934,0.171284533614586,0.0697230344219353,0.0957397814602182,0.0938800273276675,0.0697511276372681,0.0945662454898085,0.0935855972764413
2000,0.01,80,6000030,0.05,-0.159944427143874,-0.039526892259696,-0.229826994929037,0.133372655403398,0.144582617372998,0.204407106824572,0.134371899628974,0.145755246845785,0.20597204387992
2000,0.01,80,6000030,0.1,0.0334680669849501,0.121438323238309,0.0622690137400586,0.115611490499378,0.128822345816828,0.158488250381423,0.117555383756931,0.13163319193106,0.162320999696427
2000,0.01,80,6000030,0.25,-0.000296427352729167,0.0901590330905536,0.00200804545780464,0.0887498840742917,0.0951263717809655,0.117534458402042,0.0895481829249428,0.0959398457180292,0.119192789164338
2000,0.01,80,6000030,0.5,0.031722707982299,0.101823375328101,0.0327074212946384,0.0700515038475329,0.0777317182658346,0.0967598071472556,0.0705646128351295,0.0782931134885894,0.097958225669332
2000,0.01,80,6000031,0.05,0.194213445193825,0.189612509037673,0.25641297286669,0.201518897875184,0.224690433711409,0.258566723994483,0.205617931355675,0.228939828294626,0.264537996334117
2000,0.01,80,6000031,0.1,0.289412841666636,0.286505373323662,0.398802754560703,0.12572523657739,0.138948254944065,0.161857961962047,0.126912048772293,0.140156684040671,0.163625658489864
2000,0.01,80,6000031,0.25,0.297558313066449,0.30897706267734,0.390961666524475,0.078962728731847,0.0872384538112438,0.106935809025629,0.079389103641719,0.0877067581231067,0.107412256373139
2000,0.01,80,6000031,0.5,0.178773016587518,0.225733339511675,0.228623904056117,0.0709958997215323,0.0764709411571751,0.0958526842652473,0.0711457963430665,0.0766658842671631,0.0961298847468119
2000,0.01,80,6000032,0.05,-0.170512184197648,-0.0882769867555111,-0.2324496609214,0.160132878536465,0.189711381585317,0.208141141838436,0.162687054292033,0.197324850278402,0.212391129544091
2000,0.01,80,6000032,0.1,-0.069889675272051,-0.0188506907385803,-0.124511580610346,0.127839321197824,0.169976024093491,0.175942987776249,0.1291087268032,0.175358182567032,0.177658890703555
2000,0.01,80,6000032,0.25,0.0963948334649363,0.15087513542473,0.114989291832808,0.0835682309136921,0.106213266759501,0.111681459464519,0.0838157484378769,0.106792744347615,0.112217730006245
2000,0.01,80,6000032,0.5,0.105810244284684,0.147146246867764,0.145308000835908,0.0652038353462536,0.0777416465869416,0.0849568756553952,0.0652580439266149,0.0778959132314713,0.0846544130502357
2000,0.01,80,6000033,0.05,-0.116202438528126,0.0532252510353242,-0.161983693115486,0.171835469870349,0.197871331542892,0.223733522822738,0.175945457653566,0.200659118762425,0.230205954334102
2000,0.01,80,6000033,0.1,0.10367669777235,0.31101781095473,0.122832569278873,0.130011857599696,0.132060005400501,0.172934521888003,0.13144084557171,0.132989023109574,0.175294999799301
2000,0.01,80,6000033,0.25,0.198949840111978,0.318790040999732,0.240307506254192,0.0811503480582672,0.0832014602238398,0.108695523127937,0.0814531337698614,0.0834629596043826,0.109238845702446
2000,0.01,80,6000033,0.5,0.237300857440915,0.323577282696428,0.298257321863622,0.0594010008728351,0.0682813410889953,0.0769761887286199,0.0600442883414457,0.0689007208104104,0.07909806581367
2000,0.01,80,6000034,0.05,0.481580248579756,0.545099826425786,0.624398064404972,0.158689002346781,0.162832553151903,0.206277893957678,0.160762322324213,0.164154941682445,0.209244321161748
2000,0.01,80,6000034,0.1,0.280902031619474,0.336031240379625,0.363930715402526,0.113331499154839,0.122328822113119,0.147717836094082,0.114054302109236,0.122853968770866,0.14877881134847
2000,0.01,80,6000034,0.25,0.0588559386076365,0.134688802634432,0.0795323622933939,0.0856419368795112,0.0959577554348455,0.113535575945988,0.0859320554882297,0.0961816496074395,0.114078031875395
2000,0.01,80,6000034,0.5,0.0584473233403554,0.0869712860668349,0.0751614037741776,0.0658197462270139,0.0757406066284802,0.0868339148917481,0.0659328796202828,0.0758584679213524,0.0870608148736489
2000,0.01,80,6000035,0.05,0.137586482072709,0.240966475139076,0.145700855568334,0.172312284939435,0.155813632638253,0.217811460751819,0.172134282625706,0.155351513509766,0.215720200279507
2000,0.01,80,6000035,0.1,0.296208605649313,0.357399059793592,0.382101170957681,0.11901721795296,0.116083554828844,0.151512744516751,0.120650677436798,0.117059447694043,0.154438428680632
2000,0.01,80,6000035,0.25,0.257570877300108,0.35209866161917,0.346771315263248,0.0745374082372638,0.0750238070828805,0.0887517222299927,0.0752243661465307,0.075977437990069,0.0891493166050789
2000,0.01,80,6000035,0.5,0.209566545425932,0.301891530384352,0.286642653232015,0.0652586135095466,0.0673088975257349,0.0818207169577287,0.0660608467422886,0.0680581944107936,0.0826879990080363
2000,0.01,80,6000036,0.05,0.117286225207999,-0.045857058408613,0.0655247905876157,0.140883306542821,0.14654754783452,0.15925520338202,0.141517252656863,0.146590383380177,0.161123519585723
2000,0.01,80,6000036,0.1,0.175280104513872,-0.0364040824963239,0.177738606674087,0.114517044754618,0.1197189477492,0.151991748208531,0.115452561478049,0.120078687480017,0.154443316747007
2000,0.01,80,6000036,0.25,0.277571330400631,0.225729104543397,0.368353848184668,0.0751013157664846,0.0913098645014951,0.0940501502499571,0.0755950889378429,0.0917212919749525,0.0951110269017426
2000,0.01,80,6000036,0.5,0.154329696053455,0.141366129190591,0.209039864809869,0.064317752798212,0.0758880376087297,0.0851573409996259,0.0644579201339079,0.0759675702596125,0.0854935098768985
2000,0.01,80,6000037,0.05,0.112137734736896,0.173189304070558,0.175217687875198,0.178300898295838,0.197148348904161,0.192127688682056,0.182675947941817,0.201022426227101,0.198208839760228
2000,0.01,80,6000037,0.1,0.246858641330735,0.145972863804999,0.337131599452003,0.119771343128645,0.156473553668076,0.152075157294817,0.121013418172267,0.158033886942538,0.154253784944376
2000,0.01,80,6000037,0.25,0.165771262113477,0.163821406816083,0.205664151398107,0.0852100482785705,0.0989698066406903,0.113106749342056,0.0854199811271974,0.0993177730828858,0.113437109583591
2000,0.01,80,6000037,0.5,0.127066047213906,0.140355321922085,0.138437345336256,0.0693744266416599,0.0765098339880169,0.0942467034777669,0.0694748961061524,0.0766276510430425,0.094437029694133
2000,0.01,80,6000038,0.05,0.181223863590933,0.272554282831866,0.219478663203865,0.165737926100532,0.144188000714106,0.205992615681095,0.169091427698705,0.145586427749129,0.211115982849712
2000,0.01,80,6000038,0.1,0.160543446319517,0.170682749005117,0.200957350017733,0.118045602062355,0.116600844692697,0.157339611014882,0.119133793301272,0.117477891864759,0.158928781765524
2000,0.01,80,6000038,0.25,0.213808777317416,0.228182763940235,0.265945423431866,0.0738186432646395,0.0808522977485905,0.096561603946495,0.07401977818767,0.0810999354170095,0.0968472400150271
2000,0.01,80,6000038,0.5,0.0851884608817601,0.10585152419155,0.0973485707231118,0.0665183014126302,0.079548615078262,0.0883369952263092,0.0666326597927061,0.0797729416886613,0.0885098896303573
2000,0.01,80,6000039,0.05,0.0143229535292285,0.206813111339403,-0.0111465768841843,0.196319621391806,0.201519749417664,0.253862112023042,0.198685107137909,0.204334542921475,0.256730542097687
2000,0.01,80,6000039,0.1,0.0238468035343562,0.15280096267153,0.0429435095926561,0.128359118844819,0.142014929165284,0.150021436214927,0.129511277666777,0.142848635993066,0.151818048492853
2000,0.01,80,6000039,0.25,-0.0144859083865335,0.0560487878618022,-0.0153715184888134,0.0868188185119498,0.0990435565632001,0.107676151563621,0.0871255475450689,0.0994395707906921,0.10815574235163
2000,0.01,80,6000039,0.5,0.118842073711211,0.182525876062274,0.141028999162968,0.063608950400687,0.0716491549048186,0.081771668213099,0.0636958049314502,0.0717742514373802,0.0819142769697238
2000,0.01,80,6000040,0.05,0.116770578094083,0.172967255087359,0.140052548121853,0.162332514197435,0.159602588545086,0.222641764998902,0.164550028015438,0.161395534539329,0.226164206463996
2000,0.01,80,6000040,0.1,0.328111265606681,0.358366275085084,0.435307492184618,0.119996588698823,0.122665960957403,0.166138272868263,0.12059726966344,0.123218771022994,0.167143009026458
2000,0.01,80,6000040,0.25,0.175692605906755,0.209449977328723,0.212434729554241,0.082443034642672,0.095575229155045,0.102644277690571,0.0827845279768049,0.0958932872591891,0.103287468717702
2000,0.01,80,6000040,0.5,0.174385078837823,0.17840166472668,0.222570186770298,0.0627617358081861,0.0729097164173748,0.0812286267978488,0.0628841941930947,0.0730202922396328,0.0814756770209167
2000,0.01,80,6000041,0.05,-0.103241319933998,-0.119667045172373,-0.148199736875899,0.179074982845242,0.19571287431946,0.223024906024144,0.181707712685832,0.19908276590566,0.226712849025902
2000,0.01,80,6000041,0.1,-0.193952844239152,-0.21112272888646,-0.251990185119001,0.130801697362583,0.14364257027204,0.170356289426852,0.131681434188459,0.144873980478507,0.171722166268205
2000,0.01,80,6000041,0.25,-0.0179569861670348,-0.0397119168061733,-0.0205932123173302,0.0980092593568421,0.107247719206579,0.130134794986034,0.0985562981135043,0.10783451540786,0.130783926571046
2000,0.01,80,6000041,0.5,0.0416231780018166,0.0412502155391788,0.0586248269415361,0.0703806341472831,0.0770653854555609,0.0936133505343349,0.0706025112853926,0.0771940606272445,0.0941820737523473
2000,0.01,80,6000042,0.05,0.362262145729859,0.3828817289139,0.468946378004009,0.1678441358851,0.151367429407803,0.229417754061318,0.170756330290128,0.152740134413436,0.234208101621571
2000,0.01,80,6000042,0.1,0.400924083374047,0.452382039661095,0.524738579381167,0.123680108377204,0.125634178607117,0.164256877029211,0.124459964266822,0.126849187645679,0.165495694070969
2000,0.01,80,6000042,0.25,0.328113084118906,0.392033519377743,0.431931724155831,0.0773629948931013,0.088713556327557,0.0998281400739753,0.0774436344702398,0.0888205473017746,0.0999087373008014
2000,0.01,80,6000042,0.5,0.231800459554361,0.213117949590061,0.300866519503651,0.062126827701799,0.0748871820411059,0.0811553268257908,0.0622001411267262,0.0749851752791471,0.0812553180542336
2000,0.01,80,6000043,0.05,-0.106976748951124,-0.138679872506252,-0.161379624148671,0.190679984218591,0.185850253884963,0.275423178374452,0.196732908678393,0.187322338218234,0.285448969366045
2000,0.01,80,6000043,0.1,0.0370835180776182,0.0816946531658621,0.030407817528499,0.139660831122448,0.149837115212526,0.191160815409716,0.141259917271605,0.150765746363486,0.193965557750671
2000,0.01,80,6000043,0.25,-0.00106615235192059,0.0356774371108626,0.0105700107330147,0.0814063679246518,0.0940375910874639,0.100531338966239,0.0817772772054197,0.0946541272156159,0.101135494792534
2000,0.01,80,6000043,0.5,0.0315756610013276,0.0438051258293788,0.055361516901302,0.0636216584580139,0.0732742553811143,0.0809205753386201,0.0637676561984594,0.0735530954025209,0.0811737464472568
2000,0.01,80,6000044,0.05,0.0739636207488988,0.0778124451196716,0.119593274307061,0.147275402986907,0.166007278152401,0.222940020478575,0.148030296409591,0.166884739396086,0.224148288672321
2000,0.01,80,6000044,0.1,0.203737879318843,0.165517992372281,0.263470047980458,0.120046270850471,0.136389764957692,0.16681572476458,0.120735623021988,0.137043892298973,0.167914492434828
2000,0.01,80,6000044,0.25,0.179102869115195,0.228936082107457,0.239294537575888,0.0834715763962013,0.0919506212682471,0.114671788592052,0.0837739388399878,0.0921779076863559,0.115242884959163
2000,0.01,80,6000044,0.5,0.223134266737136,0.264447581416364,0.283749959859918,0.0610226789460787,0.0683422293282268,0.0790921828000509,0.06113046187024,0.0684999329758777,0.0792933489983368
2000,0.01,80,6000045,0.05,0.0803116058886655,-0.138351771999416,0.111144971136492,0.160743549475935,0.175720938620171,0.237789069766318,0.161483738408674,0.17714120710135,0.238711581034203
2000,0.01,80,6000045,0.1,0.157859566850054,0.103784048689809,0.198472774557927,0.113989912036142,0.139456094308878,0.165440421854894,0.114489207507211,0.140186389239337,0.166431138659964
2000,0.01,80,6000045,0.25,0.193212569403062,0.225234166875746,0.236180961731464,0.0810750211948825,0.0991634204828716,0.104670632852547,0.0815343251676549,0.0998293931828855,0.105589327489311
2000,0.01,80,6000045,0.5,0.142855109456007,0.18010369339232,0.185072038050093,0.0615571829953205,0.0706659130873615,0.0814022503241677,0.0617381788554471,0.0708275781561537,0.0817719721619132
2000,0.01,80,6000046,0.05,0.265435462660094,0.50126486027116,0.331299348917262,0.147829745834452,0.152693635029857,0.202866168545123,0.149336024074016,0.154102399265028,0.205141057938922
2000,0.01,80,6000046,0.1,0.371678843579291,0.431666804496804,0.484025052423472,0.107129746843801,0.118020643000456,0.138137051258143,0.107807722358046,0.118561916150582,0.139131847040776
2000,0.01,80,6000046,0.25,0.206511912459476,0.247186292211442,0.254061655579229,0.0863721112564986,0.0898156667260247,0.118809126492529,0.0869153185258085,0.0901208849676862,0.120036699849005
2000,0.01,80,6000046,0.5,0.184985980042528,0.178046757895512,0.224940744623611,0.0666361112824847,0.0722577205245731,0.0897985098382969,0.0667762607839365,0.0724012653110466,0.0900988335982949
2000,0.01,80,6000047,0.05,0.250222857667072,0.197108378516099,0.28094569784574,0.146891786151784,0.145318693935407,0.169405216715497,0.150411411549163,0.148355704964983,0.17411383258904
2000,0.01,80,6000047,0.1,0.354770532317344,0.291314002953425,0.39658969939285,0.128721882094989,0.139798762264071,0.152415428775057,0.131136134231219,0.142417051429612,0.156315681988856
2000,0.01,80,6000047,0.25,0.351774737711465,0.28402270472324,0.441564875102501,0.0770336285658611,0.088492586410652,0.102664874491429,0.0775135336694789,0.0893095082923823,0.103700328955209
2000,0.01,80,6000047,0.5,0.270197398377461,0.263214042696197,0.350350134066623,0.0584002436845026,0.0721589930076579,0.0768410374363111,0.0585539105453784,0.0726142018668086,0.0771838740309654
2000,0.01,80,6000048,0.05,-0.108900634581184,-0.0628489792261566,-0.143207113661156,0.156191587531173,0.170079127913051,0.245176736469331,0.157332239914241,0.170789279710315,0.247286758296054
2000,0.01,80,6000048,0.1,-0.0536002622210259,-0.0200956268899348,-0.07757461979036,0.113513343157429,0.124363478364327,0.150662724851896,0.114158296740623,0.124981646447085,0.151705477370949
2000,0.01,80,6000048,0.25,-0.0431557654344206,0.007631823541904,-0.0627151772519612,0.0829205447684122,0.0898318030626704,0.111174581726125,0.0831494755300192,0.0900561481693893,0.111593019287266
2000,0.01,80,6000048,0.5,0.0617409876003552,0.0904420334126849,0.0755911215472852,0.062990349909431,0.0696757466936001,0.0796745012156223,0.0634571418503747,0.0704437168059854,0.0805931427678437
2000,0.01,80,6000049,0.05,0.180065672966705,0.167381945151461,0.245142443816243,0.159781024900637,0.153877489913949,0.222496725335794,0.161341268623807,0.155417176723275,0.224568830028725
2000,0.01,80,6000049,0.1,0.104693993465838,0.0664219390356405,0.117516127844024,0.133225627784421,0.17564037243655,0.166439660827687,0.135466424055517,0.18133452067208,0.16977805236208
2000,0.01,80,6000049,0.25,0.113703023591611,0.138596311167932,0.145501568891756,0.0827676065511657,0.10494081569993,0.103754302134107,0.0830562033053398,0.105478579291181,0.104074366634397
2000,0.01,80,6000049,0.5,0.172015966447966,0.169945142036086,0.222776361628755,0.0653353237762913,0.0773539100914049,0.0836460583305493,0.0654710488049867,0.0775368028237433,0.0838507621565962
2000,0.01,80,6000050,0.05,0.15635251662217,0.206501823228468,0.214246938736484,0.143568798338432,0.158401600349429,0.194469715216388,0.145362308147373,0.159780427020122,0.197034509277414
2000,0.01,80,6000050,0.1,0.195013866334602,0.314517919312534,0.250505345464628,0.114851036608,0.129299775833228,0.143865368695521,0.115981731696827,0.130434749907678,0.145592771201165
2000,0.01,80,6000050,0.25,0.0255266731340237,0.0885942489246954,0.0315748569299877,0.0807695215421274,0.0885310049968634,0.0986567201935283,0.0810584388924841,0.0888608220105821,0.0991594877986369
2000,0.01,80,6000050,0.5,0.0585762793548945,0.159351908383449,0.0836787688920101,0.0630267678562586,0.071401302068694,0.0802187875294618,0.0631406897795486,0.0715446647964098,0.0804119139330354
2000,0.01,80,6000051,0.05,0.207039785467535,0.239519120938543,0.238914645888199,0.149675562257687,0.168393074207658,0.205909211046504,0.150720145224644,0.169885733393816,0.207135746767944
2000,0.01,80,6000051,0.1,0.134796715077986,0.223517707987619,0.178804564007876,0.123300155146973,0.132054441749445,0.150606072739484,0.124428698627227,0.13362483261339,0.152217947133189
2000,0.01,80,6000051,0.25,0.180984114396994,0.275299365259131,0.23428865787929,0.078923826511853,0.0824497824094757,0.101302878584276,0.0791959032021697,0.0827722904598966,0.101728417388859
2000,0.01,80,6000051,0.5,0.14372978836031,0.214594952250333,0.180350408278474,0.0618910533338257,0.0656472819170599,0.0795792542383781,0.0620087949199412,0.0657735287835805,0.0797888451321643
2000,0.01,80,6000052,0.05,0.145215622524292,0.212183730379321,0.179907856206429,0.164028470141439,0.171908361849937,0.227929830655637,0.166178165311593,0.173270907221861,0.231096867514463
2000,0.01,80,6000052,0.1,0.224072347869775,0.228933392165407,0.290604462563705,0.121621871734112,0.134608604441413,0.164363454805323,0.122284010417431,0.135374763446702,0.165050089860505
2000,0.01,80,6000052,0.25,0.284958171542541,0.297410430945747,0.367890895753997,0.080359313734178,0.0877764655224675,0.102941988138188,0.0806270921189105,0.0880235834880801,0.103405468525087
2000,0.01,80,6000052,0.5,0.271738887399982,0.265375622188518,0.350872732811235,0.0617593514575488,0.0682947670284204,0.0812511682380393,0.0618714226705975,0.0684124315858869,0.081475047171403
2000,0.01,80,6000053,0.05,0.0969695662093738,0.138559473660692,0.148057106896852,0.171621498977177,0.187990829222765,0.225145028044433,0.174049737157122,0.189873983789311,0.228450090160824
2000,0.01,80,6000053,0.1,-0.00490642835762045,0.0967120876099494,0.00744476797027793,0.118479528940903,0.126029355208264,0.160474091370222,0.119370984999938,0.126657719228219,0.161994215144919
2000,0.01,80,6000053,0.25,0.0964119195685247,0.173754823236039,0.144926540259008,0.0797022774837569,0.0927375056455648,0.107081723530586,0.0799817125269654,0.0929200856429268,0.107630424121322
2000,0.01,80,6000053,0.5,0.149653488246512,0.267176327841182,0.21477572458705,0.0606167816877792,0.0666917589854881,0.0799580976296482,0.0607217824966447,0.0667799936351564,0.0801558891029982
2000,0.01,80,6000054,0.05,-0.0190511612729861,0.161882696922688,-0.0660520341982888,0.166219186381816,0.199321415249259,0.187363919708509,0.163712508558863,0.201942936285649,0.177907513977668
2000,0.01,80,6000054,0.1,-0.0229763495166063,0.0157462998179879,-0.036049700611012,0.115643672801818,0.130485736025856,0.146555308158099,0.115334630180329,0.130621931800314,0.145002539899069
2000,0.01,80,6000054,0.25,0.0266702566286384,0.0845237521126856,0.0304206102050557,0.0860767026474918,0.0965679489806948,0.112025049014586,0.086193877902652,0.0965718208962814,0.112070315820517
2000,0.01,80,6000054,0.5,0.0799995491255563,0.128415026438789,0.101587173535821,0.0654818556942301,0.0707895995337031,0.0864594829573261,0.0654671306743641,0.0708555499885658,0.0863186973503954
2000,0.01,80,6000055,0.05,0.0981744730513491,0.226531509707649,0.107979878647834,0.155843500328594,0.167422194376658,0.232269529875591,0.157036123967778,0.169607218044109,0.234166587324415
2000,0.01,80,6000055,0.1,0.105318285363537,0.120306989800455,0.117621112678029,0.11586731801276,0.129108207701096,0.161857588438016,0.116285785160029,0.129745744891591,0.162534484051002
2000,0.01,80,6000055,0.25,0.122593075870763,0.132924362824423,0.135524013891931,0.0807114971282196,0.0919871973759317,0.102725278363284,0.0808896801040779,0.0921645029339289,0.103000313880713
2000,0.01,80,6000055,0.5,0.136012373068411,0.176847948508682,0.16981375416385,0.0634944323867985,0.0704316396567232,0.082012949874263,0.0637033190535828,0.0707401790572118,0.0824911770180552
2000,0.01,80,6000056,0.05,0.418589552518881,0.521249026302935,0.507075839555766,0.100836410669147,0.111092428203491,0.111445059073989,0.101745861486865,0.11207787797207,0.112570385560793
2000,0.01,80,6000056,0.1,0.31105543649473,0.401695016822124,0.410921798608447,0.0884375682867908,0.102590448762396,0.114354603931566,0.0888756144782944,0.103225446856005,0.114966578907169
2000,0.01,80,6000056,0.25,0.280233698593011,0.305540627383078,0.363397133801567,0.0603584338928162,0.0726601449976856,0.0747455251035449,0.0604970860638358,0.0728421041899582,0.0749488009729924
2000,0.01,80,6000056,0.5,0.295579181485037,0.316268938424877,0.374325112161853,0.0504684052747181,0.0608664440948009,0.0619391044913981,0.0505434529207931,0.0609486499174571,0.0620653535712599
2000,0.01,80,6000057,0.05,0.268401006777891,0.439684489310471,0.348562066287473,0.139838137880477,0.160178421729831,0.208289857975132,0.141469344468304,0.161938616985436,0.210872859826869
2000,0.01,80,6000057,0.1,0.0476249317433639,0.0521460468603072,0.0404357910118711,0.144947979820906,0.17088740721049,0.189415459402482,0.147020234053521,0.172451822650844,0.193689669963695
2000,0.01,80,6000057,0.25,0.147868373300069,0.173232821858384,0.190057368474396,0.0889237442812274,0.105169256602981,0.118857090765927,0.0894481911225556,0.105884588327997,0.119999918242875
2000,0.01,80,6000057,0.5,0.0156553091448726,0.0226709985384781,0.00324112728051207,0.0693919231637198,0.0779915385875666,0.094677926505002,0.0695634399566901,0.0781585122665805,0.0950340640667569
2000,0.01,80,6000058,0.05,0.0916164293388406,0.166237553746909,0.111051295117898,0.153900904040933,0.169490899703573,0.173717754270785,0.155200898325452,0.171181770973674,0.174901798980037
2000,0.01,80,6000058,0.1,0.0552634601451783,0.130934576141524,0.0602439711416155,0.115465453851046,0.125658709409877,0.135840027046272,0.115130975367186,0.12625087549679,0.134284098800029
2000,0.01,80,6000058,0.25,0.0689923715273616,0.160645721006501,0.0763089081066689,0.0868921942808755,0.0919120931038528,0.110715600441306,0.0869182925412227,0.0921446697857594,0.110405858988237
2000,0.01,80,6000058,0.5,0.10131395860984,0.178651411314505,0.124025125726395,0.0684352240469621,0.0719955194574444,0.0932390630210262,0.0685034703369834,0.0721029177068775,0.0932881246204591
2000,0.01,80,6000059,0.05,0.23634261321561,0.29879670319692,0.348001360394578,0.149720677008869,0.17710664951968,0.224501018001609,0.153369909318451,0.180066237307246,0.230926312688475
2000,0.01,80,6000059,0.1,0.117396438835959,0.166389588825882,0.157709386893171,0.121474613956357,0.134353169190585,0.168972136201918,0.122992766439412,0.135581696379961,0.172030654220626
2000,0.01,80,6000059,0.25,0.202325174804517,0.330577522191091,0.259064984756395,0.0794646593381647,0.0823986447152021,0.102142857203483,0.0797821097054163,0.0826823714250616,0.102766925902744
2000,0.01,80,6000059,0.5,0.204376561497687,0.325946742517679,0.257243570291416,0.0648113271245094,0.0679670341844251,0.0855778550264323,0.0649684006601288,0.068124308179961,0.0859116725421972
2000,0.01,80,6000060,0.05,0.105832796888544,0.175749221165191,0.137799912397163,0.161741305888355,0.159225057799238,0.175496211628254,0.164137591083664,0.161090574151929,0.178402923598919
2000,0.01,80,6000060,0.1,0.163657335434178,0.268347215863488,0.208899089405822,0.111751855383246,0.107488291269919,0.130070291930437,0.112456697198933,0.108072311397423,0.130986592527175
2000,0.01,80,6000060,0.25,0.18787100958122,0.243742402682061,0.241379463193585,0.0738520578595915,0.0870249730702928,0.0922549493423218,0.0740673346857963,0.0876824195004136,0.0926096143428404
2000,0.01,80,6000060,0.5,0.21015237549351,0.256242651308835,0.266746869954105,0.0583070814278689,0.0663562301944894,0.0740294768935648,0.058421731948071,0.0665954372121555,0.0742454043841717
2000,0.01,80,6000061,0.05,0.32513295598279,0.463723685819725,0.39628309654185,0.138397090745202,0.133062368828909,0.187903514993717,0.140272420787302,0.134981582245558,0.191151813847023
2000,0.01,80,6000061,0.1,0.28352019955469,0.472133470949038,0.38342625521932,0.101955066580052,0.098038330065423,0.141858717258693,0.102452491000508,0.098542957286642,0.142749428913502
2000,0.01,80,6000061,0.25,0.220289591515718,0.332877397094989,0.316824594201593,0.0771817744564381,0.0826836082186575,0.10673601257404,0.0773619067185136,0.0828606337648516,0.107071620913973
2000,0.01,80,6000061,0.5,0.211330935526681,0.309689112826597,0.290499038649581,0.0600443779179221,0.0634197514873386,0.0777559878841578,0.0601858441824812,0.0635760973290611,0.0780171614199543
2000,0.01,80,6000062,0.05,-0.11458942988556,-0.0397883901903573,-0.16633720677968,0.147822301409211,0.174650076982344,0.215942881909537,0.145723301649554,0.186491601193423,0.213075743911606
2000,0.01,80,6000062,0.1,0.0599516305260166,0.134762333304615,0.0429485999602158,0.111781676869375,0.122260992627877,0.153457638418085,0.109931970750958,0.127579992036337,0.15077707098298
2000,0.01,80,6000062,0.25,0.176912981068877,0.156077410606413,0.206781665016683,0.0830591828016478,0.09794487470002,0.101863061068674,0.0831609297372535,0.0941319776075365,0.101873555727371
2000,0.01,80,6000062,0.5,0.193247547602855,0.193273400414119,0.238580528147276,0.0617754655072302,0.0777543799177758,0.0776958845879506,0.0618223215305677,0.076486889506173,0.0777326051359117
2000,0.01,80,6000063,0.05,-0.0185047039052556,0.0122632322737298,-0.0152763997279617,0.144741954798496,0.173625807782213,0.182392700557237,0.147018929586429,0.176265433538195,0.185574362752725
2000,0.01,80,6000063,0.1,-0.00701237687706102,0.012979671502773,-0.0178850158015115,0.116536368578569,0.136015751632284,0.154619762965275,0.11767652842833,0.136891324345524,0.156609834077379
2000,0.01,80,6000063,0.25,0.0149524000096094,0.0229189790314669,0.0282579389112467,0.0788911837760761,0.0894443439421701,0.101631122608182,0.079455848717782,0.0902420156028971,0.102670081553776
2000,0.01,80,6000063,0.5,0.158444840230606,0.187158920927401,0.204098148337727,0.0601164500974797,0.0687972818437332,0.0769210114724817,0.0602456422714149,0.0690479167950913,0.077166966240722
2000,0.01,80,6000064,0.05,-0.166050810593783,-0.335036503773432,-0.194618746755068,0.159548087018615,0.17425039713521,0.209118167958843,0.162165785868069,0.173216835044937,0.212172718096894
2000,0.01,80,6000064,0.1,-0.0972219398911996,-0.168222204589481,-0.111725594007326,0.121760936369177,0.15821075701168,0.166898311188915,0.122577627542801,0.158540344626634,0.168009472769734
2000,0.01,80,6000064,0.25,0.195300121870553,0.150938201344505,0.252216489756388,0.0811546206034629,0.102696225285268,0.104446753237107,0.0814101243100335,0.102652139763894,0.104847621769303
2000,0.01,80,6000064,0.5,0.101509064526699,0.126185897752334,0.131644820600914,0.0617971918111678,0.0729774895619929,0.0795575985322508,0.0618967093480254,0.0729859974507837,0.079713942253258
2000,0.01,80,6000065,0.05,0.236935722313296,0.309857774285945,0.258857631074044,0.173598255351432,0.181801939658306,0.192454485862264,0.177650725546145,0.186392262878496,0.198559518246542
2000,0.01,80,6000065,0.1,0.216002147668338,0.255411466799293,0.244314550242263,0.119442534447861,0.138951036320611,0.134082255160523,0.120386387601777,0.139700637060838,0.135426929620094
2000,0.01,80,6000065,0.25,0.177730898057099,0.194087765447951,0.214174650485093,0.0795163686872635,0.0905869423656062,0.102708659701778,0.0797495593612083,0.0907914414829792,0.10309251005278
2000,0.01,80,6000065,0.5,0.151514142511533,0.18704807434171,0.181758655429002,0.0620054032240698,0.0695931934539465,0.0807551533298152,0.0621252237480336,0.0697220477823262,0.0809652786397542
2000,0.01,80,6000066,0.05,0.500044034472429,0.576267808936673,0.64233122820428,0.12423611803599,0.149499819940728,0.155051267656171,0.129175854990702,0.15286981388178,0.160928358239189
2000,0.01,80,6000066,0.1,0.135137446744805,0.132928623247995,0.202463730612902,0.140838272618505,0.155515342043558,0.193794888274833,0.143680532821874,0.157500339122706,0.198791579616824
2000,0.01,80,6000066,0.25,0.0706588171315602,0.017669090560152,0.0807274942664774,0.0970950427198829,0.113535639017067,0.132301462651175,0.0978035817222031,0.114251956454731,0.133558161322882
2000,0.01,80,6000066,0.5,0.0600296215577943,0.0408669695066021,0.0792640585197624,0.0709901723093882,0.0812221894217605,0.0966915448036465,0.071181245740525,0.0814937191205933,0.0971302537575279
2000,0.01,80,6000067,0.05,0.374121608382951,0.307885205319277,0.471891570975662,0.121503266768454,0.145363802755359,0.150522300334822,0.122665515075806,0.14673070901616,0.152162057448495
2000,0.01,80,6000067,0.1,0.278478482636443,0.19792853515097,0.369145506613149,0.100171415753964,0.122707434472198,0.116193008502949,0.101169482092836,0.123618935558178,0.117589922789923
2000,0.01,80,6000067,0.25,0.27034079031401,0.307221618321488,0.355082493181965,0.0728461676083476,0.0825618262044623,0.0881367160176111,0.0733964911465343,0.0828747000047722,0.0892954431836653
2000,0.01,80,6000067,0.5,0.17813483289721,0.205256382212484,0.245203432289112,0.0653424527009221,0.0687402268094643,0.0853974033169748,0.0659205395847316,0.0689227122850118,0.0869128286725813
2000,0.01,80,6000068,0.05,-0.0109302733126936,0.0845104431111739,0.0110509772842815,0.13863984092736,0.148065589617555,0.174466666316806,0.139824549890389,0.149449112260895,0.176125111212163
2000,0.01,80,6000068,0.1,0.0397268162226362,0.109074779073782,0.0779384633053433,0.109771820095563,0.12203273246349,0.140456096817828,0.110391265208613,0.122685515001458,0.141414867298438
2000,0.01,80,6000068,0.25,0.205896008926564,0.257793061259293,0.280700365688445,0.0774361160609389,0.0856536323725378,0.098895954636936,0.0775860565274165,0.085838382723983,0.0990974963133549
2000,0.01,80,6000068,0.5,0.193724468596376,0.239931102228686,0.258009327484442,0.0602647989247589,0.065920973479238,0.0765013953628236,0.0603353353998391,0.0660026248110688,0.0765716045721044
2000,0.01,80,6000069,0.05,0.447932419975539,0.463316029903778,0.563912096331449,0.158339326269962,0.229515621637706,0.200319756652632,0.160902745307472,0.231334126228145,0.204709960086384
2000,0.01,80,6000069,0.1,0.466034847806043,0.511992057375456,0.596363924826497,0.103643440481547,0.146780072014982,0.136491428030456,0.104196235211367,0.146852126274147,0.137355867676441
2000,0.01,80,6000069,0.25,0.280792212414375,0.367757659585396,0.363429454807498,0.0757560660588488,0.0908015837330597,0.0982494597989576,0.0759957557176044,0.0915591300812417,0.0986999719926724
2000,0.01,80,6000069,0.5,0.287434715204623,0.319899645229659,0.365216078374527,0.0612092806714547,0.0754168699141891,0.0802838388209549,0.0612934226288297,0.0756149491190902,0.0804156461387645
2000,0.01,80,6000070,0.05,0.400391156531336,0.683868198303438,0.453255430916761,0.20978883465837,0.201438166729497,0.214356063752341,0.217019684283244,0.205690309539831,0.225590095557325
2000,0.01,80,6000070,0.1,0.315444842680866,0.529485835716209,0.403989339835877,0.128156146498437,0.121870766885506,0.167035999657313,0.129499484287834,0.122862983473423,0.169582578810551
2000,0.01,80,6000070,0.25,0.237315981966791,0.364478524248523,0.299367269182547,0.0873363816902197,0.101712461694763,0.111852503325408,0.0872090968199219,0.101918543345465,0.112070705872229
2000,0.01,80,6000070,0.5,0.223579867044703,0.286286020971225,0.289102941675916,0.0658517564234282,0.0752190813204154,0.0861649500305677,0.0659139941051222,0.0753384345746616,0.0863527390922457
2000,0.01,80,6000071,0.05,0.453141853713782,0.620287795160719,0.594166130848517,0.188193376883929,0.19234057612944,0.271434547854566,0.191443707306964,0.195725399323895,0.276925427139302
2000,0.01,80,6000071,0.1,0.297362102588483,0.442935153770309,0.338211713157693,0.144286168525627,0.144442092708108,0.181900693671492,0.14571844505357,0.14574806882455,0.183762148486604
2000,0.01,80,6000071,0.25,0.287033024978333,0.412166161058792,0.356930589250863,0.0916563641911949,0.0931262379351322,0.124276784037592,0.0921571742109628,0.0934729913370507,0.125422230319491
2000,0.01,80,6000071,0.5,0.284399985759796,0.348559191990723,0.358613598539895,0.0645215904353649,0.0704011962862216,0.0838736454897375,0.0646875638087384,0.0705551227402585,0.084214346348807
2000,0.01,80,6000072,0.05,0.0618541581128498,0.25854453403696,0.0674214435495984,0.160502219911025,0.154162485921931,0.20951275327279,0.16528189168027,0.155872333449118,0.216910623560117
2000,0.01,80,6000072,0.1,0.226779440337201,0.33245659831193,0.268474442208264,0.122583579236347,0.12611679735558,0.155693915293873,0.123598250033527,0.127445680033994,0.157184260383293
2000,0.01,80,6000072,0.25,0.203079970648325,0.27087209507423,0.237941403133734,0.0880483720119108,0.0925354016532234,0.114568855406816,0.0886770200199331,0.0937834763573672,0.115868465585428
2000,0.01,80,6000072,0.5,0.147311912549152,0.205303634781157,0.166414846407572,0.065817324343652,0.0774691756747403,0.0878161104336382,0.0660314615549181,0.0785384595179603,0.088375804035679
2000,0.01,80,6000073,0.05,0.124694600394978,0.250505689844514,0.18494100599224,0.162728696121506,0.152293841608708,0.20164674219169,0.169305751137837,0.154863768762173,0.212424388860524
2000,0.01,80,6000073,0.1,0.203921753359268,0.218395659603455,0.279092017669427,0.108233037982101,0.108828760950099,0.140829476750792,0.110178900174306,0.109764143177834,0.144735089938301
2000,0.01,80,6000073,0.25,0.064781340196724,0.0102255597806404,0.0602879923713859,0.0975355760708469,0.0987819032230465,0.127932331999166,0.0976104112431938,0.0945591281948114,0.126849566252951
2000,0.01,80,6000073,0.5,0.122306753270579,0.12063099069731,0.148204615153816,0.0687542954181479,0.0835121173540421,0.089863232368122,0.0688619464483239,0.0827237267687571,0.0899695618465019
2000,0.01,80,6000074,0.05,-0.283711928286479,0.0294729381297573,-0.391117248038648,0.160659764859057,0.182929643895225,0.267170199842136,0.162462036256335,0.184795678617081,0.270923780784249
2000,0.01,80,6000074,0.1,-0.0159603695837437,0.0460148474471673,-0.0286352419007698,0.131750679595638,0.160274844609751,0.174926994642359,0.132390826349863,0.159330522569511,0.175700085466171
2000,0.01,80,6000074,0.25,0.0912534865630836,0.202220872404053,0.121368365403596,0.0875737572609233,0.102836491888086,0.120486050846664,0.0882393557754546,0.102996384320538,0.122012137574542
2000,0.01,80,6000074,0.5,0.107632154245718,0.182143848442017,0.150712500540218,0.0647346035872252,0.076006310676191,0.0868921973956625,0.0649048524698713,0.0762222655079112,0.0872504953835807
2000,0.01,80,6000075,0.05,0.131803885186337,0.0280267323541763,0.133330025898896,0.141657522777328,0.169248759831964,0.196283783890278,0.142861310567661,0.170826598529083,0.198255818313056
2000,0.01,80,6000075,0.1,0.270716505097391,0.295547436396797,0.37409291491509,0.108473069641836,0.14342426701755,0.149586204194446,0.108880143617636,0.145583843278427,0.150130945582803
2000,0.01,80,6000075,0.25,0.0181639620274003,0.0097932384599238,0.0108420775382719,0.0832882529713191,0.100037600645334,0.108722963890381,0.083503991054408,0.0994642234904845,0.109009321339484
2000,0.01,80,6000075,0.5,0.102883633848061,0.0847645764169185,0.117751136636057,0.067417129334501,0.0846010172957537,0.0882814569357829,0.0675401604528388,0.0845695350837235,0.0884608188213745
2000,0.01,80,6000076,0.05,0.0977171768556495,0.257372593652523,0.130823722376683,0.159084218598617,0.168782284093264,0.17583865540925,0.161757735333941,0.172645438893957,0.177972935534235
2000,0.01,80,6000076,0.1,0.139916089180648,0.243214358128723,0.173763098132308,0.125550586732935,0.133860971851328,0.149530535234243,0.126650974927066,0.135632171672236,0.150895765334438
2000,0.01,80,6000076,0.25,0.166747662706079,0.268465703210002,0.208862597782938,0.081222673733978,0.0870660540449598,0.103974368040063,0.0815446278764266,0.0874705693804242,0.104611124674867
2000,0.01,80,6000076,0.5,0.185926001949779,0.26522609739215,0.235790648967149,0.061243360582664,0.0640191991610342,0.0803384813969792,0.0613835806792611,0.064178710880388,0.0806722894064504
2000,0.01,80,6000077,0.05,0.149679671129964,0.312605508950969,0.177495551937438,0.132989068823216,0.124045260900016,0.189667307601441,0.134074435450461,0.125226793265658,0.191271783667684
2000,0.01,80,6000077,0.1,0.0380741750319742,0.128699358037489,0.0497412674029066,0.115172938468075,0.152168772125497,0.151586712153021,0.116910116934269,0.159403869360552,0.154669435749322
2000,0.01,80,6000077,0.25,0.102226732206864,0.090953692428873,0.122394095017369,0.0806877197017156,0.0965493395621173,0.105985636274189,0.0810711127450271,0.097712172683958,0.10667744494736
2000,0.01,80,6000077,0.5,0.0412015347476892,0.0607009234810471,0.0431685007973082,0.0605224839321298,0.0693992219789332,0.0784909164015468,0.0606711431947343,0.0697875949855003,0.0787924624415426
2000,0.01,80,6000078,0.05,0.314847076542095,0.349933443521292,0.376241689911759,0.139326705129785,0.166168331853137,0.202237619818389,0.140860212126638,0.168739022237284,0.204713095762484
2000,0.01,80,6000078,0.1,0.288645949795672,0.383461883746357,0.336543145451772,0.107714768386981,0.108792449738136,0.153410642455308,0.10823410923009,0.109478516217068,0.154337600498415
2000,0.01,80,6000078,0.25,0.209481251025767,0.256712141809155,0.236861718383905,0.0765336272247798,0.0848855363609886,0.10844084080056,0.0768123280385851,0.0851465497659775,0.10913093095229
2000,0.01,80,6000078,0.5,0.13442595185417,0.166526564023524,0.148544698017749,0.0655412579267678,0.0725637709102281,0.088994408113905,0.0658032241636559,0.0727553598368435,0.0896485317749397
2000,0.01,80,6000079,0.05,0.250065130256456,0.196404184458505,0.316312247037618,0.151860389420323,0.197050566575003,0.212592872153413,0.153704802463949,0.199660789938076,0.215177876710111
2000,0.01,80,6000079,0.1,0.437849585987561,0.29713741964693,0.574328261115891,0.112134478005182,0.158952002366709,0.149674262676356,0.112810389048831,0.159997239437772,0.150714757687637
2000,0.01,80,6000079,0.25,0.290343875803363,0.277457273736036,0.379446991239928,0.0754308553863865,0.0926603927081485,0.0988761430292665,0.0756672119229348,0.0930679015026735,0.0992640683832703
2000,0.01,80,6000079,0.5,0.181840246391594,0.22301381350211,0.224895349765698,0.0586843389619021,0.0664440862848563,0.0741090510732017,0.0587563107664704,0.0665467033358253,0.0742272731069532
2000,0.01,80,6000080,0.05,-0.117337629463394,-0.146025426388049,-0.170453439793497,0.1498746407727,0.163694896868939,0.187011256519278,0.150335011890552,0.163964508362497,0.187700636399743
2000,0.01,80,6000080,0.1,0.0303001144334123,0.0186714405357039,0.0231995093072923,0.116164822363434,0.126055995309308,0.148278089649684,0.116871395672574,0.126389559484067,0.149500576247703
2000,0.01,80,6000080,0.25,0.190319805967614,0.149610251294253,0.232392751913294,0.0811841786807985,0.086860664230817,0.106194832024297,0.081267397909875,0.0868185337665733,0.106554308944426
2000,0.01,80,6000080,0.5,0.160996902406977,0.188496682013296,0.167048498406908,0.0765288529074966,0.0816334091431314,0.109298796475066,0.0764606101418203,0.0811261180556443,0.109224855061607
2000,0.01,80,6000081,0.05,0.112454436142635,0.1555449621639,0.156390976721288,0.155892626552264,0.165651312804226,0.188799840700351,0.157861533212652,0.167519562141806,0.19136006492079
2000,0.01,80,6000081,0.1,0.23302020088947,0.266705871577302,0.291278088078754,0.107508201894018,0.114399217449743,0.135878818781134,0.108061656243277,0.114959006243724,0.136660718370263
2000,0.01,80,6000081,0.25,0.244691085128215,0.31830570529146,0.308926955224411,0.0802695862737004,0.0888070364252893,0.104778500315411,0.0804477109757206,0.0890127235050205,0.105047851418566
2000,0.01,80,6000081,0.5,0.22743584879699,0.301031914268062,0.280847549393738,0.0653238070624398,0.0700950256774866,0.0855022878134189,0.065504692034397,0.0703336305649896,0.0858335280042519
2000,0.01,80,6000082,0.05,-0.171412818853804,-0.326071978642679,-0.237034772281503,0.16899187848859,0.175480701270254,0.216800896465664,0.172970212420388,0.179397579957048,0.222574846315968
2000,0.01,80,6000082,0.1,0.0338755134206509,-0.00211307109919623,0.0240820081439131,0.122750378139891,0.131889079780113,0.145761573234454,0.124125552680094,0.132859376693678,0.147852143369871
2000,0.01,80,6000082,0.25,0.0910488724536958,0.111593201931937,0.0980924919913391,0.0828383645941072,0.0936532255159079,0.100225621469002,0.0831569974525389,0.0940326041736207,0.10074571196563
2000,0.01,80,6000082,0.5,0.133974432626029,0.167970885494891,0.155010199402243,0.0623050289783184,0.0701188903515278,0.0779602918849007,0.0623992724387564,0.0702469372734441,0.0781155718271437
2000,0.01,80,6000083,0.05,0.093377046830136,0.147188151251437,0.117251377803143,0.154138076530182,0.168725006914987,0.213237924502589,0.156400426957151,0.171162576648255,0.217053452020889
2000,0.01,80,6000083,0.1,0.221326364737364,0.277539369261974,0.281237758397007,0.0982470011287896,0.115887687691984,0.135091289234406,0.0988660512259233,0.116562612531651,0.136256352334155
2000,0.01,80,6000083,0.25,0.226723766750289,0.261373073145142,0.294508813917963,0.0773263464386194,0.0881040577575464,0.104514881710969,0.077743518719685,0.088476179004237,0.105442730245358
2000,0.01,80,6000083,0.5,0.169987861950728,0.185231892371466,0.202919444356736,0.0654325416445845,0.0731656518994686,0.0887684262050796,0.0657388985338109,0.0733428224532462,0.0895898689565316
2000,0.01,80,6000084,0.05,0.281740979308971,0.312769795253635,0.349246927138075,0.125887417452166,0.134581866008827,0.172131294428715,0.127436295846779,0.136274223957189,0.174554168028391
2000,0.01,80,6000084,0.1,0.208570711243422,0.177854471271489,0.256195985463766,0.100248245406198,0.114196995316781,0.132787565415998,0.10083815055941,0.11504701951635,0.133651154302598
2000,0.01,80,6000084,0.25,0.178556490192378,0.265145263603509,0.233212150660361,0.0737686548140539,0.0807662650556936,0.0924411339811388,0.0739439726650227,0.081077724080751,0.0926738240800886
2000,0.01,80,6000084,0.5,0.15641650239092,0.230915291692944,0.198559304429996,0.0580646918131026,0.0639378621324584,0.0724502578525739,0.0581427602380216,0.0640657499849949,0.0725569317336994
2000,0.01,80,6000085,0.05,0.163598898749913,0.141758271438288,0.197551649380535,0.141484843690967,0.159167751970576,0.194444544740932,0.142760193818128,0.160639156527364,0.196584474565074
2000,0.01,80,6000085,0.1,0.220693878621981,0.212047907192531,0.297992532032815,0.109424521509924,0.130973909793847,0.136184683906463,0.110193134487385,0.131629072038612,0.137009916620912
2000,0.01,80,6000085,0.25,0.150966050666097,0.123198017674458,0.195543569061421,0.0851869460429982,0.0958862499121351,0.11320623101361,0.0854929658665456,0.0960002416969769,0.113755189139211
2000,0.01,80,6000085,0.5,0.155463276458162,0.18524187279468,0.197371656706425,0.0645619536108106,0.0739546404098611,0.0830955498862809,0.0647188296408959,0.0740210418887054,0.083358155624267
2000,0.01,80,6000086,0.05,0.0226759254416998,-0.00479041880893938,0.00030051772891404,0.180067254724309,0.194166175628259,0.199134525466953,0.184800753931492,0.198795841411921,0.205927914024095
2000,0.01,80,6000086,0.1,0.173180784031862,0.158849880009072,0.183306077870474,0.122409993917099,0.137255827753879,0.144081186542913,0.124667386424027,0.13894436253506,0.147836804948233
2000,0.01,80,6000086,0.25,0.179071122171745,0.152519537841621,0.230330484834058,0.0795557196672216,0.0958028713583852,0.0976484491488971,0.0800558887300334,0.0965246394519373,0.0984860119711315
2000,0.01,80,6000086,0.5,0.228461124242601,0.210147956975572,0.291830585404192,0.059831164650529,0.0708823293899877,0.0761883515635854,0.0599736235499208,0.0711069795809543,0.0764535468231657
2000,0.01,80,6000087,0.05,-0.0118723792328687,0.0259294920607082,-0.025207948201061,0.163747917948702,0.190057493540306,0.213337871206108,0.165778917267394,0.192735481678326,0.216602331643216
2000,0.01,80,6000087,0.1,0.15050606984975,0.202741645446258,0.187813312692809,0.122567615725162,0.141787576300977,0.1613298938403,0.123248404176786,0.142827848043833,0.162407712785094
2000,0.01,80,6000087,0.25,0.133891755852915,0.189688754938165,0.166035596893444,0.0812638685704769,0.0906772972535104,0.10985443504289,0.0814311162338839,0.090895491092594,0.110151125683119
2000,0.01,80,6000087,0.5,0.0833945097128725,0.15210187515951,0.0832369523772716,0.0643311897259341,0.0734557515987003,0.0849425937003596,0.0644750304505726,0.0736138887492784,0.0852554132592647
2000,0.01,80,6000088,0.05,0.0187015159306596,0.0837812792686317,0.0228699669083688,0.159255049817687,0.17333718547381,0.205429420266029,0.162073956911559,0.176131840077788,0.209830499181601
2000,0.01,80,6000088,0.1,-0.167843121704263,-0.0533550373209139,-0.211767361959408,0.12362383575275,0.143463246156417,0.154639342668679,0.124763053372325,0.144748314769676,0.156461527841416
2000,0.01,80,6000088,0.25,0.0722849799219392,0.0962619735266566,0.0818491919000444,0.0841824816594103,0.0923870072596614,0.110564749373579,0.0844974085926975,0.0927260610318245,0.111146452850797
2000,0.01,80,6000088,0.5,0.0478805031137592,0.0616586497168312,0.0393909380426913,0.0684605510953886,0.073735791570122,0.0940825984736905,0.0686502464716342,0.0739332426542404,0.0944809682801425
2000,0.01,80,6000089,0.05,-0.178182034562772,0.0369942418804288,-0.237445823719518,0.181361170079459,0.212647285325694,0.248840770066509,0.185990016429658,0.219575380446649,0.255867528654673
2000,0.01,80,6000089,0.1,0.0693941816398047,0.158592304279641,0.0798045577902735,0.141801420918249,0.149419254316116,0.179020427808877,0.143649111152266,0.151413558704882,0.181889345282773
2000,0.01,80,6000089,0.25,0.0798297083030916,0.121380183893354,0.0973401380191322,0.0882807203760102,0.105119191765729,0.116303019322843,0.0886428467291991,0.105704805545223,0.116900484609309
2000,0.01,80,6000089,0.5,0.0673760599130466,0.0708997752521974,0.0862486657650998,0.0670575539668211,0.0779763997454316,0.0882489303929219,0.067287738510911,0.0782546487828592,0.0887642320943306
2000,0.01,80,6000090,0.05,-0.167022559826195,-0.150131257286559,-0.243394857239117,0.164929666295031,0.200591928778436,0.189195360732079,0.171483925938615,0.204278364279262,0.194465281799618
2000,0.01,80,6000090,0.1,-0.0456611229260683,-0.00575557271803229,-0.0974530788349526,0.129749909608062,0.140686824993403,0.147513798552754,0.131812530303011,0.141665002249505,0.150602400364077
2000,0.01,80,6000090,0.25,0.0885782769884465,0.101840501218393,0.0782756057931821,0.0927201521104207,0.0986155770861906,0.124953845978038,0.0932687332390388,0.0989675837990271,0.126146227845352
2000,0.01,80,6000090,0.5,0.0530269322725793,0.12126918380595,0.0247548645100861,0.073459052063252,0.0786871734608501,0.0986604963728939,0.0737343288175029,0.0789311013556166,0.0993151170312972
2000,0.01,80,6000091,0.05,0.244302468318794,0.501738995145848,0.317086369013731,0.143075101045609,0.151615938274299,0.209199248603077,0.144749883928585,0.153061738042898,0.212035844185448
2000,0.01,80,6000091,0.1,-0.0358579659504357,0.137279094176649,-0.0518705156690503,0.130347234767452,0.146529355993081,0.186639184180779,0.131702939191098,0.148435102017091,0.189103361324798
2000,0.01,80,6000091,0.25,-0.00151695822960246,0.13659534983508,-0.00979902377577507,0.0917596792263446,0.101454568362045,0.119769425533787,0.0922841134657575,0.10197620528075,0.120867140553948
2000,0.01,80,6000091,0.5,0.0201480773279195,0.126378260397301,0.0046262432199301,0.071719585233532,0.0811441628652647,0.0965512373133226,0.0720660766413592,0.0810265087746087,0.097460797410228
2000,0.01,80,6000092,0.05,0.502717038615181,0.471685010214586,0.643612839413343,0.130718847235037,0.139987334049903,0.162648690646566,0.132966969220462,0.141094628495697,0.166357044471268
2000,0.01,80,6000092,0.1,0.599014124930956,0.644076788565195,0.780382864362151,0.0822130683570098,0.0888770000732482,0.109216184506228,0.0826690707558471,0.0895321751383121,0.109961623491927
2000,0.01,80,6000092,0.25,0.354856510517888,0.325342826660463,0.453249257464709,0.0887142464800719,0.109630582029818,0.12683639456085,0.0891312385785314,0.110232627884082,0.127647453119317
2000,0.01,80,6000092,0.5,0.313800948793336,0.313591701284647,0.402856477509811,0.0637180579484106,0.0722761641718189,0.0842513189459852,0.0638334063976381,0.0724986402452209,0.0844761774856102
2000,0.01,80,6000093,0.05,0.0676092081200819,0.298541045117975,0.0476407004885199,0.196446300008483,0.184926714024332,0.242309040241292,0.20085919674885,0.190315463931134,0.248526768433553
2000,0.01,80,6000093,0.1,0.21611905560555,0.407978131098683,0.240006806549888,0.136137233910271,0.128922837346178,0.180808972522755,0.137445544108993,0.130761830830844,0.18287685889093
2000,0.01,80,6000093,0.25,0.129264637774133,0.153469536444551,0.131841835616817,0.0871608507410119,0.127482364028561,0.119008450484551,0.0875909953196286,0.128668711633966,0.11997642577981
2000,0.01,80,6000093,0.5,0.167768139300994,0.241641286129026,0.193918712363833,0.0650791273778941,0.0807240330347492,0.0876963578571725,0.0652878500705953,0.0810534292396939,0.0882900716155539
2000,0.01,80,6000094,0.05,0.281384149277838,0.299320573351926,0.348163737502593,0.11676399419839,0.155773964830371,0.163175125001949,0.117924296136689,0.157784585265153,0.164738377244081
2000,0.01,80,6000094,0.1,0.136531286322578,0.133991164143632,0.160879029030676,0.0994458705471947,0.122980103590993,0.134560982002704,0.0998987892692392,0.123417330247594,0.135231817071969
2000,0.01,80,6000094,0.25,0.155615325085517,0.224276253391756,0.193068250646516,0.0784497513232969,0.0832592835809143,0.100306238523319,0.0787841542995692,0.0837271883170923,0.100873367675445
2000,0.01,80,6000094,0.5,0.133940799624383,0.182019644617305,0.162961997163549,0.0620917357225234,0.0691542463890604,0.0813560698998631,0.0622584255456111,0.0693482838028183,0.0816881851969788
2000,0.01,80,6000095,0.05,-0.0326523834733917,0.116583638059024,-0.0370452405653023,0.145546180356422,0.158352856850241,0.207953173075149,0.147341373621779,0.160973029434655,0.210875876072866
2000,0.01,80,6000095,0.1,0.0565613300085799,0.187134230354934,0.0850439793088576,0.113053702523053,0.121091819076511,0.160506751986417,0.113824408765018,0.122043828367214,0.161790230292605
2000,0.01,80,6000095,0.25,0.140623729111355,0.162050183402503,0.199890498118444,0.0764815600235535,0.0831594508578979,0.105685844855147,0.0766874162350124,0.0834362032022571,0.106102126797072
2000,0.01,80,6000095,0.5,0.168633140265984,0.186539835412269,0.23327648475899,0.0625720100567874,0.0693974967353242,0.0832573432840928,0.062687142943799,0.0695456378284771,0.0835328589936031
2000,0.01,80,6000096,0.05,0.362508595735394,0.283837943941933,0.471212031332383,0.138751225512398,0.161622603725069,0.174576961554825,0.141146178087925,0.163790103408299,0.178073779651074
2000,0.01,80,6000096,0.1,0.388529589819188,0.403262599608087,0.504021615793368,0.102075954885671,0.118328272352572,0.131459252931471,0.102809130290273,0.119035316172992,0.132643604446788
2000,0.01,80,6000096,0.25,0.223662492106267,0.25473269133656,0.294568108954215,0.0774436307631355,0.0899399505369317,0.104384331388983,0.0776654727369501,0.0902353723242098,0.104789215947569
2000,0.01,80,6000096,0.5,0.217268928688661,0.230159040336162,0.284714635573237,0.0606988825426835,0.0733436004444351,0.0783725108573469,0.0608045431815424,0.0734747975769051,0.0785542511985266
2000,0.01,80,6000097,0.05,-0.214999612458825,-0.228552726543682,-0.278424068638001,0.160887974111168,0.18788358884244,0.237446046738743,0.164076499442842,0.191708531363029,0.242359980363285
2000,0.01,80,6000097,0.1,-0.125442193047742,-0.115489135038998,-0.167926953591729,0.130071245156465,0.13666247013952,0.182438105330654,0.131523859150144,0.13774839483077,0.184972044330102
2000,0.01,80,6000097,0.25,0.170214563405042,0.153267706946446,0.229609122227871,0.0863186304034496,0.0923618149930407,0.110259746778486,0.0885776270814264,0.0945350014593833,0.115456365254743
2000,0.01,80,6000097,0.5,0.150544769942607,0.110505254089184,0.210698253441682,0.0629697702394649,0.0721864666747092,0.0816295662214191,0.0633063654128885,0.0725933521662079,0.0825301002990365
2000,0.01,80,6000098,0.05,0.189053585997015,0.190676752411971,0.262688633921568,0.139162454789663,0.167460968799684,0.196112549258368,0.140300606680268,0.169800409644427,0.198016873675813
2000,0.01,80,6000098,0.1,0.0855587989765929,0.144480541813903,0.124570276534823,0.111451757102013,0.125677970371368,0.147776373613777,0.112719123886413,0.127835904953074,0.15019881900773
2000,0.01,80,6000098,0.25,0.0832233652039798,0.107855833696181,0.127475648759622,0.0790052867978525,0.0942671342256199,0.105810201490186,0.0792995699097091,0.0949638662059498,0.106365348132804
2000,0.01,80,6000098,0.5,0.063639978758343,0.12409074407548,0.0843928104189694,0.0654762762366388,0.0747538611952322,0.0881380970635672,0.0656265724345125,0.0750048205833076,0.0884353032366679
2000,0.01,80,6000099,0.05,0.299491371767992,0.479948994569537,0.353175318150466,0.123503340957668,0.119212441208604,0.15181303953196,0.125007462233222,0.121050560686493,0.153668505805905
2000,0.01,80,6000099,0.1,0.136012398244997,0.212451727048089,0.165203143329204,0.103829678313479,0.119233328300211,0.13006562765991,0.104479452540027,0.120079607944623,0.131029334081556
2000,0.01,80,6000099,0.25,0.104319383809823,0.12610464026722,0.138733383930781,0.0782997717202442,0.0892080464182196,0.0973343818540846,0.0785773777651132,0.089554648562479,0.0977952273036418
2000,0.01,80,6000099,0.5,0.0284980575735139,0.0625501620705061,0.0454335948675023,0.0624640037819126,0.0713543947646818,0.0813543791952591,0.0626091775081716,0.0715093865655745,0.0816468051136664
2000,0.01,80,6000100,0.05,0.122160953231018,0.320735091835502,0.153722692204855,0.158528548881795,0.17374277211511,0.22262731160648,0.161401559997211,0.176469920829994,0.22695106350743
2000,0.01,80,6000100,0.1,0.130367034210282,0.248363428464101,0.168156587245532,0.112381162203761,0.120977884349358,0.154443196664274,0.113340779186392,0.121862402527293,0.155853895810826
2000,0.01,80,6000100,0.25,0.221176687449834,0.223042063442998,0.298442683412765,0.0713141453713196,0.0865771495948292,0.0928109678085636,0.0715634869844158,0.0869593293831401,0.093196179579773
2000,0.01,80,6000100,0.5,0.14544599903369,0.179841489965405,0.186171227395496,0.0611166609393993,0.0701063973195464,0.0798704948315978,0.0613156858538514,0.0703935120750782,0.0802845977825712
