"n","B","seed","ghat.OL.1","ghat.OL.2","ghat.OL.3","ghat.OL.4","ghat.NL.1","ghat.NL.2","ghat.NL.3","ghat.NL.4","ghat.CL.1","ghat.CL.2","ghat.CL.3","ghat.CL.4","ghat.OI.1","ghat.OI.2","ghat.OI.3","ghat.OI.4","ghat.NI.1","ghat.NI.2","ghat.NI.3","ghat.NI.4","ghat.CI.1","ghat.CI.2","ghat.CI.3","ghat.CI.4","evar.OL.1","evar.OL.2","evar.OL.3","evar.OL.4","evar.NL.1","evar.NL.2","evar.NL.3","evar.NL.4","evar.CL.1","evar.CL.2","evar.CL.3","evar.CL.4","evar.OI.1","evar.OI.2","evar.OI.3","evar.OI.4","evar.NI.1","evar.NI.2","evar.NI.3","evar.NI.4","evar.CI.1","evar.CI.2","evar.CI.3","evar.CI.4"
800,10,5000001,-0.916836046266357,0.418480918581674,-0.575127428592626,-0.310432635865608,-0.968869540294631,0.34507851352211,-0.404429565120536,-0.339696677291977,-1.19283493024107,0.505913355365159,-0.570572665105027,-0.356872785259071,-1.27632562468763,0.286451005588748,-0.406838801912691,-0.553347208657137,-1.24473775716863,0.230908462823829,-0.328220847176026,-0.562755284529515,-1.34404406634909,0.292910302313823,-0.361765741215974,-0.597696469672294,0.772828992965297,0.029316664150282,0.0328891906591449,0.0621918124860518,0.56395382153812,0.0192016286426964,0.022797393266027,0.0620060974667485,0.914838956915264,0.0379614649787423,0.0355697578587851,0.0727330447193031,10.3441070578954,0.019444232757454,1.36859967548431,0.0506231544174574,1.90027008237313,0.0107609895001334,0.180560048278228,0.0516255594508139,5.6334372946281,0.029611991115171,0.469714263929545,0.0834336151287865
800,10,5000002,-2.62400671823102,1.0196899570315,-0.603113673084966,-1.06148681826089,-1.96623628341266,0.725389097993975,-0.390322975220531,-0.978690166436223,-25.4353333865496,2.1073659626071,9.52257851455126,4.33428380004318,-1.17453325896247,0.389115485435745,-0.457979276535768,-1.00676797640436,-1.01278467822201,0.326002392159224,-0.441538830276418,-0.980595235893956,-0.887107647589422,0.355985592422901,-0.545990318255692,-0.9818905877772,0.834367429546235,0.0607232930568332,0.0516874280984941,0.0971045981888783,0.692379416853042,0.0388360025046642,0.0531865597060611,0.0968191507585886,65.1440084462491,3.55535550277563,2.56676831826887,10.6676921136012,0.748545898729235,0.0135740940638867,0.0808845416291276,0.018014190752364,0.47018896005131,0.0163599749512179,0.0603022219949923,0.0141264183438348,2.62595970120389,0.0985768025380295,0.345692725662832,0.0263517994028089
800,10,5000003,-1.44800404781723,0.725779362542726,-0.70939958771957,-0.61314195371128,-1.18367547945213,0.53828086064644,-0.475964695320945,-0.627912212269585,-1.54395814809902,0.730109533628881,-0.656094109352055,-0.715850629644494,-2.39441264602401,0.524281297620126,-0.430280554101696,-0.492977050413829,-1.95092217921136,0.346961518194011,-0.33360596149701,-0.393461447010152,-1.92823210861321,0.397624138977644,-0.413909289903175,-0.440376940938872,1.80144749822045,0.0460891415338191,0.058090108204472,0.0763376413638654,1.47042962140529,0.0360056266228653,0.0402828228165302,0.0750192101816951,2.21463520758657,0.0557181668581761,0.0664601105927126,0.101575886858162,2.67899601966001,0.247915187592813,0.537554524381164,0.240031131086633,10.1666085262513,0.107174684037773,0.299451128010598,0.795454308815083,144.136451154016,3.16431903850102,6.44857902549197,0.589627234319995
800,10,5000004,-0.117808535042073,0.352523888780071,-0.664461505849531,-0.423815263499958,0.11462261228374,0.238708341912916,-0.580928153911836,-0.404654024538623,-1566.51286674609,136.706688164729,210.087895855639,391.183227703339,-1.3986527941158,0.318786308290719,-0.294562511702663,-0.84795170093957,-1.15914849763337,0.228069562245252,-0.22104665313239,-0.88556677339954,-1.22625397346559,0.260191320195536,-0.279579129994915,-0.826592741720556,0.597399647561907,0.0354104930904918,0.031265160754244,0.051090329869584,0.416396536461172,0.0203007255676455,0.0249614540273543,0.0439818523485347,NA,NA,NA,NA,1.23511876830775,0.163820558135176,0.516574665800726,0.277723727493773,0.490776823152527,0.125684700380115,0.426340257785968,0.10433818962212,895.374718495487,237.095474265347,146.079002542466,2.72776850113696
800,10,5000005,-1.96193160238808,0.71422326852508,-0.570272646442426,-0.406069106407878,-1.2888743726961,0.518707138935669,-0.503827563817185,-0.412502479851626,-1.6099316193687,0.710655620543089,-0.677770196777021,-0.463422133845287,-1.26885324949108,0.370176918785596,-0.566051366294052,-0.579100855071351,-0.802236903213537,0.169687519189835,-0.377350164063107,-0.572088573372403,-0.570222784491364,0.174294949863474,-0.5187142452457,-0.515444204761965,1.47616570624578,0.0357744857988778,0.0501347737386937,0.0829805906000423,1.01310218143269,0.0255535789242859,0.0388583451150468,0.0677146338100858,1.09705554185339,0.0284153877132821,0.0527794013808079,0.0753412198070559,0.54947215777971,0.010541258052957,0.0201378969771753,0.0139224188147825,0.259226546528375,0.0110634991406378,0.00761315347065901,0.00977055058552793,3.25551270767906,0.299208590687852,0.0222469937361604,0.0159903991876924
800,10,5000006,-2.29128948149071,0.841051573374343,-0.672635029377659,-0.509246892600656,-1.8227444666869,0.586873624786932,-0.430467432489554,-0.477767508794451,-2.29855094335063,0.840382794468253,-0.695583942082677,-0.548364631491289,-1.80219164984955,0.505530378809516,-0.424459973786093,-0.819879146086835,-1.47243021378268,0.383759749305786,-0.36300483974724,-0.769578687925764,-1.26468080743544,0.405507541964266,-0.467214002629334,-0.804915125931883,0.6452801742289,0.0272459913434438,0.0522112931167381,0.070953924397702,0.644446269280936,0.0210074166167243,0.0365476964793852,0.0679267928587083,0.748229280667469,0.0304643625339067,0.056092319847321,0.0843974778009401,0.493603887948561,0.00842926839724769,0.0122094194241617,0.0205177429177951,0.513717450202973,0.00872577510137456,0.0181348236446374,0.0120579316078882,2.07046665241799,0.033622443056761,0.0903171106347992,0.0132378907113581
800,10,5000007,-1.25478787081691,0.728895848884197,-0.551891152902397,-0.928125173635147,-0.504138912915573,0.414950663930837,-0.406814950311242,-0.746011550694036,-0.691409092510384,0.611726104072197,-0.619902368203584,-0.815629414854694,-0.517420359276649,0.304637636725064,-0.78779373215485,-0.7227286825892,-1.13574637391311,0.213786812172542,-0.407059649011829,-0.580945901482532,-0.746123376676182,0.255778660534894,-0.632452574025928,-0.621423189428143,1.09379858257189,0.0476991869750025,0.0599029606927641,0.118010867892259,0.833256971696106,0.0285972485935763,0.10338121389095,0.135435351333607,0.993211224482114,0.0360573228767246,0.0845767892863129,0.0913652526854781,0.385256981699456,0.0447634720766587,0.157966098874796,0.0648380558258017,0.38075660766118,0.082344473195084,0.0754827730916375,0.123920076999348,1.27700328214388,0.0885153095053332,0.117097135224361,0.0629393209628642
800,10,5000008,-2.73932518487489,0.76968424455173,-0.443309343800352,-0.229455683751377,-2.02484266361068,0.46844780504087,-0.189482881617466,-0.272896134470032,-2.52653621527993,0.64389159530221,-0.272183152899228,-0.261897916551596,-1.8653296970148,0.39932027013816,-0.259389279997952,-0.667051035974914,-2.19819594726476,0.353544399014182,-0.050546532847275,-0.68333781805974,-2.79422376664742,0.465200709746916,-0.0131300852284558,-0.614134145245531,0.786767116706305,0.0361811628561077,0.0264243424558691,0.0267276216157304,0.478079593701595,0.0194872063419294,0.0177493177372122,0.024707906349949,0.741050239348732,0.0316445394829117,0.0239768374660528,0.0257114748534809,0.482154155992898,0.0142628514511748,0.00576248553697124,0.0141547388266358,0.334660568266709,0.0123090558274372,0.00462319218525169,0.0204113359945509,0.563659982895509,0.0433569345361843,0.0187746053799123,0.0220353880382558
800,10,5000009,-0.265461142444858,0.537924720832693,-0.749047918352634,-0.935687743355665,-0.770840425385857,0.4549851528847,-0.413759033778386,-0.934986182956382,-53.0405981521654,7.34070922330254,2.9767201415152,9.79611650744729,-1.1679646794993,0.375426775553302,-0.431231343695129,-0.900643789845182,-0.434718915097216,0.184096562209468,-0.363789318990045,-0.938140324452051,0.105228887241468,0.0949079477120348,-0.474138795310371,-0.876544273105711,0.640268299299608,0.02525270234097,0.0681633941023948,0.0941705586180167,0.572771328594706,0.0263642101093255,0.0556162850528679,0.101775882254899,45.7477553291002,2.59601706040968,4.61642135322298,8.37677066476033,2.25300308393609,0.0363707974196504,0.108665424250996,0.303120995452118,2.53805886185034,0.0372687153322571,0.116061052777427,0.519979281079799,1.91722290280649,0.133396816788853,0.106583912483601,0.373655342632614
800,10,5000010,-1.508796364122,0.543893205646641,-0.301862097152724,-0.638014291756641,-1.44245459953867,0.467455848576768,-0.19046615224508,-0.678695994979678,-1.89661584999147,0.637683431049194,-0.274078477797052,-0.698537226280461,-0.785411050429949,0.227919330737691,-0.479303398057756,-0.511664825175703,-1.27841086173444,0.228103224053028,-0.28206549037125,-0.499662660781593,-1.0466157554565,0.270161688060737,-0.427956462069925,-0.523802461424107,0.685457857196279,0.0254913956906625,0.0382799026754583,0.0775839507108258,0.548029445486047,0.0168160433896342,0.025272062094726,0.0646837604344931,0.779441103868037,0.0297534351035929,0.0407155124271086,0.0847002086304531,2.48537171712318,0.0131330198713946,0.230262837521392,0.0380356139586848,5.10169458979393,0.164963677847387,0.161228422122851,0.0339124412117197,209.069277329965,3.87319048363505,6.58719929095244,0.499056088995143
800,10,5000011,-1.65060881218594,0.535884200264649,-0.482893842036548,-0.388860453282701,-0.660907996747808,0.325849029109139,-0.45432614605763,-0.46254886465426,6.97657061640844,-3.0678943148159,1.34120474601873,0.598629618181564,-0.361522602130599,0.148385294842904,-0.460948228277655,-0.676108607148252,-0.16690105294267,0.0463364930155655,-0.326175591412665,-0.719989655424929,-0.613042931740895,0.179429334277896,-0.422385189281432,-0.624244753996513,1.03729388442144,0.0337785528465957,0.0523922094037955,0.042796866976879,0.521338618801963,0.016832699826494,0.0256206870153774,0.0407404309969375,86.3492751036604,0.173981442189403,5.74017914963099,2.41495165330232,1.9099548796348,0.0443452808273888,0.0433673899048705,0.0317953349257146,1.60428692482166,0.0145613449897132,0.0218163204589518,0.0857771718066048,1.39218699392163,0.0223905397909493,0.064524138838519,0.0215150795631728
800,10,5000012,0.544066638472215,0.431409025634786,-0.960900508453437,-0.718424099202073,-0.101387840173273,0.454228591907068,-0.694244209784684,-0.839349992340833,NA,NA,NA,NA,-0.770642849586494,0.212091905738642,-0.459153185978954,-0.633622017609007,-1.1092797861554,0.214714571945532,-0.305778726753225,-0.687069345102402,-1.15438144761427,0.311802325822364,-0.410981614175542,-0.730391041475149,0.699823584031456,0.0216509681112485,0.068950173711042,0.0520651875073466,0.756390787186201,0.0220402603213812,0.0367215729564931,0.0478664196351198,NA,NA,NA,NA,0.444587062988076,0.00799650863232813,0.0299730642674566,0.0128464494865835,0.726769872915301,0.0107750920456796,0.0441122990013667,0.0113535674458708,2.17004899338847,0.0513559691664997,0.0758810113112869,0.0167728675134055
800,10,5000013,-2.58155708374506,0.815411657143996,-0.619457332878077,-0.252407476448811,-2.73325520305809,0.610427046113763,-0.281092942232477,-0.11539737628148,-3.9232740228811,0.884890478282578,-0.290833382720385,-0.106204924699374,-2.34754947865548,0.46244817000436,-0.371374657653183,-0.490466728434518,-2.39884046437441,0.405697123172057,-0.254125237834726,-0.508684040178741,-2.97847849506625,0.516435570848414,-0.247510977934282,-0.418545540545991,1.22070528455844,0.0457917515522526,0.0567188324108999,0.0564792486891152,1.03999204822458,0.0375394452844268,0.031999475162252,0.0396626972534113,1.20744150429869,0.0506382855085919,0.0375177991173165,0.0433537089800705,0.970316520354368,0.0495300577748452,0.0182392259516224,0.0307668946276961,3.42909107883488,0.131633910910859,0.0278616893463476,0.136810417152043,2.74484831618769,0.0906270118190472,0.0151830618601113,0.0293426077824429
800,10,5000014,-2.11605451873985,0.610106216922319,-0.159784741462676,-0.532767115290017,-1.62326073708494,0.434348027087289,-0.120326100257236,-0.443108354852738,NA,NA,NA,NA,-2.50684432515727,0.603330975664876,-0.375695245497837,-0.672958124684411,-1.72356827747877,0.364605816151839,-0.260192543427488,-0.637034503579518,-1.87467242650158,0.415418037196762,-0.291706916888036,-0.664565218260898,0.564034626671935,0.020935913975923,0.0404975433172431,0.0309341911000864,0.416526507706352,0.0158772710147509,0.0314335485260613,0.0321333038000928,NA,NA,NA,NA,3.34893659988501,0.0231558324591754,0.0302503820216709,0.482320826699185,5.48841589698888,0.0212648095155385,0.0459443260436241,0.500089542266259,761.833620021684,10.2722960558259,2.74245058863356,34.3528956763674
800,10,5000015,-1.32828323089049,0.673709541858239,-0.661903130716157,-0.541586145262898,-0.739917346943026,0.517828929913931,-0.650289115813187,-0.492655168969282,-1.12810529628627,0.832520802679866,-1.06302615249184,-0.500085882531702,-2.9341562384987,0.624666497291149,-0.34571254837976,-0.504933635137345,-2.16438416241513,0.452963172372377,-0.370720853807759,-0.482698578907873,-3.15644891960225,0.744185086923616,-0.524481666938616,-0.456003465316536,0.952152568463869,0.0349140591009967,0.0472000286222042,0.0451448046418743,1.1436268023724,0.0372010612150722,0.0310000998718677,0.048676880770999,1.22551215852064,0.0693586151436693,0.120615391615579,0.0429371210199993,9.98886066072437,0.569196380018094,0.204470496827805,0.140758226439423,3.23846183776811,0.235463510210418,0.245955404960744,0.179721392512702,30.4703894616397,2.41365996739817,0.80000907650374,0.132859512797689
800,10,5000016,-1.40903972358448,0.607240381072376,-0.483204404675379,-0.671517026093608,-1.09759585175201,0.427168307431417,-0.284192314624435,-0.718074006576356,NA,NA,NA,NA,-1.27023686323243,0.373030781740326,-0.480457052824348,-0.714680862354573,-2.12993272542123,0.456981923403875,-0.343731967719074,-0.680284485467705,-1.94445423500361,0.444200966580374,-0.402809120697601,-0.634418782433864,0.878609319066196,0.0261546992636916,0.0505735072025791,0.0735677510409953,0.648970367575774,0.0164661718036473,0.0280326268579337,0.0545846370553639,NA,NA,NA,NA,0.355709232678074,0.00957843246761037,0.0190564861448516,0.0170773303357509,0.421396033812796,0.00868027466668206,0.0802900495624757,0.0627566184691393,0.879361409358287,0.0179218280807719,0.114387286625676,0.10011002313212
800,10,5000017,-2.87397242061335,0.585185201708448,-0.100906720496092,-0.274495722153524,-2.50566174620225,0.436420244623328,0.0141786576787435,-0.258980973031136,-65.5850448095602,12.4878126643158,29.032812862432,-41.5423093795299,-2.51679878851153,0.484768411434836,-0.318529138690631,-0.497189733016287,-2.01351588473161,0.298967553391384,-0.221681186901569,-0.420116499766411,-2.45475111983755,0.36824952028923,-0.19980606942049,-0.3798783693556,1.37282169397878,0.0261934343955054,0.104112354255981,0.111912133702127,0.532512545925976,0.0184890457187007,0.0299392865401315,0.0589762745794924,1029.40131109756,36.7214574556476,80.586952006487,106.331130854658,7.19978356542206,0.010832478344848,0.47754108437974,0.315646473333708,221.693962808081,1.12929670936217,0.642989613167945,24.9717375375167,24.1365746583828,0.726731585952547,0.400177655637234,1.55754989647826
800,10,5000018,-2.8763561040599,1.00363410039378,-0.622116132713786,-0.523239352757348,-1.40066720243439,0.564549358958668,-0.413250104948899,-0.519805334679829,-8.02830322178126,6.94070013951179,2.87020969964756,-29.5800855175904,-3.43330775890384,0.8526264797356,-0.573274942910014,-0.512359152970741,-2.29976754509856,0.537425981531485,-0.452397671906838,-0.496329598697964,-2.11955916622425,0.701906787266708,-0.773557050083223,-0.632827085889894,1.46772720444817,0.0694853138488547,0.0607160631330809,0.0491331299520461,0.669381091493922,0.0226016902610138,0.0414752678624836,0.039083758476579,NA,NA,NA,NA,1.00094511749691,0.0164300158542491,0.046279756968252,0.0150769383419862,0.615088115674364,0.010193249633946,0.0250225549917473,0.00989994429112604,1.37638190051815,0.0436334994500595,0.055507853211828,0.0169643979043604
800,10,5000019,-1.61355316199623,0.648170971792052,-0.581719091538813,-0.502967352953197,-1.2948667691815,0.391399721698985,-0.27399194613814,-0.472437841833028,NA,NA,NA,NA,-0.503315866929834,0.312625637018848,-0.742237793272842,-0.709667956186189,-0.898294470915188,0.206697752687712,-0.390812321393974,-0.670406526213598,-1.08472453113929,0.251057221668479,-0.373812957527353,-0.673239647887921,0.578911718920574,0.0282582406519504,0.0328020192975266,0.044418618806601,1.16817021271719,0.02057328235527,0.0381299208865697,0.0688701573960881,NA,NA,NA,NA,9.333607150597,1.10175782956917,0.852931150328584,10.0629127058577,35.9020384795311,13.2926766087234,0.114820286177181,137.547408268702,1.47719483228305,0.331496557299636,0.251939542030743,2.15940269565319
800,10,5000020,-2.50583833328821,0.608127094067865,-0.24838865079715,-0.338505194688721,-2.53339078068927,0.57841892079524,-0.237704043202196,-0.292607628857134,-3.05625797974603,0.796370285217316,-0.392661165662481,-0.331722309611814,-3.07020114570776,0.573809826960841,-0.139779025432523,-0.700026772242861,-2.79444815088722,0.535729065572307,-0.186162357510343,-0.718760514873806,-2.11836757190292,0.633706839161744,-0.588832787080471,-0.855620089841931,1.34542600311238,0.0482451802269354,0.044967076342571,0.0564966842553766,0.563057977154079,0.0214123608965566,0.0271901926532572,0.0567515672928126,1.68815731691142,0.0718565399876971,0.0565848970422483,0.0616110310918588,6.11212011878089,0.137549613342311,0.368891466063349,0.285447013541105,1.13164409074706,0.222924390882088,0.169873291926128,0.465884346289178,2.19115487046429,0.125260028604062,0.242460002386332,0.199834052782279
800,10,5000021,-1.20858036364589,0.586145621509668,-0.406104349217631,-0.842694887619056,-0.498596470215856,0.373183134200459,-0.318268374362304,-0.854789731746795,2.15829783459687,3.52233421335584,-6.93036368580985,-2.0083927428781,-0.150864029135965,0.209639789756006,-0.550604150128328,-0.887088909516191,0.0827616743891064,0.0719476407909901,-0.412086125566728,-0.863684352169467,0.747690060253084,0.02929059893936,-0.595884615183486,-0.878753735630139,1.35614336757648,0.0519508665385404,0.0455315611450636,0.0445022177862035,0.902162321388975,0.0268023168022692,0.0371797932750253,0.0455783348589318,466.927490050261,13.4134597321146,4.71258121396491,21.0644147097799,1.18113536920505,0.0099327787442505,0.0530142286501678,0.107624881816864,0.552316285376257,0.0046162629697487,0.0297856164621146,0.0460909644316813,3.70126785289549,0.0172856811958497,0.260180855313167,0.139525396902186
800,10,5000022,-3.06457553171468,1.01716761648204,-0.636069164097922,-0.664129263673466,-1.92292370325039,0.670878081370164,-0.511799780081693,-0.606932392058261,-2.33166064312914,0.928649147136601,-0.714363461706901,-0.704566779735335,-1.81410176480548,0.508102038941533,-0.520092388664769,-0.749235692886997,-1.4550186855838,0.345987551514016,-0.374082267450638,-0.756143588820334,-1.7743625033043,0.507098140739103,-0.504977350497744,-0.778451585144968,0.746475338888894,0.0361269302966028,0.0448732809791432,0.0584296295867207,0.572553065742784,0.0274423516136952,0.0314579422334996,0.06269846317195,0.66187380201113,0.0307311835290659,0.0459333488473527,0.0537636626885084,21.9685509436846,0.0402642031474414,0.61056613246365,3.50458126230835,8.99431628922396,0.0158241869912886,0.0317353722475907,5.0097242489223,2.6823088180007,0.0937773199814061,0.614042461235235,6.42926438088155
800,10,5000023,-4.27955353022344,0.967491555043807,0.101915731761582,-0.469776128509475,-3.02352849886782,0.779557987059115,-0.0214835058999829,-0.559759794186046,-4.58038723044786,1.62517737002022,-0.446774684920159,-1.05867631300905,-2.23232989491803,0.435222316795322,-0.203529591809882,-0.572290418658798,-1.63121968819792,0.294066599141572,-0.202199030020715,-0.582770943458997,-2.09336781902899,0.442403014393203,-0.258402672523388,-0.610934036525301,1.34822050350785,0.048101734827184,0.0295516541295352,0.0430601200801215,0.736729374795316,0.026849524098292,0.0210365418160611,0.0501380931753281,8.99466200035817,0.574676217654344,0.063773120263034,0.197898098648617,6.36557265134099,0.0415087612921207,0.166595160747112,0.225713130152521,1.53469082932442,0.0307480059704391,0.0413664712316318,0.0430607622136235,7.66938436970368,0.124871712132802,0.24547811967552,0.076821434676674
800,10,5000024,-0.856419952894242,0.42460189031629,-0.471297803154852,-0.392339342190583,-0.540953616838641,0.236783338380321,-0.291642945675383,-0.385260163336846,-0.645682152220762,0.358036613672525,-0.442457208247465,-0.394630076843978,-0.887366579938338,0.190144009548056,-0.350617014950282,-0.572187302735725,-0.56076340878753,0.0561166670766193,-0.252101040879244,-0.571217285300792,-0.214880483051637,0.129360116493534,-0.540361933984607,-0.568764383604042,0.737444171911109,0.024436611612805,0.0650108973002387,0.0386537753141447,0.509531957744342,0.020343150871065,0.0617343958559354,0.0324401357236164,0.696456272697993,0.0224111898068853,0.0620011301676062,0.0375939505356248,8.16134955498876,2.3315987645664,4.10676668247791,0.617354053802818,3.42587905738439,0.0858185913064439,0.11526467904331,0.072066564444567,80.7705524274217,0.832491420648095,4.4345266225398,0.776035396843189
800,10,5000025,-2.34453467670209,0.787660251672042,-0.545407660055627,-0.416267502289595,-1.65916156166467,0.526447723677536,-0.376276625157422,-0.43362828803743,8.03093879501709,-0.776671830270056,0.413676568443233,-6.58227361571073,-1.9642456753339,0.442973482105791,-0.39559518503268,-0.541717222970863,-1.53372057574546,0.266035649961112,-0.318987960650607,-0.459640369572623,-1.87092469768428,0.488916957630357,-0.523585439632102,-0.549934058327411,0.757143471476511,0.0417581493020416,0.0338000794940062,0.0757549993963626,0.761859967493495,0.0513219901434375,0.0281504152068405,0.0860277097771023,1580.89693231324,12.8322290363507,77.9281337376655,21.0145652288754,358.693016326427,18.5950936349224,1.86729015106306,1.27088875853585,3.00514591163306,0.0816655230063457,3.12210195333702,4.37585666866924,12.1820570420198,0.369074778323164,0.770678220026716,0.51977783662548
800,10,5000026,-3.4179790204719,0.830075495060423,-0.11986934747532,-0.681143806711503,-2.88903860755274,0.684310819477026,-0.0687925027830875,-0.703212845286633,-5.08027561229478,1.14923993206663,-0.0367810927980927,-0.642323061665151,-2.82635722466308,0.511383427728863,-0.133199993547105,-0.682979567112378,-2.43594379600119,0.382932298819839,-0.0760877684654634,-0.660972308558143,-2.96674945621311,0.526203427589618,-0.104594550075228,-0.664345503789813,1.32008043837975,0.0446474963014677,0.0228203143398956,0.0430335166632973,1.19210079837861,0.0441993658358139,0.0233330545003064,0.0461034213460113,2.57375905446192,0.0892203247433567,0.027427886391643,0.0473002970502393,0.614763542234275,0.0118148736986752,0.0163293812941286,0.011181197912189,0.511382154295233,0.0164693960219049,0.0133099141998159,0.0174301103584816,5.99049749137699,0.140217872060187,0.189936978509512,0.0281719690338657
800,10,5000027,-1.58861874502273,0.593478026726821,-0.580854148031687,-0.402069051675648,-1.42080531951088,0.477186813639669,-0.44748604934923,-0.400311099943704,-1.62798636463695,0.671790513480213,-0.71712957293994,-0.3892486568214,-1.33339717588151,0.225159149383847,-0.216992915333045,-0.623658493669639,-0.851036280963654,0.0957104032388212,-0.187919129291094,-0.63079201301263,-0.521989123070975,0.170547595571487,-0.466436636153618,-0.62505731510158,0.733214118001491,0.0262017402052883,0.0396573195379362,0.0416996235620288,0.628923687368901,0.0185657057517712,0.0365620026191846,0.0442516502957495,0.902819815354333,0.0349184857546384,0.05459701463244,0.0489926832926114,0.133869005722751,0.00714737790261377,0.00675762042501952,0.0124965848342803,0.273230483003815,0.0080790299908537,0.00642705308810836,0.0227642251199361,0.351633316264715,0.0133247755488377,0.0404859712653832,0.0155488789473114
800,10,5000028,-0.326645233756499,0.445052754407476,-0.413219495486379,-0.813876517404876,-0.113053428289636,0.324031400598028,-0.298691708393072,-0.834250082073832,-0.237304380911501,0.433125099689592,-0.415658318434731,-0.837989475706694,-1.18682732922739,0.313529335216572,-0.396665721166415,-0.605029073602812,-1.08386997033691,0.223176449491543,-0.280017395654345,-0.575366311348455,-0.827527565284144,0.232930745230762,-0.3728463686769,-0.580989855516277,0.626766208337126,0.0208203651121466,0.0487107962635156,0.0441717892027546,0.525222043996208,0.0166781921838774,0.024679234140494,0.046194420434521,0.623212214647457,0.0210227335973098,0.0500562438517952,0.0453407780300896,0.158067343942908,0.00699631122024003,0.0188275775972136,0.00864626649535159,0.073916363960236,0.00383752538009905,0.010730977745504,0.00614814908006413,0.281281806365759,0.00999407107307497,0.0422093834965133,0.0075064891671953
800,10,5000029,-2.97971472743319,0.819570495675781,-0.223405065424634,-0.691524992450345,-2.3038694245094,0.542450522059049,-0.0442546814097847,-0.580447052970463,-3.03277437176868,0.74491328235435,-0.0770159148335997,-0.621373684250516,-2.59281345042615,0.597027687808108,-0.393397877832123,-0.674591614320176,-1.850317205516,0.299129088215178,-0.162034303810232,-0.633814980112882,-1.7745384854351,0.385190546514809,-0.320789564729785,-0.651699645856682,0.882122195494007,0.0382361293839485,0.0475165223783835,0.0546909503999998,0.613274204302334,0.0242515390078303,0.0271262024949493,0.049336720360972,0.77858934326507,0.0308308301690079,0.0414115456967889,0.047402904225696,0.641183914332989,0.0130500573875982,0.0232977207911158,0.0161268267714153,0.201709577740935,0.00347519125823972,0.00587105725155679,0.00996616400564014,0.57803778306309,0.0126960522822325,0.0212224378197352,0.0150006523102908
800,10,5000030,-1.82950849141282,0.84368556615386,-0.766244138181578,-0.582296266946386,-1.00545143355521,0.54730982484885,-0.56557584529316,-0.551164541199108,-1.89203162685343,1.17046354204041,-1.09152508768346,-0.980553594539821,-2.10682904423398,0.518550639249263,-0.529436633569287,-0.449655586067601,-1.48910430203441,0.290466615977389,-0.317848525825887,-0.499456220631879,-2.07897757475429,0.453018227973065,-0.35944051497015,-0.517068274907314,1.53614521687644,0.0474975155666421,0.0618998018604096,0.0381423414900253,1.09024472475074,0.0296595241146244,0.037339019976659,0.0346352416190001,1.55299904003991,0.0662870376989311,0.0749740616377748,0.0608849662519006,4.04784562500932,0.0090170574618243,0.196012921963865,0.309449410557523,1.65130537641727,0.00797331809942142,0.025853700354127,0.148075960508531,14.0752693968175,0.0329480719953953,0.600053925567591,1.25991278740498
800,10,5000031,-0.885070259577967,0.149385772965416,-0.136268016603526,-0.301288274527553,-0.719072046604576,0.100999608927163,-0.103306451669069,-0.352602966299732,-0.701858764432675,0.124674572067409,-0.135461678247998,-0.37192894578996,-1.98249843744499,0.230815083742296,-0.0506594382784729,-0.663392032097989,-1.31125369105851,0.113235309815438,-0.110622152737857,-0.651807112890493,-1.52610158131803,0.163569840512109,-0.117733448757062,-0.633858768998718,0.901265544921045,0.0274066183398288,0.0509467167019982,0.0833310147231147,0.881819507854903,0.0282621932121578,0.0622071826720184,0.116159721614488,1.35721071753723,0.0385464777074647,0.150554978972141,0.180985497172601,1.53407983637979,0.0368079884814152,0.074035215461667,0.0458876957281424,1.30254884174013,0.0117787681331186,0.032289368263208,0.126033507760486,54.8294012513985,0.114021729349579,3.25684777840432,0.666850202643352
800,10,5000032,-1.29405356065351,0.600217591786829,-0.575553699990215,-0.567009376908394,-1.30254108437198,0.451370253799195,-0.31278533029176,-0.58938454893375,-1.75555578308208,0.61781997820262,-0.401030518566831,-0.629484244323127,-1.74609379782441,0.361195460554563,-0.324158716588668,-0.638502247201301,-1.89639195001338,0.309120096998642,-0.184444136407352,-0.635996214897289,-2.276668100753,0.393717322276653,-0.193047924551535,-0.592516560937041,0.831631778586427,0.0278131195237147,0.0560579885358128,0.0588319438824401,0.629970714637794,0.0200575798732885,0.0444664401560668,0.0584665910490987,0.985530581593959,0.0309526445302519,0.0562882703588048,0.0646343651852285,0.959233690831059,0.00713725078871705,0.100530011924382,0.0691763830105141,4.61638240912345,0.00866241615271734,0.363923707598435,0.180755639575727,1.78611720483613,0.032870472897226,0.080628740507194,0.0564598798309793
800,10,5000033,-0.655485561355304,0.511774180773348,-0.46535593861459,-1.05740233378438,-1.31764682741805,0.540103679628931,-0.276881317893758,-0.985419470929054,-2.10839081248418,0.809385551044719,-0.415914832714496,-0.975073441568125,-2.04429663232213,0.514426410956111,-0.518885227788623,-0.64109343464956,-1.8440179656759,0.380192893819332,-0.371751246412367,-0.558175715863778,-1.5319365462565,0.40618386300487,-0.546505777358744,-0.573571018186699,0.797582855631102,0.0307664100916818,0.0435430459566881,0.0542581768040856,0.896818925660948,0.0303667669509988,0.0519258556865702,0.0588757931747827,1.22019858821673,0.0531557318731333,0.047160581248075,0.0549005512121678,0.185610104583662,0.00337753274621394,0.0414256961126126,0.009510365265751,0.153436554036823,0.00541082397607683,0.0142672878226683,0.00914111078781355,0.216043402094203,0.0196027327306124,0.0434145883828397,0.0103645008327068
800,10,5000034,-2.75781303318377,0.956152850284353,-0.620316690084967,-0.378897812111082,-2.73551024366546,0.743441603717453,-0.253969193156988,-0.322219150419891,-4.00248553019513,1.04958224573548,-0.28256368299146,-0.256428165643764,-1.17173702232006,0.390615309826806,-0.490919538307574,-0.593910139170107,-1.36252932263749,0.296670501564253,-0.260512872163238,-0.557592606478716,-1.49739808885964,0.355816010239475,-0.338044712953097,-0.530385351272957,1.21962617501873,0.0503690462920021,0.0604038266185004,0.048787824573164,0.833249434328,0.0301398272603798,0.0290176761199902,0.0495949983340612,1.8656772282968,0.0547823977296615,0.0503932410069261,0.0505196562560614,0.535512014792065,0.0368686410670788,0.121025954067166,0.0424894253051137,0.349754225153508,0.0164852831843122,0.0324507442363104,0.022350277100056,1.46509493308448,0.0851745376121505,0.0523658405312219,0.0287227551462363
800,10,5000035,-1.64959064545718,0.677017432275208,-0.587779500221607,-0.629796638989032,-1.91069601613113,0.583477838651568,-0.320191519459102,-0.595928547368182,-3.15550565763893,0.95550404744958,-0.436954321561347,-0.626119249641959,-0.951551403524518,0.22748026775037,-0.395477211340662,-0.682941702414791,-1.07124575637503,0.182296388851545,-0.267038372485278,-0.675685875120594,-0.950776081053976,0.154279695139405,-0.291096282515593,-0.626206992096239,1.04732134719531,0.0392959797246859,0.0676790270473951,0.106993146591674,0.818965243343591,0.0355082177476917,0.0361266102716401,0.0765896649552859,1.48648151931632,0.0631194459988035,0.0660585284218629,0.0943937539437907,22.2368262848825,3.62566849683523,0.032696652626559,0.818762708166478,0.917018562077597,0.0525552919543316,0.00954550609182409,0.0218108608385613,2.40137911639584,0.0946374529841916,0.0411892379442389,0.0191868841013225
800,10,5000036,-0.184355440791929,0.760441164374677,-1.00530407591747,-1.07494647147571,0.299430049085981,0.546249272197689,-0.895101041008095,-0.955323574048463,238.902429115313,-34.2689202261985,-24.7619252586154,-0.101746849612893,-0.957519699490132,0.396484215672129,-0.638848935471108,-0.750160481106755,-0.762967822673763,0.277339758703362,-0.54187626615153,-0.668082845126693,-0.275396670874235,0.474330388983817,-1.07214958618224,-0.770093963122439,0.948664847393819,0.0371209166981798,0.0477469283882004,0.0568345218048132,0.656319284705163,0.0247947907025809,0.037442995158781,0.0533452004409293,3505.81494573145,75.3095975732084,50.0144066816498,2.09784918494691,24.2548949090173,0.62907983283329,1.25160983397893,10.7697665656689,2.86931550189689,0.0253917892438028,0.108862062926057,0.804611861465249,1.79124891963854,0.232275378349758,0.686859165253994,0.627831774505369
800,10,5000037,-2.17519914247789,0.776789594134967,-0.518579113758767,-0.493427650805914,-1.82023778824668,0.555197439302968,-0.293359275348298,-0.48208595752198,-2.83816867213797,0.889909918877884,-0.439559385914091,-0.555106649500228,-2.02302016990076,0.450891815370556,-0.422490136131983,-0.469828279567002,-2.11649123153102,0.345059203090014,-0.199604494591956,-0.480535724758636,-2.34693602430085,0.443235644104367,-0.239707201825774,-0.498240956908354,1.13181332519398,0.040120900444764,0.0599637360530148,0.0490065722617586,0.717733609310537,0.03161050933793,0.0305904986142472,0.0632394242738643,1.4407577784942,0.0511238952624655,0.0552229056769783,0.0581277588859829,0.396290360346875,0.00837293141429805,0.0300923291297792,0.00883709992838817,0.267520545560285,0.00678619135395944,0.0101579712071953,0.0102303927100617,0.875889970421406,0.0216894104318321,0.0474439404975083,0.0114295185951012
800,10,5000038,-1.4712646307843,0.745982388669601,-0.623250740635923,-0.730805279406651,-0.863075672998323,0.410517396181997,-0.307482066842215,-0.641248344701725,-1.02370298184418,0.510984222301343,-0.410306358185275,-0.645773697938537,-2.17213605994117,0.47241178677733,-0.356110394632597,-0.600379220460995,-1.78445757942833,0.312334095026042,-0.227007821127309,-0.609484619188204,-1.40838328004724,0.29289890864915,-0.370855577109376,-0.576269453295074,0.613545629477024,0.0254734152899823,0.0524313833277178,0.0893243729527739,0.886019766856799,0.0303872163172597,0.0414599709545167,0.0884328214407576,0.592876342108372,0.0229343553576215,0.0425156277059087,0.0836313194469733,0.810277115538635,0.0243848684026299,0.04476717943959,0.185461347602043,0.713786275592714,0.00904247649846452,0.0126108304198514,0.163843720441422,3.03216277650541,0.0285699674042751,0.0510835741764309,0.757113932754418
800,10,5000039,-1.67614517944693,0.595129922474342,-0.309658509193352,-0.799281372743022,-1.39896481354756,0.380455097870552,-0.0759843522048252,-0.743608541499083,-1.81948556266629,0.507944264580664,-0.114657019474152,-0.768705132410411,-2.25086144259485,0.460700803357182,-0.246233732843392,-0.716872408962762,-2.13060686172153,0.334979587292712,-0.0878875258021102,-0.687775820723197,-2.19815709025658,0.38510852257048,-0.157527129165184,-0.657320451926226,0.859434325308666,0.0364823887643769,0.0457001695488896,0.0587093358839299,0.630429064142243,0.0263359111181766,0.0231997220849924,0.0569344772419942,0.902710549908635,0.0333075951965018,0.0411308572251818,0.0617804011024679,24.2833848455028,0.804097737022266,0.0536750419040656,0.733970733446327,3.75285858700677,0.223343701926526,0.0546028765893792,0.0732423559959977,1.19357384254234,0.182734440033377,0.173888510986211,0.0105674676412939
800,10,5000040,-0.447554336994276,0.384595866254784,-0.370146158803242,-0.633802275797282,-0.162082008713852,0.255506523304726,-0.295178146530098,-0.573954115145754,-0.99732871752089,1.2960830189472,-0.535648571181487,-0.209137048122233,-0.879291135375705,0.242987572990526,-0.416660727777386,-0.500771662776645,-0.997377413782043,0.23306803886501,-0.361598799285289,-0.512529269776654,-1.44665955974828,0.367130457359004,-0.457589112919027,-0.474744432897399,0.516781954958331,0.0198382810450896,0.0227159550234233,0.0392320630778712,0.459081918221157,0.0141649852096157,0.0185549454161822,0.0378559624810947,1449.92638894304,160.701745972048,4.58902182492755,66.6103683739893,0.771954549506796,0.0114813453512768,0.0529607886163953,0.0175669777843463,0.487680227378943,0.006722431967805,0.0359710302106877,0.0180868948433909,6.35340852353837,0.0746123288512576,0.502680204526225,0.0306354759357733
800,10,5000041,-0.924002318581736,0.349211064877249,-0.479748276739952,-0.279206464343235,-0.741234305026606,0.297648850691197,-0.488211965759308,-0.249242063750602,-0.866518954385014,0.437666486850194,-0.7069110562045,-0.255737587671012,-1.96071301871865,0.334703779894171,-0.205960273086845,-0.487082813794556,-1.7291247368888,0.280287219133816,-0.234222222991247,-0.441407734345354,-1.77685411965658,0.341525548434384,-0.329713530471539,-0.421010583859966,0.906502409842638,0.0317852793172103,0.0519650886882859,0.0576709256579279,0.650126517089896,0.0262485685361533,0.0344164946320667,0.0673207177037142,0.998783942516974,0.0393113280910893,0.0611181734448155,0.0635518157619124,2.29647082737977,0.314108237229579,0.0685526992980069,0.136528346927044,2.41087048892591,0.478885405666884,0.324015922780183,0.11518712335061,3.76974270780323,0.506583615070234,0.920919446241451,0.13465507281119
800,10,5000042,-1.98533077129451,0.80525741449271,-0.709912711384367,-0.520719382978707,-1.85925827518161,0.607898670547371,-0.40774831885248,-0.387269523386164,-24.0002310610436,6.2992445888468,-7.04547731228326,9.54780382018797,-1.79016885407347,0.403635563948267,-0.386674199197392,-0.543089392128779,-0.563765553026094,0.164295517296476,-0.410513681437632,-0.62393074952461,-0.00317605996083061,0.115008246665225,-0.580640259540646,-0.595917073416625,1.00900535652329,0.0299239887586206,0.067689514605318,0.0636180095070724,1.16118952725018,0.0217288643239957,0.0601356717794153,0.0665919352295832,27.3612153611415,0.910910579458888,5.33614901646763,10.704139547245,0.434467089596655,0.0110666967750806,0.0154669697017232,0.0170443638353884,0.14136013048474,0.00638845260361624,0.00916425835090991,0.00959940632475148,0.177879435916378,0.0179190987897033,0.0234641717274435,0.0127297202216031
800,10,5000043,-3.7970593363942,0.982100750859047,-0.432872524957328,-0.0800418022426964,-3.15123242891914,0.746386208037616,-0.300775758288671,-0.0281261597466534,-3.81790363415548,0.988472382640687,-0.429066496744953,0.00936154107411615,-2.51820292556834,0.556272728820908,-0.379598430131384,-0.539666254820142,-2.23988956375903,0.451703012027359,-0.320324456476229,-0.499510750263012,-2.40211568883747,0.519299977351229,-0.387209543263059,-0.459286926847924,1.02363766407095,0.0513291917637929,0.0437952750422891,0.0318767484630827,0.786113186216396,0.0297817579432646,0.0403402170205156,0.0353406433211719,0.930610903722105,0.0488260014213464,0.042465510592338,0.0286946933153134,1.34881800576782,15.1287684078366,37.4365472269864,0.138056672690153,5.26069092595784,6.52125485412494,22.9631417894878,0.233434848553301,36.5269277330717,107.706629197611,280.110197664656,5.10066773611275
800,10,5000044,-1.8000825987384,0.674954802842251,-0.594418258712306,-0.411939223873696,-0.863168173769772,0.510087986691391,-0.644218895358629,-0.399412656161097,-13.5171496830774,3.41710336457271,-1.19151592235507,-0.736580326028389,-3.32260386092181,0.753222511428069,-0.445321899462892,-0.570950319320112,-2.63460340789983,0.546407901370329,-0.303012244220858,-0.627293013544367,-2.55412681183035,0.650896918718949,-0.511750418436016,-0.703027728433787,1.01649683945013,0.0322756236076574,0.0586265346467147,0.0619294698398367,0.996894871643845,0.0205811083229448,0.0529756148049046,0.0647949944036253,16.3795200171711,0.579414841470185,1.30655162992355,1.22298351278513,2.92395863239161,0.0229365150201455,0.168724303899169,0.029445594735138,3.55371160861143,0.0161165273440562,0.214657656685869,0.0446149126443074,3.89702971616972,0.0227331729481968,0.32654829617499,0.0611603484725584
800,10,5000045,0.2143868678808,0.454077511003738,-0.807540367847842,-0.809898508992192,-0.401960261460431,0.42734660906539,-0.570118650626374,-0.710309973521226,-0.555727173507433,0.730006564968621,-0.987518693254827,-0.802605187639613,-0.259254765395737,0.129522058060987,-0.326749376440142,-0.903356345184062,-0.306633042948271,0.0984733398628969,-0.280754101890625,-0.867963868998089,0.25667812677578,0.0910177953199158,-0.437637759164964,-0.941465842373408,0.987548373247327,0.027851137335398,0.0649878878806616,0.0795344376822137,0.593363953806623,0.023045554512677,0.0404701879623645,0.0564349707570956,1.37394022473156,0.0538486932456436,0.122870345527825,0.114519857503883,1.16842661118541,0.0555414235592877,0.0577387212890382,0.148224059938591,1.34952999939128,0.00781714171132464,0.0722854081576437,0.0970648391675397,71.7699721673231,0.11499215485072,3.91674602509521,4.27819268893352
800,10,5000046,-0.909322010621168,0.390964919019433,-0.473121587792855,-0.215235327503378,-0.354557154025286,0.212833134075964,-0.382849622255766,-0.240812629213983,-0.289143379062566,0.33270224021647,-0.583441692336176,-0.298401893377754,-0.937403126573038,0.387734883862286,-0.645618724161146,-0.655573879564448,-0.943670193155636,0.271565736176901,-0.407705378844646,-0.686906131658389,-0.892544520355228,0.347053337367621,-0.52018673021975,-0.796248308860045,0.685934137426659,0.0200153367243013,0.0468241169811138,0.0412048886991813,0.456199777407142,0.0133041768786748,0.0260485160638479,0.0419013542247557,0.748202621210928,0.0202545954769652,0.0546312773932998,0.0471628649575649,0.54353696267626,0.011650283074844,0.0436305465385328,0.0301378596365091,0.450492991751074,0.00743860317827029,0.0186753305956328,0.0269814765681539,7.1840441786907,0.0719480830452265,0.285605183664888,0.290376803493357
800,10,5000047,-2.61199043316182,0.994558594515432,-0.552748339702976,-0.754656210790482,-2.0131086316891,0.717452636290835,-0.376706798720114,-0.677152058872774,8.13102479801714,-1.32884367592776,-0.412791278586774,-1.30456900840372,-1.79724581888552,0.410796350637626,-0.425743558701099,-0.483798309205474,-1.59896446124144,0.306369345487175,-0.29289378152054,-0.519392424286699,-0.924872413538179,0.297967757626137,-0.492783109177017,-0.603209600102909,0.510198455540862,0.0521695989187534,0.0454400210793329,0.0712237354321742,0.390292168595448,0.0353446397133605,0.0388205977379325,0.0632826272888921,18362.994816578,337.108345545308,246.795434028741,15.7463290542683,2.50664063038362,0.286074651104164,1.1766771131877,0.172356844847557,1.30697710127254,0.00983618144343724,0.139978621103543,0.0348148353169568,1.98145863318127,0.0265614153998052,0.0834850645202195,0.0545867472444152
800,10,5000048,-0.91174087567032,0.522358841171369,-0.614676570176737,-0.429132208007634,-0.637607516939984,0.321464259684818,-0.396382354438443,-0.418112149873309,-0.585380012068577,0.416251974706986,-0.561874044292947,-0.448464100230872,-1.02222392524085,0.36451774732282,-0.619440509822668,-0.731953241835413,-1.06837788316781,0.298696508369302,-0.509989351534762,-0.697918251597212,-0.856406683638311,0.388741440778948,-0.781653814506875,-0.704929574026125,1.94578346825743,0.0515292761452971,0.0846080929554271,0.0399399881499556,0.988221409484508,0.0271221612088232,0.0427391442009005,0.0428813393294371,1.35896301734497,0.0403133976377045,0.0506929039575677,0.0428908886418268,0.164011144425985,0.00541956705859752,0.0132030095196881,0.00971550922452423,0.173462674125219,0.00500422614085852,0.0131751653490389,0.0113325739230827,0.340997117863316,0.0165703142657262,0.0559237380090306,0.0222012638653871
800,10,5000049,-1.25412368579449,0.397151325126878,-0.212657820364659,-0.582263417010436,-1.42136423872252,0.281826258996874,0.0312406578484955,-0.571393521026498,-2.101483527013,0.415476375337393,0.0692378453586015,-0.559219169962936,-2.53701113716496,0.344596369228978,-0.138467188526991,-0.315221180608944,-2.48416739186589,0.269929805699291,-0.0192848637974114,-0.333419022007697,-2.35693219628222,0.279017208887558,-0.0672933338392052,-0.352408646403029,1.69610642614243,0.0507364880871639,0.0361911000251468,0.0452291811703504,1.0665317864924,0.0298400957493826,0.0237116941327831,0.0460536594588323,1.90100413731996,0.0481693278795777,0.0420003717819263,0.0487147314099992,1055.62909967148,24.932387691932,1.94370391072698,13.9075349746129,30.6527550141007,1.41388836212184,0.0249135077682292,0.249609508815068,23.0729212774523,3.05675000557521,0.756274148505894,0.0800987135843106
800,10,5000050,-0.577480305483086,0.429470552999723,-0.481090095436477,-0.610214383300275,-0.45073919514762,0.27337132588584,-0.276235846752754,-0.570706453959366,-15.2471137065855,-0.700075317027671,8.32517232945042,-3.78374376576568,-1.5211410589279,0.322131841615077,-0.438408287503146,-0.434021662579375,-1.14676177717483,0.226340107803249,-0.433990239571647,-0.453888543702299,-1.22350965552675,0.307887528367267,-0.54210825930513,-0.482842615226706,1.83980235748352,0.0449700038506302,0.0657213894405726,0.0681827634798252,1.17334863335206,0.0304958009672345,0.0321425457846837,0.0525967085752691,101.693159397342,0.633973501122985,3.26459122081679,6.09884793950197,0.570012959617994,0.00651458022420582,0.0341551715623919,0.0126374484870637,0.671116066640743,0.0141865982845954,0.021150625731107,0.017708245105625,3.28010906102612,0.104018436155371,0.0488562670136283,0.0260241295569184
800,10,5000051,-0.44097519381524,0.566354833017417,-0.90708712201183,-0.611347789606352,-0.473869773120904,0.377853131651545,-0.573823757772768,-0.616508159004982,-0.9194745420378,0.601599600019735,-0.815388953617035,-0.622192530135512,-1.08732582102761,0.337435499173979,-0.489842171914511,-0.784574200285627,-1.18002679172479,0.263261297778704,-0.329466360335855,-0.804625339271555,-1.01478645502654,0.255896630007664,-0.352249675756925,-0.849501134286768,1.13456139377366,0.0319034317142665,0.0643188413674885,0.0677146915494079,0.689934603440195,0.0273877260746942,0.033970690298499,0.0508848134709973,1.40350414144844,0.0414450754914175,0.0661765517050935,0.0694491695158067,392.213747474625,9.70821215128341,1.54164208906505,14.1681429605658,7.13187308857968,6.04226383728829,22.0861078519075,1.88282193344426,680.742419949299,40.3651738633689,3.54004270778575,13.9955228537456
800,10,5000052,-1.41561759538451,0.765662797994558,-0.764567613496453,-0.826288161210188,-1.40397144712863,0.572871126239573,-0.428756301063892,-0.750861235953176,-1.98214047314491,0.815234028213536,-0.590473180128628,-0.747526497319024,-2.88688135179199,0.562855467749776,-0.547190406938498,-0.178459441207402,-2.08101479595837,0.318720184945957,-0.399303049826289,-0.211459662303354,-1.8206446864742,0.340493076207364,-0.518459354507763,-0.209858241516188,0.789909124951026,0.0369451918589098,0.0448064396538958,0.0536479346610422,0.507370248402756,0.0197022903636554,0.0259223212690192,0.0430457576261448,0.720994619445724,0.0329938147196409,0.0373145426713428,0.0436906868819295,0.457999214906497,0.00520988954510755,0.0309528472443404,0.0179975130823129,2.0317314961038,0.0127380137338392,0.10885826238308,0.015102442277656,0.805661086617097,0.0100647234444913,0.0634030263225242,0.0150748873393421
800,10,5000053,-2.66205175115504,0.977524543651677,-0.809235610223035,-0.476015993137066,-1.36951188256685,0.544480818527616,-0.578278812414248,-0.473112941905261,-1.44521715983551,0.727736792025069,-0.841499168311145,-0.52064556532668,-2.44399492959263,0.518816785114907,-0.427455862911707,-0.462451372555201,-2.08846583258234,0.299406264471986,-0.15903865040207,-0.491239280160753,-1.97356392492046,0.338385339277044,-0.298438322501769,-0.480683366503173,1.12969146475198,0.0449013427727653,0.0406204034798193,0.0562171780335957,0.569421998653153,0.0200669543907082,0.0347985921055394,0.0455428958212203,0.871749670580275,0.0334491527020694,0.0405586894351258,0.0512819215418138,7.07769232883615,1.4948579380941,4.65147783234305,0.844813267267176,3.83300987742223,0.113291979784885,0.29951537597465,0.0970948453007939,38.9975180405848,1.08603843427488,2.12644039489754,0.291746552036362
800,10,5000054,-1.34374385907089,0.849847313476108,-1.02912116264828,-0.233087705479736,-0.687537609732302,0.464930098094069,-0.700076792878845,-0.0973813193621648,-1.03230127268285,0.624197012600539,-0.831711349245255,-0.0414166090849583,-1.26045930151732,0.37142338082748,-0.561811202917074,-0.460277974288637,-1.35989364952645,0.319008722809842,-0.428404081777543,-0.470235442552654,-1.57606516124302,0.376965737093765,-0.484229379092607,-0.380784678991396,1.35169199319124,0.0449604555031183,0.064371800921742,0.0825469010613213,1.06113506974499,0.0206833534019227,0.0515500168919933,0.0768011294685689,1.05893752364901,0.0269520335723219,0.0599029863837731,0.0535546771045,2.27639211115357,0.0689642319384009,0.0802942106469792,0.0777191320226779,4.51289268977519,0.0856311881108213,0.0476345757675235,0.158740489607914,7.70704352389607,0.216908222002413,0.113533198604723,0.11525335240242
800,10,5000055,-0.465330570458404,0.504719716486764,-0.663944793810339,-0.479566411895199,-1.14348965461507,0.511539685676059,-0.44793085861024,-0.446067504529762,-1.87252262866604,0.874227176799284,-0.733523097869703,-0.571811383436315,-1.42579736018366,0.346624494346471,-0.280222862056137,-0.924639490940466,-1.34741001141437,0.274914228786045,-0.203498005962783,-0.8853845412189,-1.49765095588525,0.337550367372316,-0.269373481927011,-0.860309877311751,1.12703192727374,0.0229726558860507,0.0777579242992942,0.069801617130223,0.720819722490251,0.0273275622320598,0.0355499902019906,0.0612588505878366,1.88926521468673,0.0639052233563575,0.11315216819321,0.111131854928901,1.23527441451441,0.0100480539287368,0.120751674412644,0.145250887234704,0.57299538116738,0.0805438375548199,0.139698633806845,0.396289569303875,67.1765797674326,3.04120280527666,15.4716480696424,24.4816355335131
800,10,5000056,-1.78256573283298,0.65741139228645,-0.626102642942991,-0.192924733777803,-1.1757567510002,0.456331872854701,-0.523440744147641,-0.236251275663684,-1.54095142258209,0.758216657469799,-0.939781235450601,-0.271381200764136,-1.54970882022874,0.305483943145875,-0.458711556659383,-0.247536770989219,-1.28284871701746,0.242175074951553,-0.478686864916486,-0.251817858504515,-1.15050420763707,0.293858222713437,-0.575680259190088,-0.323836160180981,0.550741476378518,0.017847663848694,0.0556203399567396,0.0494241992711044,0.377853895676624,0.0179122721410203,0.0363853164398945,0.0402994559801934,0.687794119566367,0.0293292189997465,0.116432448637327,0.0724578860441088,5.51994899041647,0.0543446396778732,1.2461554893142,0.197109496873258,1.22715262646933,0.00921944686063064,0.466783598527821,0.021494074473104,4.49820096913039,0.0833901903516541,1.73078499048393,0.0753374562117177
800,10,5000057,-1.27251461085228,0.793505990336657,-0.876964044542069,-0.650555508632026,-1.54622955177575,0.601633521648964,-0.409110619006406,-0.670186576239435,108.914455651727,-7.46522810507533,-8.95803108898599,-23.251266162649,-1.26671496143693,0.330471507033597,-0.583793180992337,-0.316400029493687,-1.25712290489197,0.249406917629749,-0.447608746359928,-0.328870141866642,-1.18010926321233,0.314094163708106,-0.590919951420742,-0.311487239229973,0.813702678554377,0.0289029299897749,0.065450498402193,0.0749607168553145,0.542229417063553,0.027135253672242,0.0414839199569135,0.0811700582967698,12975.4122919805,75.8985838340111,57.9009388770375,1714.99305916256,0.569010862998148,0.0120885983078128,0.0245686668709731,0.0296780476073727,0.479859144479634,0.0170626875603409,0.0252276486731376,0.0433152999259144,3.73328153904366,0.0583079153704294,0.527351659440189,0.0772140567073884
800,10,5000058,-2.90438401747081,0.777581836084679,-0.452550008906561,-0.144184056839634,-1.56577068748193,0.452382324227803,-0.380815734135879,-0.276730202305352,-8.09959079384527,1.46028976482858,0.611334282157552,-0.152510234179911,-1.75991441224914,0.531631876376334,-0.670633198200202,-0.596404803606765,-1.24089867468606,0.307839780788146,-0.495766414270631,-0.527478168771025,-0.854681362087749,0.347674866181045,-0.717419036631271,-0.571693078788598,0.760200656902122,0.0329313787766654,0.0405326186006001,0.0875129899372332,0.63996829322082,0.0224594478514477,0.0360050835009075,0.0759441853637232,10.1587871616122,0.24634282351768,0.32243108591541,0.235773377605691,0.570746819564155,0.0196972735648454,0.0997733132323198,0.0398004812653686,0.421851504275958,0.0144568760322914,0.0469491218502409,0.0385808923631361,2.12045845749458,0.288462619133818,0.758640925234615,0.0842642285478128
800,10,5000059,-2.96186959874485,0.771303722804268,-0.467528346444906,-0.157403507224277,-1.57752780512949,0.438857387343833,-0.393372173137697,-0.204333092958719,-1.94560594445388,0.595878081130708,-0.533689317658484,-0.163126772643876,-2.54624172563195,0.577915794035828,-0.472626265362245,-0.437806258655351,-1.67932410530335,0.303974978269447,-0.259267703720529,-0.519943698275135,-1.24792101528552,0.288505599918358,-0.373124296100328,-0.556120092134318,1.1368421501184,0.0434503594002222,0.0303591113305393,0.0456387481153578,0.505118443151739,0.0174394617390633,0.0208760888753942,0.0406177836084996,0.782040896409923,0.0275456513182356,0.0252960717621045,0.0470019120468981,0.270079085267206,0.00856081779235098,0.00733645545761063,0.0248800163117765,0.227383486803819,0.00697881577951132,0.00466610814657031,0.0224561079938858,0.63154137478941,0.0318441379849139,0.014071194456471,0.0449040328735592
800,10,5000060,-3.34167357847295,0.891305862699192,-0.0703317868376641,-0.759993938540246,-2.04427214357637,0.532164954278531,0.0302228119146081,-0.817961838456752,-2.77591795991871,0.731434670941733,-0.00159988125113549,-0.826498006104424,-2.55817913442244,0.49177052556371,-0.161024891058394,-0.594321958420418,-1.86378946535247,0.281281262600888,-0.0234468446357581,-0.696118076843896,-1.75292660504092,0.284458913173828,-0.0543408931903939,-0.687137499205871,1.06546508069485,0.0321371284746184,0.0317198231970037,0.0522244278372958,0.601854412261371,0.0200194179949236,0.0201051425319553,0.0528087921581992,0.984984461479347,0.0272964660277748,0.0299426161371166,0.0557079285045889,0.457021034821708,0.0644861290773649,0.297548679866045,0.297389136734013,4.36139036305568,0.404607746889609,1.79911253338034,4.14250455879318,0.217942845696006,0.0320905378292671,0.0985028200510318,0.0398650564254336
800,10,5000061,-1.01227353883445,0.50839316562205,-0.7704169283312,-0.347821798179556,-0.978784784451245,0.312168217478667,-0.434202803564792,-0.34204094052892,NA,NA,NA,NA,-1.26774285972959,0.41603727361724,-0.695370814281523,-0.575923901514575,-1.61623027508746,0.320759655110814,-0.397851749602132,-0.530504518712024,-1.64616959869825,0.372366951418645,-0.489217111769778,-0.519917430417501,0.937697800141915,0.036865908813742,0.0624105624362635,0.0379242832413273,0.641235895156863,0.025151144401954,0.0374842435501421,0.0350268562115451,NA,NA,NA,NA,0.512917122879125,0.00997576052680056,0.034341219753398,0.0127541661851238,0.470877207592327,0.0144175010735951,0.0197238920772959,0.0117804855294191,0.81098095805078,0.030890513869525,0.097044000325848,0.013086842978642
800,10,5000062,-0.135738777094094,0.23407065611083,-0.471544767370478,-0.23037360243129,-0.0758925933277789,0.0665992135969418,-0.221590094090496,-0.193561045860522,NA,NA,NA,NA,-1.94437352832027,0.336773698405703,-0.598475697714227,0.0404329554016786,-2.00089668316516,0.208499871271715,-0.264291610696075,-0.0159161442391511,-2.17993273428654,0.303814139172768,-0.346030204857686,-0.0300586971170238,0.920070774498815,0.0379492055285075,0.0443947698379192,0.0537294934559426,0.67777314268263,0.0235088021355562,0.0182698687065544,0.0715985627891662,NA,NA,NA,NA,55.4946604834587,21.8767175797937,11.5923235237032,0.809408673307404,5.28682573892646,0.403048645394532,0.042026057810721,0.0353943310223972,2.92816447606653,0.295344412232033,0.128753210501709,0.0336037002337232
800,10,5000063,87.6314721787161,-10.1044546465817,-0.542961190463622,-29.5915807938644,-1.0957989079014,0.30456459732131,-0.244818255045593,-0.263113641641911,-1.61222456922138,0.500318827754449,-0.382901431303172,-0.278741969995305,-0.802661277235784,0.300654575520015,-0.406411265898325,-0.861843378835431,-0.687981897461234,0.214622913069911,-0.324151241944294,-0.803014123896205,-0.863321652655076,0.291514028674545,-0.400089034891222,-0.781434638098653,NA,NA,NA,NA,0.681901678551902,0.0317770397029005,0.0352931817124584,0.0391653602842286,1.35531281981443,0.0490081082706029,0.0824020729764794,0.0577032108019552,31.9993058681527,0.852001967690961,0.731582359798158,0.18431788365393,1405.03350250512,53.6386310558884,8.50661182658854,0.936381035843711,30.7921738000039,1.16368470434265,0.371715073439385,0.0823678840587561
800,10,5000064,-0.633655501511557,0.549885055304866,-0.686808854849321,-0.881782901231196,-0.547776677788833,0.381316680705088,-0.471541004953704,-0.794857717246095,-1.10170154296404,0.690814471045146,-0.731117651433658,-0.951628809601441,-2.35873464413575,0.486899625492636,-0.270743584561831,-0.762258846426224,-1.47576857507148,0.22845785397048,-0.17994977422322,-0.713069362491794,-1.36331529476406,0.271694939868054,-0.264057048018846,-0.798958615761285,0.963925919347378,0.0531303055817669,0.0635260524672962,0.07402829175692,0.732650241589271,0.0302489411941829,0.0343194621412732,0.0784370456540177,1.2514645797921,0.0767943630450746,0.0758128318749303,0.0947250548682789,492.328680253544,3.14725883196064,90.1202314110091,24.1816543416044,75.5971705328443,101.002443745271,50.3471141518615,270.945494720042,2.20789352553974,0.518602927278111,1.7212927618188,0.432231858382207
800,10,5000065,-2.37600739937122,0.86008439618417,-0.565986511374108,-0.790174107408383,-2.56393126743123,0.677924418610504,-0.280422148713529,-0.632639984959753,-3.34039038090482,0.911392466471903,-0.398766856862664,-0.618358952035109,-1.57753028927362,0.475753584049856,-0.411287208312981,-0.958833146011899,-2.1050115466486,0.464295966397181,-0.241341144707445,-0.870653996037396,-2.33489983896996,0.592198384591414,-0.364270150186991,-0.916558951147293,0.898176630581034,0.0440629640333561,0.06212761391292,0.0806916393420967,0.75819358189306,0.0254449963623499,0.0337449081165278,0.0764415709365752,1.20880544803727,0.0452028461693628,0.0572018986772601,0.0784019515748122,648.212285952818,41.2467064701041,137.387991388038,222.724143268546,0.806625562364373,0.0409510649851569,0.0812293943826688,0.167760706588225,5.52446231897639,1.74239092568301,0.522871994214717,2.22961266882179
800,10,5000066,-1.44928970945183,0.709118099961925,-0.72408654379993,-0.532084226422999,-1.86697381277612,0.698661888101492,-0.526167732250252,-0.571667706604794,-2.69713537354697,1.01046326549051,-0.706214529523805,-0.652434780339724,-1.40843154473378,0.387423945589634,-0.518720204713867,-0.56316820175031,-1.81397226471617,0.399767242464487,-0.40088129612322,-0.552361676342876,-1.34433014036288,0.392070110569821,-0.520561686418049,-0.63451319035578,0.53851294480331,0.0239455285703081,0.0427608968030382,0.0680418887403524,0.448928714523939,0.0186618134784652,0.0300249366375451,0.0553746585626843,0.969902006379102,0.0538396218549041,0.0564472608159463,0.103065199049354,0.515328973962599,0.0237150255832375,0.0487055283799181,0.0526272120436943,0.155120610765461,0.0232787976356307,0.063394535032575,0.366460876361792,22477.1164227761,2122.86256982185,3255.66455583584,7303.93342935459
800,10,5000067,0.544409949459751,0.287026642485754,-0.623002570034838,-0.799004097438646,0.446092045618653,0.206472191045199,-0.469033095707467,-0.710304152450694,62.3254723784567,-7.05605100321259,-5.13350775905683,-8.45308897091178,-1.07729831323166,0.308160741776863,-0.423949185546629,-0.681999963535267,-0.903582397966515,0.242027653903973,-0.405989257433005,-0.666541833490358,-0.41667982547506,0.23527521564361,-0.558667716696795,-0.733750189561657,1.08677874365498,0.027848220062776,0.0473615855046954,0.0469381558824876,0.753260215627647,0.0191561159949575,0.0506904097325409,0.0444890390403316,128.899022908321,16.0338895097199,5.80654726013991,49.1591798068585,1.22962263740314,0.015217328835459,0.202904773906122,0.0792113409358079,0.788330403034719,0.00948140419780445,0.123591710845118,0.0743005893533805,12.6992028403896,0.0214949046882471,2.99918717766478,0.0598136579585905
800,10,5000068,-2.9314424514497,0.723720893963872,-0.197049078088305,-0.314567329933594,-2.15986924907227,0.486689263581662,-0.087092419380876,-0.334072930562987,-3.33742997790406,0.814948527572236,-0.204340647200405,-0.244752210407045,-2.09290874694241,0.336981738300697,-0.283536771617175,-0.302286295687773,-1.84658209189812,0.244357213750101,-0.252629810722242,-0.271628511660195,-1.67816238068162,0.26309432884194,-0.36417947661251,-0.229300901538602,0.714883063310027,0.0261002561154715,0.028829492304317,0.0516900255932807,0.619500159894103,0.020740215321452,0.0281358028826664,0.0559038073836036,0.626602530815527,0.0241567852230807,0.0273601995529156,0.0452039798042292,2.20150146871295,0.101629686684762,0.0163473770776526,0.128187380932257,2.51358241271963,0.0539826126387598,0.0417372575522852,0.0545937902863448,3.67969162863656,0.116505993023862,0.0561952420634575,0.0458642980566918
800,10,5000069,-2.05003837107087,0.73123433926877,-0.534275092613719,-0.593784006625701,-1.89465134270537,0.579353022213988,-0.383845338146179,-0.499662392708073,-2.10922028283038,0.723676450867524,-0.530031510021567,-0.524055214387883,-2.08943774730405,0.402480646127315,-0.278443640104765,-0.681660150554894,-1.95189922223544,0.355832754823891,-0.251117764911289,-0.696801613585314,-2.13804281059993,0.413678107173625,-0.268854385442716,-0.659810573033865,1.50689183206977,0.0635978533375506,0.0521376347683476,0.0777903177171607,0.592268446891225,0.0252100030585621,0.0399613057477542,0.0511202579912223,1.11249321861665,0.0480680427674685,0.0613019525152182,0.062589293009422,1.56272577189808,0.371498522109275,5.0996543305213,6.53798966231555,1.62808361003218,0.0830695520268054,5.04444674770426,10.2568837294532,13.4154314286549,0.889349311389853,14.1135545302183,3.30088776992043
800,10,5000070,-3.6607840116359,0.910284708469468,-0.479425800536728,0.0616818922442937,-3.26441651765828,0.709090151625351,-0.269319902591411,0.0709857189801576,-3.83775270479053,0.946623489866839,-0.433449792852776,0.00616764333470937,-3.77741011821935,0.662579436553307,-0.234381366148603,-0.271330335381989,-3.67714220699293,0.581584416287641,-0.161993698929277,-0.274969283224634,-3.59053482705824,0.625078404812162,-0.210745441058896,-0.346365817008827,1.45129657413406,0.0404270466267851,0.107553698611543,0.0595239339996698,0.950341517157639,0.0260357710945162,0.0450473580507948,0.0585368314228653,2.02530959427606,0.0519669088541238,0.103212381542148,0.0737336274090304,2.11075064257899,0.0731075347733104,0.0246935469195153,0.0313010781518359,1.11253554512368,0.0277248035603676,0.00811905070689457,0.0259850688669104,0.969706058545825,0.0287187141768379,0.0426678421609748,0.013416655623265
800,10,5000071,-0.193704372658428,0.647685452684985,-0.988081178583996,-0.592174985723932,-0.507599950455846,0.459684649011087,-0.55390942342912,-0.507856648210036,-0.564257293536762,0.638082493275289,-0.803193556161172,-0.602341114918567,-1.38250509428544,0.515543708136401,-0.594296105457234,-0.66576090297359,-1.40959998871325,0.427171286368096,-0.409111961280652,-0.711857612259565,-1.54156559749656,0.538629504481703,-0.503932228625385,-0.781142442471155,0.786804004376042,0.021648304738524,0.0527732460738921,0.0370384742191057,0.693277524516133,0.0169032170072573,0.0344142629884054,0.0432142138705868,0.768828916227034,0.0197150043253648,0.0449885750903018,0.0362377837455098,0.170608642752029,0.00548399757490125,0.0188324615012232,0.00664324948664517,0.39518523469177,0.011122531413709,0.0241804170548624,0.00938300437288938,1.14019721556669,0.0321932119255753,0.0556794263500709,0.0080377444898146
800,10,5000072,-2.24350204307888,0.650613419158752,-0.319248755157398,-0.550248849949373,-2.29711685288931,0.612064075811579,-0.245353440625373,-0.56150860336142,NA,NA,NA,NA,-1.89532877940066,0.334474569809981,-0.200502679505086,-0.544329749600864,-2.14422780992527,0.310287981854918,-0.0903302951785386,-0.496652921418331,-2.30286601567441,0.435018082635599,-0.278367206827469,-0.505732100840346,0.838655043030025,0.0322764582415181,0.0526628257527234,0.0708400346710698,0.635245292809591,0.0255894895779841,0.0394373972627249,0.0553790505618932,NA,NA,NA,NA,5.06173930428031,0.0156277334646462,0.3053244750898,0.110962789473643,5.85409078250614,0.0055792639462528,0.441069903942033,0.2631508408284,3.16133871841044,0.2402713718018,1.38106292155964,0.0970300282510031
800,10,5000073,-1.32284765649281,0.500609898803278,-0.410820434764188,-0.723602151869765,-1.11262114609545,0.411521932898678,-0.350970599863407,-0.70994128376842,-1.65740706234541,0.621564263332875,-0.489692655012062,-0.723480392283747,-2.15607636951048,0.41847268364374,-0.333316457580679,-0.576782324096061,-1.95230293479827,0.28930015729526,-0.187860953710083,-0.544342850303062,-1.78405512247243,0.280941664586038,-0.239041044722966,-0.529764458062009,0.89523703515464,0.0338011796920035,0.0430975367760772,0.0411488505299705,0.669540102554947,0.0266432628568607,0.0332346838260035,0.0449372728627223,1.06780687886844,0.0470130111615552,0.0538435851545478,0.0448265919936255,0.488196890073108,0.00729756922226583,0.0681451437643354,0.021821911250329,0.333631065025132,0.00986260432756063,0.00707124191143694,0.0124499942018609,0.951541629509655,0.0392123770808284,0.0192343528621441,0.0173241226943645
800,10,5000074,-2.09894021214135,0.761569004251113,-0.657511325056015,-0.211013946553301,-1.83005576010368,0.530164842189875,-0.348416154622784,-0.219708467359369,28.3844554678064,-0.815867452827163,-3.02476604790243,-9.70203248029477,-1.50154608532963,0.649360873323299,-0.718405296108144,-0.871720022041275,-1.50539515495526,0.491025802530501,-0.455331686803182,-0.81247457354121,-1.87985590342609,0.647544902950643,-0.594774439517712,-0.834803524804838,0.582220162862607,0.0281890862180014,0.0554864256465327,0.0406994802514939,0.491463789566481,0.0135462179939056,0.0391865065402138,0.0357122188694904,19534.8507886796,353.045485049221,2499.35065535474,1675.85689210347,103.147673710229,2.11302406630491,31.3385243232528,11.6489191337737,1.8629264525867,0.028825185259885,0.254752160576427,0.331948309831645,91.1850956457029,0.165259899316261,15.3367116536438,3.1029936085404
800,10,5000075,-1.11815997461143,0.63161324317751,-0.618678637354568,-0.666805101383623,-0.759348348675522,0.402755284129578,-0.394675373560897,-0.621519543360832,-1.13697680188955,0.583937157283232,-0.532754965628865,-0.652327158423375,-0.923336736789758,0.229408939846039,-0.387046155193086,-0.586917105105334,-1.37855452489367,0.26099338357468,-0.250899309459923,-0.637731352082341,-1.2616287350277,0.305088233507712,-0.341718040231891,-0.658080980214674,0.742879237057296,0.0248505546032554,0.0469041741450929,0.0413257977257147,0.647617227091865,0.0213671830285628,0.028677564482639,0.0427473933181956,0.761001090158404,0.0275015926791793,0.0437568155278368,0.0413200595870979,0.211058057472606,0.00782270891121139,0.0117814771462052,0.00887951950607603,3.40604686923942,0.160672642183676,0.0120038079209698,0.0492838390939863,3.42659741691397,0.199941660524522,0.0178633317941854,0.0103673911199256
800,10,5000076,-1.21173191582442,0.407991580570227,-0.285185359736731,-0.348426436802239,-0.668376956449752,0.357553336240147,-0.470075604762379,-0.283198804968194,-0.952811614702052,0.518799570798449,-0.650843055419954,-0.254600334012553,-0.976255427022092,0.174498391907339,-0.167233256130776,-0.823088617018164,-1.00494124870374,0.197708684293761,-0.202893802315741,-0.843463216051012,-1.09331956200742,0.28766514799486,-0.334046830125429,-0.853866558486371,0.877295748753103,0.0312248176354764,0.0395218545504492,0.0853312050781249,0.912802602020711,0.0333682997202614,0.0354430956899398,0.0828940891379737,1.27359657606186,0.0516544526568497,0.0637098502353733,0.100644929474092,352.098068648533,1.35376027831305,58.8163877267363,18.1203136244008,0.722212603765493,0.0177604069224686,0.161460118509245,0.29792044258597,3.8592987877207,0.397768636531924,2.94980437633387,1.94693621721295
800,10,5000077,-1.48662317550216,0.568819617169677,-0.577250033562658,-0.439918594804084,-1.53046871228614,0.529052178535355,-0.543844193842493,-0.395829935746347,-2.57516170718652,0.922683634064922,-0.761127892577029,-0.491447053061791,-1.22373628842256,0.248412941909203,-0.402020799478132,-0.437233259495603,-1.31822700314648,0.270391911426354,-0.438175894121662,-0.438403728833882,-1.02922484909147,0.260461855762911,-0.543415276631385,-0.432328041792525,0.523432280930778,0.0249437792264285,0.0371328853852097,0.0304344956986704,0.494410266355851,0.0210051079490891,0.0323425519067069,0.0284390742094081,0.878602843153606,0.0535025847190558,0.0553496709136349,0.0394206622364749,1.664216938505,0.0384187499988495,0.0476835450960409,0.143684742335507,0.737014280272382,0.058635535519743,4.07836358471305,1.72027281268462,3.11829248679043,0.0345725692850912,0.321307741354187,0.0216141979655482
800,10,5000078,-2.16458625020254,0.726682811479979,-0.571746755498874,-0.400011472732074,-2.04777236723036,0.57149931275752,-0.331820553282401,-0.405114195762917,-2.83335403955085,0.826458390512099,-0.44649283965538,-0.395537345125582,-3.05053811422309,0.615895632658713,-0.350980449305193,-0.500599135170065,-2.53352688402657,0.501001026782861,-0.320021649943885,-0.552692865176229,-2.84266872742008,0.641863438232976,-0.439576493875316,-0.578931850609332,1.00661609711678,0.0324594709093197,0.0425585587687999,0.0531867489718461,0.794992275381717,0.0291197509891366,0.0284962098247127,0.0501358805100888,1.27892653811324,0.0425544475190977,0.042711844070584,0.0574632115903223,9.09866882922597,0.100337255831168,0.121902752036152,0.345525664108873,4.43658059457248,0.0877064721487643,0.0330506088253591,0.307684016420739,19.4151598929379,0.527167261612457,0.143000603442727,0.983820051526026
800,10,5000079,-2.80985774977044,0.87332648668886,-0.463548017146733,-0.661716511674404,-2.33775985980664,0.707899551036336,-0.395551696968457,-0.554692357459591,-3.37601995983591,1.03806918039019,-0.522593114473247,-0.709584695770341,-2.81936823144142,0.765027296750597,-0.474772811237427,-0.961502836227362,-2.11283174277203,0.52748345205208,-0.365817703195441,-0.883423864908932,-2.15037093440835,0.599124993124119,-0.479381249573327,-0.927966799766246,0.718477991896328,0.0386368201823751,0.0495367536988378,0.0957531972615759,0.629500622594978,0.0364066939072396,0.0294846292220332,0.0891988349709818,1.01208813416237,0.065483151910169,0.055916401433313,0.134747758071163,0.491968605309088,0.0235894650727908,0.0665599354013697,0.0259813025358858,0.701486704945329,0.0156361637227951,0.0430065522318345,0.0344997507040913,2.81547513431266,0.0533547730218354,0.347764728296564,0.0566378067461043
800,10,5000080,-1.49581445730418,0.530924079296454,-0.59751695078968,-0.292008746145641,-1.32314960265472,0.388225208515996,-0.409252085975413,-0.271717042937162,-1.35652628978946,0.507022791092149,-0.582113369107484,-0.283993995429209,-1.96493590166226,0.333784317223225,-0.266369952633453,-0.404296083478065,-2.14378762675725,0.276747491843782,-0.0920034010524134,-0.425459609813014,-1.75962847558477,0.263579817249626,-0.194267250175061,-0.481831198543701,1.66319081723716,0.0579882417708074,0.0391231962965616,0.0631635590523245,0.880535523066655,0.0224430425996225,0.0315069480733313,0.0515079782314223,1.40401924752154,0.0491161047788648,0.0342901776156107,0.0586426768406415,1.21578493819355,0.00615912312754133,0.109814349882335,0.0145920873364835,0.953866508965159,0.00609355919277137,0.0748949057283032,0.0108801746447752,2.30928887776273,0.00961875409253234,0.242869491079434,0.0120551500008821
800,10,5000081,-1.21389900710006,0.451140336788652,-0.17567625506008,-1.05856074114732,-0.889919623651182,0.480836592006643,-0.361435870086265,-1.17279790226777,-1.51876836904489,0.763839755403998,-0.546270617692157,-1.35189795394242,-1.46939272100315,0.390229040635244,-0.219341442858893,-1.20039381309345,-1.1230178740085,0.290645035824042,-0.173387917537765,-1.19590331000326,-1.22472592068425,0.364873853822287,-0.245481462915392,-1.22320200652975,0.737365638003697,0.0292451268614853,0.0412037795702291,0.0748604762119048,0.60966080867178,0.0288622287623835,0.0504911207623394,0.0936390637111515,1.22071102901519,0.104716882334401,0.112223689672966,0.162424950768494,2.17253634347854,0.0746179492188283,0.144070963475731,0.447555529999985,4.5413698720225,0.0600402981869655,0.254986987524823,0.716508994245081,18.6060511022388,0.290939798776751,1.47519229507138,0.393730595465008
800,10,5000082,-2.48991544952588,0.752415460822893,-0.455699781115465,-0.357122887953276,-1.66137984512438,0.471845696071701,-0.339728681259036,-0.30463193518845,-2.43800508895733,0.735890721969715,-0.539950774899166,-0.244206613578827,-2.30047496734117,0.509319611317709,-0.382185272728403,-0.52507222388515,-1.54825002181719,0.318728948162782,-0.34672691565339,-0.542563736635715,-1.61966510943862,0.389805961343108,-0.475837907060756,-0.486445988056834,0.561811840161305,0.0326164722050632,0.0220414004570416,0.0612359366118234,0.463799189840745,0.0247054227263993,0.0175646648494795,0.0558914998051532,0.547214216164727,0.0290313027662093,0.0277512637068901,0.0525251109595749,2.61709902817407,0.0431130497330447,0.542151704154742,2.48679515689483,1.49801515055002,0.0734684017558378,0.21451528711479,0.671711203740191,8.93427341635572,1.13600816365999,4.81687550321314,5.61372597195656
800,10,5000083,-1.35723939029352,0.860215880299234,-0.904386470250633,-0.800496534667524,-1.23149583006038,0.720749979018281,-0.652696344177171,-0.861650191409782,4.78186208741456,0.56571174362468,-3.27276370783694,1.12670900615531,-1.67872515356003,0.537480518799152,-0.794988066865391,-0.499550606399334,-1.78190879056942,0.345154079178036,-0.323608587286991,-0.538528702630729,-1.51691640186763,0.451314254695725,-0.6150419871698,-0.568667225684384,0.989618810768871,0.0298641913256416,0.0932585845268934,0.0607157882459816,0.558001558888073,0.019096655532153,0.052505266131761,0.0514320502722255,3.20130544064754,0.0986216094337056,0.19795767826689,0.177447108306647,0.35165135857055,0.00800449588467802,0.0612699575964882,0.0187084656090007,0.292034350691153,0.00964093818977319,0.0233217070031933,0.0290588271187604,2.06179174256464,0.0546062036324341,0.301206356419041,0.0545132515797774
800,10,5000084,-2.0528414686635,0.576655066641176,-0.441373867898409,-0.255418468450399,-1.93646020817478,0.457827496064041,-0.26241201224576,-0.293009621188412,-2.30988221867871,0.641267069335363,-0.429749944231076,-0.318359375105998,-1.90552807181551,0.385789530916728,-0.353751047338486,-0.465680796425149,-1.73150587780684,0.291760756847751,-0.237841394340822,-0.512782188641943,-1.7859602846071,0.371156685471089,-0.38268033194672,-0.512060210698086,0.959444774295604,0.0301557388150433,0.0833814358230124,0.0352345210839382,0.766704622236174,0.0200499666484731,0.0529824568843313,0.0342957024503065,1.10885241695672,0.0346383427615088,0.100629673885636,0.0415156151118535,0.554033683742275,0.0432785884106974,0.147566088743434,0.0539818329297472,0.872296488509085,0.0488034054770526,0.211701205231275,0.136563476218135,0.678458767869943,0.105499570602,0.62023175096813,0.127020962107205
800,10,5000085,-1.30374092135838,0.688072606979799,-0.402641297834855,-0.947444178097836,-3.72078171810047,1.11125611874247,-0.401418031039326,-0.827579918448765,-2.01325564552617,4.83565225125309,-2.8617133272494,-10.1871028331114,-1.96046945703141,0.594706348935302,-0.490274484290919,-0.915940687158437,-1.94630534392063,0.477238838527715,-0.238758234017807,-0.951474743012544,-1.81196788563229,0.658798456544682,-0.530964811583078,-1.22331721187359,1.09305318868575,0.039957714229025,0.0327603154410179,0.0798516462282075,1.25340347184976,0.0554464303485481,0.0335914284386367,0.16477320612733,339.823340640735,30.7484235603997,2.80892743000137,27.3230302864905,0.201982047083049,0.0140458951389984,0.0544777609808039,0.114776743400358,1.23226676430573,0.304502122198222,0.148891843050843,0.124595408758217,2.67592452799698,0.420481672189062,0.767211106520691,0.649066142470994
800,10,5000086,-2.59109213628012,0.952004312571125,-0.714437628185537,-0.549766746171712,-2.21474784125088,0.665623273156273,-0.417024849654217,-0.443047816417626,41.4622927817023,0.259529332404845,-6.59517517744905,-10.2888119074578,-1.76940236288317,0.414789129994535,-0.443785486740265,-0.496506736265055,-1.4477247190711,0.279663873442997,-0.318893767006137,-0.536018332836136,-1.4107101684071,0.338192681944403,-0.423622647494251,-0.554511175831689,1.21533010890954,0.0244897430229619,0.0888651941568184,0.107345047446093,0.935418587923031,0.0210168001061833,0.0639213415895946,0.112527070867156,20.8264783606147,4.19294963472125,4.20379288403508,7.71723197519784,0.978240330139656,0.0252699739389655,0.0980566167543632,0.061797862301828,0.58108561986496,0.0244905256144199,0.0330572796045069,0.0503099552643646,0.988022984677679,0.0531476817154257,0.0539062779981662,0.0728436741661084
800,10,5000087,-1.14054634053824,0.589192057063847,-0.545879974099603,-0.513638940623081,-1.10157318441311,0.577322721222874,-0.580541997000729,-0.496056319004974,22.5205674482794,-0.0627619352902499,-6.02375286333238,-1.85209947244958,-0.960614695117628,0.391392821729293,-0.697360294183316,-0.600469478913634,-0.967796555359238,0.255811520258769,-0.456561650039678,-0.524251172127268,-0.685415880950079,0.258910640257509,-0.524365891207919,-0.592473002400102,0.713708945433587,0.0299704443369323,0.0399808428035646,0.0536836647311374,0.584466064157744,0.0256591419197933,0.0264602593661714,0.060745721584019,43.534774988712,1.61683147602163,1.62475621553463,7.28392015024758,0.275326084226565,0.0230383596731494,0.0829342296996668,0.0372947835798702,0.220359228021765,0.0120846303504565,0.0135186520555692,0.013517398618193,0.805437617390227,0.0717845026221765,0.0673400875788832,0.0141119848560875
800,10,5000088,-3.84074208795034,0.892764773157867,-0.412458620036393,-0.214220873910919,-3.26954693859661,0.649856945734991,-0.21371925929943,-0.264817847409917,-4.49001452958149,0.971730321552667,-0.22816334193856,-0.362571899113877,-2.79809556861652,0.506035344865867,-0.248818573404414,-0.519104309302173,-2.04301874494539,0.308066480685204,-0.174237956305342,-0.570731407698566,-2.68582630730763,0.489321493603347,-0.218126216043881,-0.571798837727235,0.738341536630096,0.0387032169756556,0.0347321653700883,0.0475923866273481,0.776518808744655,0.0399998935216221,0.0194472198958273,0.0537018871493974,0.935754775841028,0.0474663203188219,0.0362932072028698,0.0657782734530527,3.64099569594133,0.147672505851893,0.108286432587783,0.056151139231031,29.6465263551484,0.723361931313487,0.835411000214255,0.079314786347766,13834.7349809285,329.253521878901,323.285245621726,3.92055246037289
800,10,5000089,-0.755168040626444,0.730356331254912,-1.05643313936476,-0.592674657506987,-0.0897946739044361,0.479077118706671,-0.915395299703335,-0.49529647102009,-18.9229617646576,-1.80034908279253,9.1941376446048,1.50068580869948,-1.8771846783454,0.627362586656067,-1.00189773038823,-0.37169772014715,-1.31808924428578,0.348149564539984,-0.624515164825258,-0.414852148429482,-0.820627843914427,0.374954064532452,-0.909986959118074,-0.368904825860976,1.30556335663175,0.0867147425851865,0.099046181308244,0.0515641589114845,1.04459555166872,0.0327916325023895,0.0421197340668392,0.0497285004936585,32.4660014222816,7.12099503565065,6.47904108342452,4.92688406318923,1.83423656074251,0.0961631914271778,0.0623485692229562,0.0331611488573314,2411.13619659736,188.422154436354,7.29686536662368,31.7451981327749,45.0332001762893,3.55421354503916,0.121572080855598,0.442844865992651
800,10,5000090,-2.21392780244367,0.875811440180353,-0.650910283354791,-0.943734801196933,-1.43723249292941,0.548676268599901,-0.426724832818454,-0.815093300887166,-1.77807950252031,0.721207197281939,-0.580158736224126,-0.803378528394365,-1.57533769892796,0.560620450120152,-0.498130130770862,-1.08706204273362,-1.45792175482226,0.459883803499253,-0.374879601613876,-1.10200795253372,-1.75240540064861,0.585880293480534,-0.485203918788147,-1.05845878139436,0.604452373296036,0.0242303168353838,0.030254791575934,0.0897197116830373,0.492528944935601,0.0122187969317974,0.0223167624755044,0.0767910392766026,0.532414219816178,0.0181605096198225,0.025562367881274,0.0786561289200633,1.8571838296631,0.055463659670706,0.100709321424408,0.0570729960103893,2.63709149343304,0.0614410917657905,0.164989121378102,0.125538508586338,4.66611220776818,0.164014653386386,0.0972176262375525,0.0273697780904726
800,10,5000091,-2.64066985286064,0.731339531320672,-0.309822222524311,-0.693720903116078,-2.2869080223432,0.644068269694897,-0.390675731434662,-0.531838414918343,-10.7533155816583,1.77253297210527,-0.734515028994132,0.822098359777658,-2.02165981189684,0.421805866850659,-0.333109965544324,-0.618195022723628,-1.68553789284088,0.290138676949567,-0.265268985603923,-0.563437524759078,-1.6732203245365,0.33680320943921,-0.308206366108623,-0.639282428486225,0.792958646252658,0.032042951252325,0.0355856725441294,0.0512338400358154,0.558358804457996,0.0263644805967982,0.0359159064447959,0.0425897798112702,12.6724008916866,0.32295854586988,0.809827134218244,0.400591301730062,0.273408774084325,0.0207534159130199,0.0559784107806044,0.0169609122101553,0.139327110855535,0.0202917215481252,0.100545655615059,0.00897089045655335,3.54002680539155,0.452737220671289,3.76349436782072,0.0439555445621733
800,10,5000092,-1.1721410369296,0.68735526386907,-0.757610059976022,-0.627368564245494,-1.76452270951325,0.527433678151608,-0.2975043330177,-0.506807192148232,-2.19927060498064,0.740452932169213,-0.482620696139154,-0.522674932194845,-1.64230834355245,0.463178526700569,-0.540649864120316,-0.59422905478426,-1.38951758460629,0.296078884697664,-0.337900573421718,-0.584286717377166,-1.60638720579053,0.408038272401441,-0.457336715363502,-0.579534979798176,1.01065604402879,0.0271822459090717,0.0867136974928088,0.0744609544220723,0.512405471088225,0.0187605661215821,0.0287441278103136,0.0599260899982127,0.576885778611825,0.0291042014274578,0.0401764929146393,0.0661385129749266,0.323717383395065,0.0161440731290713,0.0389257242457679,0.0142807809049848,0.170834186497068,0.0095670086483013,0.0219129211013022,0.0133604157070925,0.372711336098661,0.0390736757384632,0.105714179250717,0.0146905845344624
800,10,5000093,-2.7073991537011,0.976693998155268,-0.923504594275549,-0.133907268067534,-1.53562990989611,0.562771297622074,-0.656342380153597,-0.193514355985985,2.81742960304542,-1.56654066251871,1.63810873283043,0.154168282764207,-1.55804533838251,0.39081184489045,-0.367349216044497,-0.754265539986666,-1.11174048644211,0.244588693936903,-0.293862610780871,-0.759641736418333,-1.46519906112305,0.342023977487673,-0.341512278771407,-0.741502204728515,1.09728125723948,0.0585525936004756,0.0618444648391809,0.0774568651300295,0.798383943067235,0.0398210477540466,0.0513729689230927,0.0866823110081276,144.589034480381,1.14686072392415,5.29927844704244,11.9141710118109,2360.15425334472,20.5813390570856,266.684195963924,43.9351093544922,2.54498166033824,0.0817043675326096,0.510439504718045,0.617513891204596,19.4862698589731,0.311436797553816,2.00752804949453,0.0802649424616975
800,10,5000094,-3.1965279811999,0.697710495547583,-0.34746791858127,0.0787363442473014,-3.12333855208478,0.690322300470065,-0.451171526504494,0.174849600213878,-3.55159089769789,0.91879255437736,-0.715522666794381,0.210008185422613,-1.37072789965817,0.394033636784237,-0.604384634746125,-0.486861339517855,-1.5222062499966,0.339763906589572,-0.448794844398268,-0.468271672214637,-1.361331146075,0.560288250126667,-0.967950094631019,-0.536683761541554,1.287659096097,0.0316283626964424,0.0542302988788181,0.0459260633883715,1.43790917136754,0.0355703108778144,0.057347822917749,0.047789990629325,1.47052842840857,0.0488480470468556,0.126668506739148,0.0654059222329843,5.86343016641067,0.111993147709811,0.237529552304705,0.358686081420149,0.913069122330512,0.0837165031769209,0.0374227671953139,0.235891735247373,1.64525820159065,0.0976901811391594,0.103342696602876,0.149346811992876
800,10,5000095,-1.94977817527272,0.67168642588557,-0.528924087062773,-0.533434264870217,-1.8807766279762,0.586051892962761,-0.35390692250127,-0.607654660606394,-2.23162176807161,0.735134385754587,-0.488765954071251,-0.607047767524265,-1.98610808753889,0.499555939013256,-0.485898341774488,-0.6185573210788,-2.07397614976576,0.501357544570129,-0.465328621608461,-0.636767160230221,-1.69063732070844,0.562239770686847,-0.701729669220164,-0.729281476813509,1.22183114664551,0.0379013996197038,0.0595115850284695,0.0655871700272802,0.679043848460977,0.022338367055782,0.0390994902562057,0.0684484875516303,1.23110997297228,0.0422786771702313,0.0564901743825012,0.0629732824658441,1.47473379972522,0.0445736938006377,0.0117305528710853,0.0523878558292578,1.24476447581373,0.0276877017339352,0.0062820945115932,0.0420053271441421,8.7630679639651,0.279441609453959,0.0190174887262277,0.154838218075607
800,10,5000096,-1.0917772088101,0.721311954545135,-0.907322371691274,-0.493411924405191,-0.886445091679317,0.554670523731122,-0.731157407783653,-0.510385229816519,-1.15107239441599,0.827423999263759,-1.13627066253904,-0.416965005883479,-1.0406395797592,0.261083735532818,-0.352072493339694,-0.646468735268668,-0.965087683208593,0.225849848352422,-0.30971911336175,-0.701924119977469,-1.48077111731602,0.390973391031015,-0.41131654316886,-0.662871135799988,0.561947808086991,0.0245486834731631,0.0440364768664536,0.0484272336879198,0.386215378483935,0.0160968977427995,0.0303793404624204,0.0408820024004551,0.67085172412773,0.0321895975685167,0.0610230049769192,0.0549406760366441,0.138105902787606,0.00843668018304775,0.00942728538053478,0.0125792002860371,0.142246785107675,0.0072676797997672,0.010352230994415,0.0318359170908805,0.184465770389001,0.0455034976054906,0.0280107929000917,0.0903810908511278
800,10,5000097,-1.00368982257891,0.513817230404341,-0.678019751725397,-0.390910035840406,-0.933958218881657,0.363928390842716,-0.444445068134246,-0.365944343735651,-0.969126135896855,0.536221597907535,-0.786698779852959,-0.23819001026737,-1.85256320022572,0.318854415340192,-0.332694607056627,-0.396215688974226,-1.61645646677836,0.19685364025348,-0.174752151855207,-0.44518112757469,-1.42254743281104,0.237176328827064,-0.315096504396956,-0.445848562508639,0.836942243947349,0.0378239202106323,0.080476569051507,0.0742427876194762,0.937034624602545,0.0373293416583088,0.043766518938413,0.0675919459631209,0.709437539912617,0.0323003577603588,0.0749663156872763,0.0593381963839227,86.0819370285089,1.56158697067227,8.14907870123771,1.80266116036434,3.91271148660674,0.219153216929241,0.351965820967458,0.462786927292096,396.286775217614,8.51785988741615,33.5026736747738,8.3692038967926
800,10,5000098,-2.65023172425243,0.838977941092589,-0.744363071682087,0.0128223842932427,-2.48023094038209,0.62399502659304,-0.450628826783094,0.038465219383339,72.7384202849056,-6.72040221629999,-12.4803970596856,-3.75569489152049,-1.17596015017614,0.376482822053229,-0.604004684139421,-0.595153245704235,-0.913164101668931,0.258910047368415,-0.463826300390513,-0.656710121095835,-0.467704944722664,0.306611949812408,-0.765106480005735,-0.588249436025264,0.840650968645583,0.038262552974796,0.0674413485068575,0.0770063736231666,0.523991618902426,0.0206873855043835,0.0461863035857277,0.0609210772719648,888.336820008727,5.298899281648,44.2727457305493,13.4430598034621,0.385977362040011,0.00981658119404559,0.031112051927564,0.0108969120114993,0.726205188177642,0.0162279809368341,0.063666666534733,0.0147859334883124,5.15630631145554,0.0617332701472265,0.629272493019375,0.0154516399897362
800,10,5000099,-0.259215100297744,0.506547249830641,-0.644334598569188,-0.873696588968681,-0.287110039055906,0.442103315190705,-0.533519439294922,-0.849373926193564,-0.173970409353077,0.57226914395007,-0.741800838328444,-0.924267165336496,-0.531694423002048,0.154100459809693,-0.401924379168449,-0.648054390951826,-0.434790138051355,0.0815277094100966,-0.312596035318916,-0.64913704717804,0.205232278099282,0.0612514119888023,-0.484120040157911,-0.750856417847882,1.40367222084625,0.0279452902689638,0.0671542326999805,0.124551321709289,1.182014186364,0.0200853623359697,0.0440316631359389,0.125371305335573,1.36133608976872,0.0276010052280974,0.0638300996378992,0.118351178150685,4.96804923214605,0.0871848595554589,0.0873899722158557,0.299165860797537,2.48320871062106,0.0340774327452117,0.0441424659080843,0.12996331354417,10.4911669471893,0.161319867245438,0.301808726737199,0.329997897974988
800,10,5000100,-3.19686486026391,0.799340821944986,-0.403355698725245,-0.180924822009419,-2.39884233552152,0.563103006813094,-0.354260615753416,-0.0903640339134166,-13.2436854064699,1.10270769866756,2.17834796464963,0.820127441617888,-1.63013888458833,0.249324439525454,-0.24539046034003,-0.498626845327139,-1.54801168210431,0.183705021081265,-0.191290010884885,-0.456816005356545,-1.79007725641151,0.320648644487221,-0.358456886264223,-0.391742003201388,1.80384824510787,0.066118657773047,0.0487755850473451,0.0386658573831251,0.901628644052326,0.0330631367142821,0.0382423956186086,0.0411433728534558,16.4469099133154,0.315905616895275,0.185234256873323,0.708048247425408,0.470374259685975,0.0675194686320332,0.149871119892275,0.305962955250521,0.0834939794298055,0.00727750736104912,0.0506368980706386,0.0114892214410688,0.356520985983717,0.046389199428101,0.356243248570775,0.0498469208808289
