"n","vare","B","seed","pi.cc","ghat.N.1","ghat.N.2","ghat.N.3","ghat.O.1","ghat.O.2","ghat.O.3","ghat.C.1","ghat.C.2","ghat.C.3","stde.N.1","stde.N.2","stde.N.3","stde.O.1","stde.O.2","stde.O.3","stde.C.1","stde.C.2","stde.C.3"
2000,0.05,30,3000001,0.05,0.364898490708359,0.505189147904645,0.645612011455111,0.368112985396065,0.524103313185411,0.680270816601269,0.328137082845731,0.554407399025204,0.780768019650777,0.0576217059902661,0.0403153029235487,0.05537955875101,0.0693336573429656,0.0426414139830767,0.051453596325012,0.0849337265428382,0.0471201666902741,0.0720176242396587
2000,0.05,30,3000001,0.25,0.410772310560305,0.492527396272371,0.574343419932167,0.35158240888728,0.490729607121054,0.629925359599699,0.396552225177608,0.508048454228672,0.619601943954817,0.0271433908979576,0.0192342549962846,0.0297170723997417,0.0314283703979202,0.0199751620496951,0.0324542083014473,0.0372483271880221,0.0231232572569445,0.0404377888939437
2000,0.05,30,3000001,0.5,0.41211846649659,0.48833639230975,0.564631473127269,0.362056554334344,0.48497141337708,0.607968057029547,0.404302938542972,0.495116684050595,0.586002268048392,0.0220061790084185,0.0151843448544761,0.0220784712259827,0.0240431469893016,0.0159697514107651,0.0248452377733944,0.0353250777291753,0.0196390927214729,0.0316078203419524
2000,0.05,30,3000002,0.05,0.42175456004233,0.516182463939783,0.610650316616221,0.412831738208834,0.528612659101428,0.644361876256193,0.413793628245402,0.541353192024101,0.668865446606547,0.0516114701052515,0.0390977629141977,0.0549843251868143,0.0613069444601431,0.0411186958478551,0.0610315498690178,0.0737483879217438,0.0443666742165713,0.0723928127381366
2000,0.05,30,3000002,0.25,0.444025384556563,0.509070849460654,0.574086264345152,0.433994453342425,0.509380114218623,0.58469312071086,0.427378144079563,0.518563260000179,0.609647586669775,0.0272709120028824,0.0199863828373994,0.0293808378929567,0.0313840675638784,0.0216520216120039,0.0352079359991371,0.0389716912000918,0.0235299524377308,0.0380754043092056
2000,0.05,30,3000002,0.5,0.451483990847202,0.504404751809554,0.557406961536617,0.420779790929135,0.495498603574445,0.570286566030247,0.449882089557424,0.504565127452633,0.559349119101659,0.0218906572226316,0.0153913772431487,0.0222514022914702,0.0252877174105106,0.0164438589881788,0.0255187671750028,0.0341224834873086,0.018934129523645,0.0305693906316537
2000,0.05,30,3000003,0.05,0.38441681197377,0.49455320452184,0.604870161273306,0.370592746232562,0.519371036324807,0.668264072886123,0.371899060338658,0.513020300484175,0.654177599335937,0.0533722773480334,0.0414439461018576,0.0586891054503901,0.0634308309825761,0.0421984498355681,0.0636803464035749,0.0775297225425924,0.0523723791061124,0.0780373392747487
2000,0.05,30,3000003,0.25,0.418576756029302,0.490806602931967,0.563131098253194,0.412501883271778,0.501927044871504,0.591343037959345,0.424664512264005,0.505494229385077,0.586455609970352,0.0320894858120698,0.0221137472580957,0.0344728304732443,0.0393734665609026,0.0227337642242172,0.0425082429443194,0.0528692523654821,0.0322134551305165,0.0574088913453716
2000,0.05,30,3000003,0.5,0.426708362890357,0.488153645788982,0.549647551184265,0.406667143424309,0.493719395547297,0.580731156342857,0.433585669038783,0.49356860074674,0.553566609376134,0.0255091844630293,0.0165425528081475,0.0252598274629765,0.0285476119848003,0.0179786742705701,0.030240306324626,0.0421121560111469,0.023219789849631,0.0414199017293524
2000,0.05,30,3000004,0.05,0.49917468992196,0.494880232442141,0.490508984226815,0.523368754794496,0.517388452425541,0.511367042505253,0.471571616077758,0.482826773967926,0.494065829869017,0.0583830574335613,0.0390957085922738,0.0545778661249371,0.0696172209994923,0.0430001732393328,0.0683113029010416,0.0926411888744063,0.0418247056516282,0.0925223092557742
2000,0.05,30,3000004,0.25,0.433009891495759,0.499849142553087,0.566807032147479,0.443395564867505,0.506275549702609,0.569341479433166,0.418081920779446,0.507641382619061,0.597393483927712,0.0282519723706041,0.0200823108405313,0.030799858149905,0.0333150765878391,0.0215042129437339,0.0348174492776316,0.0404121768897799,0.0238330209712409,0.0464461838780261
2000,0.05,30,3000004,0.5,0.431263885335232,0.484264946229689,0.53744220625261,0.42290844584824,0.48728720564173,0.551865449028306,0.432828149156271,0.481134100407701,0.529668545904476,0.0214881298344996,0.0150042858316533,0.0227777943358704,0.024693289356409,0.0163244977890567,0.0260621863899859,0.0314478050934609,0.0185284058300048,0.0302846444133125
2000,0.05,30,3000005,0.05,0.514841801676967,0.563631762378073,0.612408252195632,0.49936059769321,0.579397106036864,0.659365170728275,0.54692785222924,0.605116370515761,0.663271551367368,0.0478744826222449,0.0341491077654538,0.0513684635586434,0.0563822200235351,0.0378964235032093,0.0548922118611874,0.0562764865957655,0.0382901830734717,0.0639159034828941
2000,0.05,30,3000005,0.25,0.409705972381617,0.500304611831547,0.590906601776018,0.378177280456286,0.488280168435595,0.598382500578499,0.395572661475915,0.510642763410838,0.625666051755673,0.0253587698449843,0.0187032869107435,0.0271178993048094,0.0274620117180852,0.0201959046502576,0.0300893613769605,0.0331407750015389,0.0215213084296663,0.0340228884743089
2000,0.05,30,3000005,0.5,0.39481853789292,0.492271438192572,0.589755075355744,0.355010137625152,0.479581175054628,0.60417362670021,0.378272051951534,0.497758319232384,0.617221057808525,0.0196673004686372,0.0148299535234648,0.0215610433616101,0.0213923032105977,0.0159318090389448,0.0242976042721683,0.026797049421463,0.0175479890359635,0.0279557198330175
2000,0.05,30,3000006,0.05,0.372168025149544,0.488346911136909,0.604692664858809,0.326804655882539,0.484026952861713,0.641502613686252,0.33454900090933,0.507493271905453,0.680668033937538,0.0523373958071281,0.0420463593060072,0.0560479021957522,0.0586725473603515,0.041073110717439,0.0660599704758021,0.0775787601194036,0.04711892483139,0.0726313107842689
2000,0.05,30,3000006,0.25,0.394048816182665,0.494149123164738,0.594286232454488,0.358835554402563,0.499409273471844,0.640063903643075,0.352861523696205,0.528156589812223,0.703436653954696,0.0268076060720969,0.0194149074836729,0.027029967899701,0.0315692434866452,0.0205150804447924,0.0296075270219687,0.0415974479326961,0.0244462750527166,0.0384447515660144
2000,0.05,30,3000006,0.5,0.380829508367106,0.474456924156826,0.568097280430735,0.369676340570274,0.476841622640096,0.584027833144202,0.337025462264043,0.476328617709031,0.615589986796447,0.0233371594209571,0.0154379565183339,0.0226663145830138,0.028363647544897,0.0175720701267925,0.0278040672524354,0.0382372116205471,0.0199779540520349,0.0352796862281338
2000,0.05,30,3000007,0.05,0.446619752626231,0.511635179818344,0.576846470032583,0.419626172860357,0.511862921381723,0.604274788406831,0.442766998846462,0.537753275999193,0.632978430409458,0.0563062085972442,0.0379179922491686,0.0541999129819022,0.0594480798634147,0.0399661376852228,0.0617182075224112,0.0787257810791383,0.0410754346721834,0.0775915478299594
2000,0.05,30,3000007,0.25,0.396455325781337,0.489608711348348,0.582956250440301,0.376647462707811,0.495963889011009,0.615535882665966,0.377748589185015,0.493285189499867,0.609058565699113,0.0273464850652106,0.0190624030439736,0.0275708752545203,0.0330047002080205,0.0210919974559749,0.0322775719388337,0.0390333025141803,0.0222432943957644,0.0395011952581139
2000,0.05,30,3000007,0.5,0.408329657988399,0.477089405961205,0.545958664220492,0.399713185639311,0.473258933893747,0.546958864638897,0.392863465416096,0.479932824115286,0.567090538190396,0.0225583482275897,0.0152234265591255,0.0227266179085059,0.0273613277650408,0.0171355870997051,0.0276144299829027,0.0328485017522859,0.0181220438892215,0.031056762169339
2000,0.05,30,3000008,0.05,0.478627666837211,0.518859734114435,0.559217027997856,0.440246982694248,0.515725596885187,0.59143365159505,0.475719495775191,0.537066936385722,0.598523947624852,0.0483133493109295,0.0362303440336824,0.0573336227867057,0.0555818826701832,0.0358337693238001,0.0585012087785963,0.0611336004039239,0.0419992906243028,0.0839762457600101
2000,0.05,30,3000008,0.25,0.428376935965538,0.495025781139679,0.561797197206698,0.407254806868036,0.493391053894708,0.57961570595922,0.425784502302347,0.515703988028893,0.605707301944355,0.0269762149795268,0.0190575708078649,0.0267183777273281,0.0291821415542538,0.0197034537902362,0.0292656012369131,0.0391500059871496,0.0241988839327593,0.0369491180994594
2000,0.05,30,3000008,0.5,0.43041842780988,0.490670739719216,0.551053663310848,0.408800721580269,0.492889716370278,0.577074383215595,0.4376504185718,0.501156500008575,0.564738572711618,0.0220887305746748,0.0152200352246953,0.0210292330503357,0.0243659029592998,0.0159928097784375,0.0229780698651115,0.0327636181500873,0.0201050872384569,0.0297543938281448
2000,0.05,30,3000009,0.05,0.444383099144801,0.473289289236871,0.502071463219487,0.372849915551556,0.448729315984159,0.524683656157195,0.439951805675502,0.47966087289213,0.51909730746526,0.0552819408242484,0.0391221122320059,0.0534334418895398,0.0605594638297321,0.0422941210894282,0.0627567561772231,0.0889746589979699,0.0449754619074193,0.0753694759993132
2000,0.05,30,3000009,0.25,0.40031525603543,0.477247049813057,0.554320555463641,0.390223950577366,0.489673386271515,0.589340203521668,0.381578455606877,0.48074158587121,0.580011241825864,0.0283476910773872,0.0209802720077329,0.0298272822522996,0.0311241321755247,0.0218266619741972,0.032843704123524,0.0446649294527751,0.031428386351262,0.0432612919175887
2000,0.05,30,3000009,0.5,0.381530393752043,0.471434943926741,0.561534749474203,0.359725695533932,0.472615401598478,0.585751703610498,0.354058803915244,0.47318629200705,0.592517799135009,0.0200958119020407,0.0153912944867248,0.0222526200932267,0.0225074160745442,0.0164981588956147,0.0249763781829229,0.0275171745528092,0.0204918086833724,0.0305678673378987
2000,0.05,30,3000010,0.05,0.425122387116782,0.499672028620443,0.574055753156557,0.458342909652363,0.521302951292204,0.584055816767997,0.344868047663893,0.499407008353478,0.65359169345774,0.0569956829638584,0.0379134004955234,0.0565300205366809,0.0552642517154616,0.0407493688185871,0.0706088760596744,0.104680939819093,0.0412700870489743,0.0954588831447291
2000,0.05,30,3000010,0.25,0.424347781438463,0.469601464618009,0.514782070696913,0.39554978975014,0.464973539058883,0.534307256889513,0.391684608287482,0.458854532037676,0.525877157461751,0.0286070342712031,0.0192290050838118,0.0290264402311537,0.0345784515877636,0.0208870805583403,0.0345850902907219,0.0400930768154131,0.0233949756571022,0.0423567701377419
2000,0.05,30,3000010,0.5,0.406800140678095,0.467868576542173,0.528911318381218,0.381350123262872,0.468748307561056,0.556031925657375,0.366782288609493,0.460936227848823,0.55500816112161,0.0210893573587548,0.0149374617056163,0.022920704561991,0.0246425214341963,0.0162431221550246,0.0261402845184636,0.0299768635101222,0.0187270503943255,0.0335029909473067
2000,0.05,30,3000011,0.05,0.424099106264402,0.520526043967484,0.617516757452622,0.359879858994343,0.514688337445201,0.669990624514315,0.438343267183256,0.53127460598612,0.624894967503726,0.0504389133046734,0.0384395978174596,0.05126489370334,0.0731360250632477,0.0480214312026311,0.0536556634990309,0.0642329523662039,0.04002206932188,0.0622345139814666
2000,0.05,30,3000011,0.25,0.393740012866974,0.489032036373509,0.584555373537549,0.325305637606506,0.492217920896696,0.659252287631795,0.368311122714961,0.493787785050513,0.619525392405791,0.0265232020192466,0.0203497425404596,0.0292967661314144,0.0286507593373152,0.0212893354826168,0.0301853255103782,0.0348157537471911,0.0247779035627623,0.041073792373259
2000,0.05,30,3000011,0.5,0.376995118791257,0.479795554415983,0.582757367282362,0.319671745349326,0.46904850267982,0.618503473224811,0.33073298841549,0.475379167481226,0.620200468430837,0.019909242671056,0.0151546720544021,0.0222010084876736,0.0217828552010257,0.0157881139216581,0.0245121370305559,0.0241594925486159,0.0185017123025351,0.0321871659917575
2000,0.05,30,3000012,0.05,0.425546213774647,0.527394629702777,0.629266943868047,0.452606283088138,0.554572603741756,0.65665980050565,0.37602258649144,0.540692434147385,0.705234167149946,0.0559775697290199,0.0377931680067046,0.0512599782675355,0.0625463345309287,0.0409682310308413,0.0588122678430317,0.0845981487797635,0.0454564186292009,0.072545367395802
2000,0.05,30,3000012,0.25,0.398542107544651,0.508387959386716,0.618399081859863,0.372766333110271,0.509671135603295,0.646742940497186,0.333474690260767,0.495847487012348,0.658425828906661,0.0273835292458549,0.0197451346934946,0.0287086582126299,0.0346749854975776,0.0222801445514929,0.0328222563671407,0.0414741672606217,0.0242945584031963,0.0407314312508991
2000,0.05,30,3000012,0.5,0.402728271124903,0.508592776113009,0.614572851292972,0.382094016965727,0.506296023498605,0.630568923371501,0.340102320428764,0.498940582423092,0.657860989618822,0.0215228095882365,0.0157620556132526,0.0228743255065802,0.0238092529009916,0.017243767040354,0.0265187764036408,0.0296219151823605,0.0209108306633116,0.0360542301658888
2000,0.05,30,3000013,0.05,0.442641519741367,0.504169056629781,0.565565474797279,0.375185804820588,0.507487292716047,0.639752777683497,0.425165404621166,0.522628289690635,0.619847835634097,0.0569156608872056,0.0404590482867634,0.0557014571001629,0.0590560473023619,0.0396887016191007,0.0622304562026519,0.0867563581142334,0.0512827911535287,0.0893810503026449
2000,0.05,30,3000013,0.25,0.436137684413096,0.507459059395765,0.578801054270089,0.371000643572543,0.503554727391052,0.636118988035432,0.42912998889085,0.524679151538824,0.62023252974926,0.0280079136607468,0.0198265132025559,0.029769467969425,0.0301431382998313,0.0202578679376278,0.0320014067640523,0.042916024292778,0.0240952266611508,0.0452726333470421
2000,0.05,30,3000013,0.5,0.41623112755311,0.509782935179178,0.60343902433845,0.371455178796719,0.509262407486798,0.647182455195565,0.39561209042272,0.533460261439904,0.671411672931314,0.022221475645915,0.0154335545082261,0.0221467195103279,0.0256194949764121,0.0162500047628704,0.0237090379538039,0.0338146358404474,0.0190229991254193,0.0341272138889689
2000,0.05,30,3000014,0.05,0.341002790180788,0.484760507169324,0.628533144776976,0.379481210985005,0.461269110017136,0.542912657969246,0.26143984516008,0.498762097824671,0.735979373447468,0.0539105028756538,0.0367523567625535,0.0499686375954407,0.0631805409203339,0.0429834532902321,0.0654390126770187,0.0787920697330887,0.0467517867021469,0.0722236524543189
2000,0.05,30,3000014,0.25,0.395174442452163,0.462309117783248,0.529580631477773,0.386145671209482,0.4420520589469,0.498103755562023,0.377798152895916,0.452099163150598,0.526553200392334,0.0274737447603944,0.0188894185493284,0.0291037861843838,0.0332019557268768,0.0198166394796307,0.0333495880122769,0.0370077670600568,0.0218396867428597,0.0410198734447708
2000,0.05,30,3000014,0.5,0.387140534182509,0.462620729674476,0.538225832928623,0.363939822759357,0.446605652902223,0.529423373300865,0.359114197405502,0.45302772488388,0.547106527786269,0.0206303579816403,0.0147462884622183,0.0219044694163668,0.0238473389969946,0.015523228425211,0.025828516812486,0.0269117227592627,0.0175673420316099,0.031732631412168
2000,0.05,30,3000015,0.05,0.489862502937478,0.568917357310905,0.648192122668238,0.454889040690358,0.560368748744304,0.666123201589685,0.506339446416974,0.615324092553962,0.724581709148778,0.058840197104019,0.0406260309842997,0.0509058686677207,0.0655830206713082,0.0435606860677852,0.0526279969562055,0.075301663299564,0.0431495791433439,0.065466831086009
2000,0.05,30,3000015,0.25,0.428793695209839,0.498303173325717,0.567867430605682,0.38195689404273,0.488391370035176,0.594990681291148,0.404213500511422,0.511159126608551,0.618110984813853,0.0280674396967464,0.0195171137207757,0.028695168372254,0.029991309925747,0.0198771790069807,0.0304110666176561,0.0390610979968825,0.0234971034845211,0.038277288085696
2000,0.05,30,3000015,0.5,0.405133289189618,0.492865305416862,0.580709873217167,0.370340355756909,0.490975899282433,0.611809253567995,0.369877854323747,0.4986245139699,0.627462016486126,0.0206301875274964,0.0147280512771521,0.0213585237166008,0.023324843986576,0.01576564735216,0.023395516918798,0.0272743444845252,0.0171724666605177,0.0290030439468415
2000,0.05,30,3000016,0.05,0.398565468134526,0.499143609243902,0.599884535129179,0.391298308659053,0.560944679809786,0.730710235930967,0.346925865937554,0.500330086078093,0.653902057398024,0.0546127638713286,0.0385410190509813,0.0564228408402985,0.0593059583699551,0.038121881833881,0.0509527936969646,0.0831141683720379,0.0492447406726146,0.0792228473768073
2000,0.05,30,3000016,0.25,0.423200396545278,0.483568934577782,0.544045084169481,0.420608939204688,0.487422450970833,0.554276117286453,0.410125421925481,0.478788546954422,0.547604436903558,0.0263220454815729,0.0190037220942251,0.0280155638274066,0.032675344922003,0.0223167847035286,0.0379669363727219,0.0371031596548649,0.0241740024354996,0.0371011590954786
2000,0.05,30,3000016,0.5,0.41270220366003,0.491577382332737,0.57059868410578,0.401260661955693,0.48860177880369,0.576052614015232,0.400915696906922,0.49054498030037,0.580345922758597,0.0216018185183159,0.0154958017521607,0.0237406621424698,0.026160687347031,0.0176599663686774,0.02952415672551,0.0331452138290034,0.0203856539283837,0.0339128437322613
2000,0.05,30,3000017,0.05,0.371845747436021,0.499222487685197,0.626832691560328,0.378967557422075,0.53660169007645,0.694391479037393,0.260447338933754,0.537603419740537,0.815116803397259,0.0460863470208675,0.0365868416317725,0.0591901845145698,0.0489356574261768,0.0423394683749951,0.0693618783961885,0.167502057486683,0.0491910120658303,0.21287541968052
2000,0.05,30,3000017,0.25,0.400372315120146,0.477038484035945,0.553870474705988,0.384623137105202,0.486677906577179,0.588900229303883,0.400640484443908,0.472942465747909,0.545436452487086,0.027175898346248,0.018825844363057,0.0309524794694908,0.0311710433175227,0.021379485769364,0.03816007352855,0.0412257401353449,0.0207063172060472,0.044530598295081
2000,0.05,30,3000017,0.5,0.39826362073097,0.47667232774163,0.555191435809821,0.366059805193014,0.477368337415015,0.588751684531852,0.377013529435719,0.472126998150769,0.567379056874684,0.0230963042914356,0.0155511639944556,0.025874979237775,0.0261219912695179,0.0167850205607659,0.0307517683014635,0.0366997336573959,0.0182083118361929,0.0406716264206523
2000,0.05,30,3000018,0.05,0.470163715651953,0.473201819843336,0.476349701374424,0.444232044746428,0.465582746556678,0.487042001786514,0.458433664218266,0.455231206088424,0.452202191419146,0.0618324941173604,0.0364733165052871,0.0515259974590569,0.0713681673223487,0.0408313461487494,0.0609194060652305,0.116060524912882,0.0396832864627234,0.0887025900599095
2000,0.05,30,3000018,0.25,0.389902532858252,0.476943025020771,0.564080747285689,0.36739298818738,0.466466479146278,0.565618341420896,0.356874627363897,0.466561697075102,0.576270483853948,0.025482269721633,0.0188795134122046,0.028289795664725,0.0307451557714109,0.0201281042933516,0.0301455022567565,0.0432503672789895,0.0224458413448996,0.0445317098312776
2000,0.05,30,3000018,0.5,0.390600424520955,0.47590025456725,0.561284264602794,0.376301928524441,0.477324087547532,0.57840211663157,0.359038129846531,0.464417791030347,0.569788065985889,0.0209134297565676,0.0147212325549778,0.0228441139418805,0.0277099168744817,0.0171802171206726,0.02576643478048,0.0257553096419536,0.0158807034805026,0.0308876782960578
2000,0.05,30,3000019,0.05,0.476727050371232,0.485676520343,0.494575097905726,0.470239755539987,0.485334897087724,0.50045724821571,0.499933368617947,0.488618659255967,0.477184709907554,0.0577037262448165,0.0377439605242205,0.050271229738244,0.0675350767104849,0.0397225074108565,0.0565454712471469,0.0766555120787249,0.0436388006260842,0.0656427242302006
2000,0.05,30,3000019,0.25,0.441468053889931,0.500164786172572,0.558852072973778,0.411456984490762,0.498195668386715,0.584976083567346,0.439785383592252,0.513187613486327,0.58652447343597,0.0266528286814327,0.0193238221941318,0.0291509744501353,0.0335451884671366,0.0215005050781491,0.0345946514898296,0.0375241749783965,0.0259745635332717,0.0449963945950752
2000,0.05,30,3000019,0.5,0.441546086983874,0.495752750905208,0.549986340988199,0.411841327037803,0.50166608240739,0.591528190432152,0.457431329897621,0.516148800905994,0.574871348241205,0.0224449383241879,0.0156145133939594,0.022987754377707,0.0263124819285865,0.016911061698321,0.0270296660475585,0.0313122657818897,0.0195922717002695,0.0352406974135778
2000,0.05,30,3000020,0.05,0.423342144934913,0.506555703918912,0.590000186913977,0.429454176427558,0.544133528770564,0.65902975707787,0.422844500940341,0.523018655564467,0.623318800426618,0.0619958567120481,0.0469391475443464,0.0683467074771753,0.0760406368196887,0.0468952977489533,0.0622999729454429,0.103399399058043,0.0543212913557968,0.0950640117602825
2000,0.05,30,3000020,0.25,0.399177923480487,0.479194428074769,0.559404667008049,0.378094193344389,0.470382842680661,0.56278896326042,0.375354114789864,0.482946601478034,0.590732861732444,0.0260505406843808,0.019599881670279,0.0302317847474357,0.0296722436612187,0.0204309089902051,0.0331404200171061,0.037721691227209,0.0243078827600688,0.0433140857694837
2000,0.05,30,3000020,0.5,0.384804954111822,0.475507222349547,0.566356731137659,0.358072662384484,0.468319136321498,0.578662838195993,0.346918351028057,0.474204557703749,0.601600737781098,0.0190360455608454,0.0146891888203503,0.0226731478146978,0.0223053239640956,0.0152442256162538,0.0253651614310328,0.0261597291774875,0.017585134624222,0.0331945277641985
2000,0.05,30,3000021,0.05,0.471554804887715,0.513940461730779,0.556216550336572,0.491909986174513,0.525834314506684,0.559878717709545,0.497408116660481,0.552710117492196,0.607837048977239,0.0542406460835818,0.0434665194359602,0.0561210000937821,0.0642924826248342,0.0434318255224799,0.0611458507245302,0.0833787040290137,0.0482744398520762,0.0836631400688341
2000,0.05,30,3000021,0.25,0.434216342932768,0.496413431903663,0.558660004352086,0.402813887581997,0.495974283509047,0.589136289091487,0.417833916659062,0.502320343809669,0.586814286831412,0.0284989598636297,0.0211914214459593,0.0326772248869152,0.0309119272767904,0.0223173812013252,0.0338294831465789,0.063422452203102,0.0300257944346839,0.0644902054833497
2000,0.05,30,3000021,0.5,0.434073393890004,0.485001056229351,0.535975888478775,0.370047007463889,0.477782120886985,0.585519941031174,0.422783085994249,0.488429288732061,0.554091292216388,0.0223958150802246,0.0161098819488163,0.0237759080266618,0.025035064344058,0.0172646246238979,0.0275223287464847,0.0377032772688785,0.0214604837850494,0.0409490966455639
2000,0.05,30,3000022,0.05,0.500269764997503,0.548043240236468,0.595626638529314,0.489043452625499,0.529039202982118,0.568883976705394,0.522864526319933,0.584699722489272,0.646135276272224,0.0460467850648601,0.0356159211739965,0.0477688922157058,0.0528776276605748,0.03783308588801,0.0522250901171853,0.0665785300587474,0.0413601169260841,0.0510032472536525
2000,0.05,30,3000022,0.25,0.430659245992255,0.519914930106919,0.609263270661433,0.415247623661582,0.51056251470295,0.60590762932036,0.423386323223654,0.536474315961835,0.649614550933603,0.0258515177265691,0.0188915435193759,0.0275868247246961,0.0293061325097828,0.0199675938070435,0.0333126328588263,0.0373411108627633,0.0236776833904346,0.0325459002907418
2000,0.05,30,3000022,0.5,0.443941883617064,0.510858481725667,0.577911470058215,0.420705600529033,0.501672144775095,0.582739024268796,0.424708910695076,0.510181270889667,0.595837144660297,0.0204491024643225,0.0148074916954028,0.0210478110008693,0.0225765241486347,0.0153271929248047,0.0245816462130615,0.0291156181829439,0.0176548088693687,0.0261461700281313
2000,0.05,30,3000023,0.05,0.473067860085639,0.526686640274117,0.580470277314604,0.460110190244431,0.530966999193199,0.602060487272195,0.523429449444672,0.529038726648899,0.534892137268239,0.0578723648676345,0.0430084918997774,0.0599995686441586,0.0765955989338929,0.0434760858576071,0.0668248883083021,0.0933819189617277,0.0494605331520403,0.07605906521483
2000,0.05,30,3000023,0.25,0.40361890146178,0.489311209328985,0.575088220236802,0.393546048610269,0.500567022396643,0.60769821295309,0.383567332950958,0.485462957870732,0.58746444209518,0.0250882276640457,0.0189038317670648,0.0293922874757321,0.0280005385010869,0.0197358075017633,0.033312193861519,0.0360118798267886,0.0228698627130326,0.0396027231202379
2000,0.05,30,3000023,0.5,0.423480466525756,0.482971944309451,0.542520998854581,0.395032567951677,0.488363053319019,0.581772923226252,0.403560771310523,0.47578729844008,0.548082833155983,0.0209299027682776,0.0147182927179382,0.0225474463565493,0.0227843954421084,0.0154809985433905,0.0248880699920514,0.0297052993314034,0.0175605350402892,0.0300113698467363
2000,0.05,30,3000024,0.05,0.521671644846902,0.510918518153026,0.500375369313975,0.519596986312569,0.534769414866425,0.550098102048176,0.548477793086698,0.53179603612292,0.51544544013244,0.0696658161248222,0.041456432280084,0.0479134100812367,0.0611212028449232,0.0385261354976759,0.0571268929347172,0.0904310055725323,0.0519112303940078,0.0640941423208074
2000,0.05,30,3000024,0.25,0.437632295377993,0.480543210786968,0.523508109023441,0.399586690771088,0.491240799180315,0.582976105394936,0.413157604404311,0.476274386029762,0.539479386171467,0.026116950140902,0.018590347409199,0.0288829026428792,0.0309699677676823,0.0194614346018731,0.0324953656090506,0.032429596496791,0.021389841073857,0.0384938681313
2000,0.05,30,3000024,0.5,0.434910607232194,0.484348720121586,0.533865093435242,0.398701987224157,0.497055892003876,0.595518872077642,0.405541542243148,0.484481385045957,0.563513939447884,0.0215724069832875,0.0151393249893078,0.0230697047383555,0.0271319950866181,0.016000466963939,0.0254332721164237,0.0288540134218114,0.0184853574769325,0.0344245948012253
2000,0.05,30,3000025,0.05,0.465490111627887,0.516053114026973,0.566456402988504,0.428728361560661,0.509029870061405,0.58931304299623,0.455911698422482,0.536600349802303,0.61693934299169,0.0506923539900273,0.0365962047724173,0.0522606953216404,0.0621648236490324,0.0425320474254358,0.0625882004846938,0.067191969312936,0.0392409620958704,0.0715624398309112
2000,0.05,30,3000025,0.25,0.441892126181884,0.506436110569803,0.570955807719754,0.419995297769354,0.512692640245831,0.605334743923083,0.431104981084061,0.525626664310061,0.620025054639867,0.0269839431255647,0.019385374455233,0.030244835283539,0.029685348846139,0.0208427101548634,0.0330711913135909,0.0376553559174207,0.0240406980590349,0.0465106453862794
2000,0.05,30,3000025,0.5,0.435905257250989,0.497500843543518,0.559115563900033,0.412209872213816,0.491428016132133,0.570615129928992,0.422216977637568,0.505049178371471,0.587820891044002,0.022352424268326,0.0156391502132483,0.0245355348205201,0.0266879835690029,0.0168315038450869,0.0296456789102263,0.0370824665144019,0.0202613607552304,0.039791840069996
2000,0.05,30,3000026,0.05,0.422502163000385,0.547769769679327,0.672987736813706,0.431506548605482,0.561377894270574,0.691209929999596,0.394207721171956,0.597000776660873,0.799431726378074,0.0480037280170383,0.0332030662602928,0.0444188226268142,0.0546758215974765,0.0366567507737666,0.0544149598214474,0.0606155418778969,0.0377766384702259,0.0749514839943047
2000,0.05,30,3000026,0.25,0.436600334865393,0.508041001731761,0.579553685811784,0.408901146643193,0.50830064067335,0.607831778733302,0.431849444148737,0.525914326249718,0.619952740795519,0.0277125948166015,0.0207052733160518,0.0301382389933008,0.0296568253807621,0.0237143111142227,0.0356371966086068,0.0414670841561652,0.0258214121872371,0.043496714729364
2000,0.05,30,3000026,0.5,0.43632749665702,0.497706545408722,0.559180113707249,0.396745660109635,0.486692782778778,0.576796717764111,0.435004915931524,0.511682871038857,0.588435727672421,0.0216421324419212,0.0157458739122175,0.0228679973824943,0.0246216971559708,0.0184594768841699,0.0291699399459432,0.0312948257827834,0.0203311374053023,0.0330699747526454
2000,0.05,30,3000027,0.05,0.364389627895782,0.492582990964291,0.620742107444108,0.330456909465374,0.472034568234484,0.613609444698887,0.329629892290468,0.531046838889351,0.73226788522548,0.0457019683290514,0.0343440250246476,0.0519264118351712,0.0455303896768717,0.0356753963363375,0.0608998112953783,0.0553962299687491,0.0383932597376822,0.0631185574118427
2000,0.05,30,3000027,0.25,0.406162113921812,0.476173639723126,0.546189433203953,0.366038325696244,0.469801947493857,0.573570039890172,0.370170763858651,0.474217412106815,0.578166072726819,0.0267097594820834,0.0192132828981122,0.029186258542263,0.0253671154049522,0.0189034131908278,0.0321174463593731,0.0356882541244489,0.0226201740043293,0.0434119798415789
2000,0.05,30,3000027,0.5,0.395208538994168,0.475731942574662,0.556278271162707,0.350594795398953,0.470775087462017,0.590976904536573,0.360787905781772,0.475083812932062,0.589319407289547,0.0207248100002959,0.0149419506363603,0.0221523578236322,0.0209297014382765,0.0151210855649752,0.0245740944626911,0.0290963489646307,0.0187008294735969,0.0331885886873956
2000,0.05,30,3000028,0.05,0.432855209748686,0.535032980536122,0.637165473986641,0.37215379938666,0.556770499471785,0.741373969797436,0.42033901292618,0.572328754503092,0.724139624019934,0.0422707629642823,0.0367143599065008,0.0537041835150355,0.0473597488475692,0.0343092511498004,0.0518356836236661,0.0469982915999937,0.0424009840652955,0.0658456368986379
2000,0.05,30,3000028,0.25,0.4208643754388,0.512538729958135,0.604275592878437,0.393814585978292,0.512622983218158,0.631455407848574,0.40272872946902,0.52251823131348,0.642311347385641,0.0245915702798448,0.0193629170972714,0.0293167041293051,0.0273316822110807,0.021616358780673,0.0339619543731258,0.0333749310572015,0.0248257148903677,0.0399025513706356
2000,0.05,30,3000028,0.5,0.436026842075144,0.498868304558908,0.561741604942478,0.410691281152012,0.493496859628177,0.576295897780169,0.413890002898544,0.49776181438142,0.581608592686299,0.0207306888616704,0.0150876049198946,0.0220908280422797,0.0230028027698118,0.0163217559479327,0.0265239758699135,0.0293844152821881,0.0187048873112928,0.0302697008907897
2000,0.05,30,3000029,0.05,0.390055394900801,0.509958677709875,0.630011021456608,0.374243485772749,0.509608121005283,0.645041463048982,0.354567888387857,0.499016054546974,0.643502701346619,0.0482986831196348,0.0367391228188959,0.0568817924857511,0.0613670848630989,0.0418968487316469,0.0721784394264413,0.0744389429639204,0.0398904859821922,0.0769306930606305
2000,0.05,30,3000029,0.25,0.392426086245637,0.499994543889609,0.607623066602716,0.378843420075203,0.493700165716026,0.608653691389941,0.344149378639187,0.501619845419922,0.659096424898094,0.0239133017542496,0.0183157555023408,0.0281875402170829,0.0304626919665878,0.0202874068920283,0.0352356791849225,0.0300361815622909,0.0196085511427607,0.0352607620914317
2000,0.05,30,3000029,0.5,0.404400565804003,0.492781078291204,0.581267991940513,0.391878399760922,0.493951994542727,0.59615761815754,0.35645432297127,0.48884142351727,0.621296050583716,0.0193645531060311,0.0144883025859568,0.0219244438537068,0.0241814386663455,0.0158880248243941,0.0258556554876663,0.0278110028280225,0.0160125225055416,0.031349676627606
2000,0.05,30,3000030,0.05,0.429015277885608,0.470945650354481,0.512985786906592,0.419925437456028,0.479446044400894,0.539016307563329,0.429684476095588,0.474824272758533,0.520192611742278,0.0506951609521288,0.0362612392354897,0.0528311239839465,0.0552699591124784,0.0369761947179874,0.0597566154532359,0.0651221741371315,0.0405287413214117,0.0724542715734015
2000,0.05,30,3000030,0.25,0.4298739652877,0.476021468343625,0.522322219875209,0.433581195751317,0.480898399309234,0.528423447216776,0.416607199582029,0.478998818842916,0.541682081016721,0.0267784751180423,0.0184901410452107,0.0276500375477873,0.0303918942665833,0.0192409896072739,0.0313260249542703,0.0324876667399407,0.0190458686421131,0.0377783386187111
2000,0.05,30,3000030,0.5,0.412526911538178,0.473085489375283,0.533847031072394,0.398348159933449,0.478237459413731,0.558333616980514,0.392817501283101,0.476652299951687,0.560800547250108,0.0201544619930601,0.0143128843988569,0.0210463167678106,0.0231069370541521,0.0153169531860283,0.0249417841933922,0.024434100323978,0.0145913466052282,0.0278185772408981
2000,0.05,30,3000031,0.05,0.371478795176746,0.481026359975111,0.59049533926511,0.339029270003631,0.506369473289414,0.673574704903222,0.261620882652904,0.464907867323117,0.667997481865937,0.0560224762695691,0.0409429069424217,0.0560036609982118,0.0595234623870285,0.0380221927654392,0.0489141358548927,0.137697333699937,0.055260323720522,0.0865443053060393
2000,0.05,30,3000031,0.25,0.390342527160569,0.485976083573674,0.581646601005517,0.353040109568062,0.499313074076401,0.645620623265357,0.346406972290369,0.483053350691981,0.619663421616873,0.0271235372769727,0.0192586026272688,0.0278768590881878,0.0298156786017377,0.0205055695181841,0.0294733069348745,0.0426525302620614,0.0237768306911522,0.0421529747307646
2000,0.05,30,3000031,0.5,0.403987352495075,0.483154192314318,0.562371169730206,0.372657247216091,0.491352371856513,0.610105432348901,0.372506131480397,0.483685552674474,0.59485799305511,0.0214315138830952,0.0149936717213565,0.0223035146849693,0.0247539362370431,0.0162979821133441,0.0249870461094123,0.031144324984793,0.0190943002863261,0.034077418081313
2000,0.05,30,3000032,0.05,0.464065692510413,0.532768722930285,0.601845108185829,0.469521088923245,0.542416333528485,0.615714520242266,0.531699367535332,0.572564745049568,0.613992130250005,0.0569042956827577,0.0399665515486269,0.0609918003812837,0.0688170265862663,0.0419354532206813,0.0667342665019264,0.0648111879358278,0.0410644844872993,0.068965765089919
2000,0.05,30,3000032,0.25,0.421656943277155,0.482686729308272,0.543879875113457,0.399283031642771,0.487054699924483,0.574888441055425,0.435739268399278,0.491032065694486,0.546568438876321,0.0284541877092338,0.0203201393074361,0.0319522506623302,0.0308274109911867,0.021071846809857,0.0344377932413075,0.0407738937353674,0.0242129663240253,0.043293440853588
2000,0.05,30,3000032,0.5,0.415799774875382,0.473848540880806,0.531913825928412,0.402290586177914,0.486055565889077,0.569767653515977,0.394909336420342,0.469813484137762,0.544727490653475,0.0227301596822156,0.0154573346990976,0.0237695712210599,0.0242993852342747,0.0160843426730904,0.0257231574485243,0.0343326228029589,0.0187634580004865,0.0355632004208103
2000,0.05,30,3000033,0.05,0.483211178600359,0.524042861489037,0.565044803480495,0.455897066230149,0.540548543731898,0.6253616244254,0.553567945372038,0.575284410950864,0.597169731964436,0.061424585255277,0.0437611167596429,0.0547099228184648,0.0730923527600476,0.0476676324549924,0.0624171447285613,0.0928034265164343,0.0568942358553915,0.065884644924992
2000,0.05,30,3000033,0.25,0.44320959648861,0.491543768447723,0.539872183484471,0.401826558863679,0.491064518736405,0.580348001397491,0.415706078505083,0.49308002950558,0.57036243271419,0.0303751771949378,0.021615886919539,0.0295397699528609,0.0344110628815167,0.0230801615670895,0.0324565404265391,0.0425716225067867,0.0279231071765164,0.0410087274923458
2000,0.05,30,3000033,0.5,0.399957447666062,0.481618503052088,0.563302638338984,0.345591030364209,0.477353157453887,0.609160708124492,0.360865910547991,0.478736414909955,0.596544600861111,0.0207837424127358,0.0151422845852925,0.0215059606192218,0.0232173858154088,0.0158031708072545,0.0242688729037943,0.0285752788000197,0.0180104805862608,0.0301242292573462
2000,0.05,30,3000034,0.05,0.476113410534475,0.543730927791497,0.611372161750327,0.4968379486891,0.576900238869515,0.656890235540791,0.466667391007476,0.572829784842423,0.679098352811909,0.0575636945911161,0.041858718158565,0.0567025707740501,0.0590011035087325,0.0425741819610673,0.0625309519250362,0.0849237623883018,0.0498808668777842,0.0698641863918243
2000,0.05,30,3000034,0.25,0.430883423775433,0.529699274228433,0.628572452705648,0.414626172244548,0.534982960473428,0.655385041342314,0.409916751615015,0.538518497187629,0.666998331876876,0.0262094731605263,0.0205349708415911,0.0296765097656808,0.0305603419789081,0.0235493730438016,0.035885312774598,0.0409644552819211,0.0236842429887264,0.0359929380117654
2000,0.05,30,3000034,0.5,0.436879181318997,0.519325812740673,0.601832146964171,0.423127399378415,0.520055001438926,0.617057081034636,0.407905101083998,0.520039107931435,0.632110397014835,0.0234409851267245,0.0160979136404863,0.0226293148412009,0.0264245870028818,0.0173039192891536,0.02585884948327,0.0343485145519165,0.0204128680836104,0.0305631516265945
2000,0.05,30,3000035,0.05,0.387111630632751,0.524891879707977,0.662783878531662,0.390594904322337,0.533623032968039,0.676841377914847,0.35201458276108,0.556187544576691,0.760463747817143,0.0486625548668364,0.0353712286698301,0.0535008202913995,0.04987485110304,0.0335672642970809,0.0524934750497142,0.0663072270636368,0.0366190738876512,0.0583600908586018
2000,0.05,30,3000035,0.25,0.403479842114844,0.481989465122796,0.560559153036153,0.342244826298728,0.468187441963821,0.59412022214506,0.347059224728027,0.480578159093208,0.614093989991773,0.0271210121341153,0.0195345700667665,0.0298602915164153,0.0290237112199707,0.0196932120793641,0.0312860016459256,0.0457208652253645,0.0236051303388195,0.0410864591971845
2000,0.05,30,3000035,0.5,0.403154109714196,0.482297175255389,0.561519504363609,0.35084034455381,0.471648256704448,0.592476136122856,0.345595067110231,0.481607076618136,0.61768500618748,0.0217268353740416,0.0151102762150066,0.0225148179853806,0.0241591401157006,0.015709470188762,0.0245054784498672,0.0382296028190266,0.0195823001938104,0.0323952885902544
2000,0.05,30,3000036,0.05,0.359222020890557,0.487369462707972,0.615681736805662,0.2838428738915,0.473473037552715,0.663206895982042,0.304529651276476,0.501107621170062,0.697884773781878,0.048283529642542,0.0341238382162617,0.0501124192618718,0.0489225511745749,0.0335481157202079,0.0596528259725287,0.0651888513169211,0.0362601955591215,0.0692634805921971
2000,0.05,30,3000036,0.25,0.373255079999079,0.470666525550512,0.568194693001561,0.321349058984238,0.473985310154893,0.626748103922033,0.319284195809821,0.470361554163837,0.621546225573828,0.0270154497817575,0.0190974732108939,0.0279687757972181,0.0309542221269668,0.0207828741078429,0.0346693868112078,0.0415062642143294,0.0252549062449553,0.0423202802525653
2000,0.05,30,3000036,0.5,0.394041552285731,0.473714584796193,0.553493394920867,0.363295764084959,0.469308889932246,0.575396984841265,0.364559808085982,0.476431182206089,0.588424276088879,0.0210523691949059,0.0150437417822947,0.0212168882226137,0.0243155247208595,0.0164179077784487,0.0264713359667911,0.0298992591950281,0.0192465375319256,0.0292905585998625
2000,0.05,30,3000037,0.05,0.423498154112931,0.572049711444778,0.720939232214527,0.420371321806251,0.581703741579935,0.74320803713316,0.426766260510462,0.618436603455307,0.810533496449127,0.0490357595856719,0.0364906149402775,0.0430793203048884,0.0467994251927445,0.0361055994454037,0.0508775406582099,0.0680555241707441,0.044183623382147,0.0564237839829168
2000,0.05,30,3000037,0.25,0.399491048506388,0.526767584359223,0.654164236728681,0.413764480395163,0.536338042981683,0.658955301563773,0.368379652526738,0.534886641623888,0.701453152037204,0.0260612639364537,0.0196000048878714,0.0297033371690013,0.029111761450706,0.0200163932798539,0.0358421409019316,0.038663402144675,0.0239597850365137,0.0464124706440441
2000,0.05,30,3000037,0.5,0.413935397011739,0.507105525668284,0.60036011041912,0.424691593686103,0.51423850965962,0.603810567316428,0.405384605654133,0.507328572406576,0.609267141491076,0.0212121951673018,0.0154266341907398,0.0223205421594166,0.0254391549469814,0.0166230945682127,0.0286675248103634,0.0303674761502386,0.0182721866689027,0.0322112314557597
2000,0.05,30,3000038,0.05,0.482851456831302,0.539494108447755,0.596185951764395,0.379618805930881,0.525136312619144,0.670633907417596,0.534259624611706,0.582043699409781,0.629784814102708,0.061140313674709,0.0386112806835107,0.0560864979299014,0.0622394565060436,0.0409176086714672,0.0652953259474728,0.0838278809494935,0.0440574184869736,0.0722055342096577
2000,0.05,30,3000038,0.25,0.387400754766928,0.482891635799635,0.578520920941736,0.365929869534306,0.49159038513194,0.617291898919756,0.355794625325722,0.484824851832113,0.614007279894193,0.0271773851434671,0.0192843507895097,0.0293052659144901,0.0286059019591809,0.0203921327870432,0.0322206641729583,0.0405036562810486,0.023675132165278,0.0397875749161982
2000,0.05,30,3000038,0.5,0.39668696918862,0.491402507785587,0.586283305194138,0.376269656158651,0.502116104196031,0.628081231302602,0.37032041677911,0.496923709184233,0.623725399039871,0.0216283033111774,0.0151386339653835,0.0216572490888321,0.0232628013945728,0.0162695341957977,0.0245065999106346,0.0326570952111475,0.0192488634127091,0.029508889762013
2000,0.05,30,3000039,0.05,0.393838344864996,0.496715165102054,0.599743338829395,0.382593957294273,0.492049316542249,0.601744524704567,0.371213788552118,0.501521431915796,0.631939256962777,0.0490338980893564,0.0363740833345487,0.0452013608879537,0.054243658811417,0.0366046790823509,0.0421931021079322,0.0573601189218503,0.0409549648972091,0.0600972452044357
2000,0.05,30,3000039,0.25,0.375368167971399,0.47907127558149,0.582855496883348,0.343187558276387,0.473623130014305,0.60419590326665,0.339513751292193,0.472487551174919,0.605420719519239,0.0260633576970014,0.0197628145100008,0.0293375384187696,0.0308739488961899,0.0221441238183376,0.0320828979890621,0.0370850624351174,0.0229990846130783,0.0380076476875697
2000,0.05,30,3000039,0.5,0.368862750926817,0.477136874930714,0.585478142614216,0.331765252777677,0.470174606095612,0.608627688033134,0.325449996212079,0.474121677973139,0.622739265467703,0.0201995313936251,0.0146138380761389,0.0214663354188661,0.0240913697431505,0.0163748018488989,0.0244292488726156,0.0269045771185066,0.0170315863025034,0.0296708551399623
2000,0.05,30,3000040,0.05,0.393195032096813,0.523090398779644,0.652999290335261,0.326714981212745,0.541087307964821,0.755539135270901,0.346907918996822,0.541652203438608,0.736292511474051,0.0478997887747681,0.0397447943455737,0.0506093729045141,0.0523413152674132,0.0385996121987897,0.0487763835312949,0.0671184871543274,0.0480006395542297,0.0582762951099436
2000,0.05,30,3000040,0.25,0.412457356404739,0.513583284029179,0.614844066885947,0.388479557557399,0.501797739747961,0.615306271166681,0.368015026762471,0.510788485357734,0.65365813280068,0.0267553989679473,0.0193927695843662,0.0286312040091048,0.0314600847658954,0.0204040905443268,0.0323570148339904,0.0435011238299055,0.0244547117627444,0.0484296298850136
2000,0.05,30,3000040,0.5,0.408709691682324,0.497161236344035,0.585797335311727,0.382358657480282,0.495819847456284,0.609438884329594,0.367751352287575,0.487781501889068,0.608063384890464,0.0202080161748291,0.0149203428750284,0.0220925433874319,0.0227938938486016,0.0163486911510025,0.025971302052706,0.0272696100721461,0.0162513695469461,0.0295590814964555
2000,0.05,30,3000041,0.05,0.430820201587424,0.499474233668797,0.568029762050795,0.383001486239409,0.491509445571986,0.59993831005547,0.44181216852664,0.510585583800141,0.579157395252022,0.0524056577450834,0.0429463386988581,0.0646459252099951,0.0607779395646352,0.039788427906951,0.0615843420881686,0.0807072611554823,0.0622542548981251,0.0898020911944268
2000,0.05,30,3000041,0.25,0.427958337521073,0.483085067368334,0.538186452886834,0.397119699389041,0.474839460934231,0.552609620428633,0.400002390725466,0.471464935000375,0.542897378756789,0.0278443686933015,0.0194307818429148,0.0286017529928927,0.0298089598599555,0.0198633855730137,0.0330270104027336,0.0364042827295891,0.023975532088409,0.0398090166291816
2000,0.05,30,3000041,0.5,0.41111012115946,0.480508890328313,0.549919306739798,0.388258814006393,0.473241352815196,0.55827498997981,0.376183998844285,0.468671178941228,0.561171668013649,0.0212510931326398,0.015128804461548,0.022328782639696,0.025759064040456,0.0160790847170935,0.0258686862060162,0.0284168786064721,0.0188477781982359,0.0314144370736836
2000,0.05,30,3000042,0.05,0.35622048340782,0.498089480265459,0.639988912253539,0.335117667355024,0.491260160361013,0.647499147305945,0.193919565952463,0.476486535697229,0.758831457689489,0.0527909606484474,0.0416501509750515,0.0516716549844088,0.0538864508621116,0.0393326535009218,0.0585533022541856,0.112723278382141,0.0466643382236256,0.0703157448471901
2000,0.05,30,3000042,0.25,0.388277427934729,0.491589582573623,0.594938886126195,0.372753754076664,0.48191063642596,0.591119711909844,0.357360108801186,0.500946324648765,0.644435280953394,0.025525898088195,0.0197285884518566,0.0294460484040017,0.0282489717186621,0.0208473217455135,0.0315186404828367,0.0376887482015376,0.0261701602103499,0.040736106506156
2000,0.05,30,3000042,0.5,0.394577800920969,0.480491633221906,0.56646066042547,0.386196093310654,0.479071017640428,0.572010563012707,0.35294910500658,0.474428449813481,0.595898974750054,0.021153657228406,0.0153723165215897,0.0217960391800723,0.0237488370354022,0.0161815833525831,0.0243789515606159,0.0326506984357025,0.0197263917098891,0.0288243762403672
2000,0.05,30,3000043,0.05,0.412215284375585,0.500209709050203,0.588140183644358,0.37640884813692,0.480076099790176,0.583752152766404,0.40996416082009,0.519000042494123,0.627780855582163,0.05401382859194,0.0411249568908272,0.0561642742931366,0.0636953543694606,0.0418715635256343,0.0673634129701116,0.0693449622142832,0.0454209643011711,0.0661148481552648
2000,0.05,30,3000043,0.25,0.424256703100798,0.510947435607744,0.597650818875461,0.409495153632687,0.513801898845107,0.618146146412378,0.406126166988599,0.528333909400299,0.650497132544308,0.0277656792266774,0.0202876807158923,0.0269841819768615,0.0311077566297039,0.0212168206504485,0.0295467338973517,0.0415355758924213,0.0271244646550259,0.0368186161921716
2000,0.05,30,3000043,0.5,0.395288711769193,0.492314295125023,0.589350267123572,0.374338061266208,0.494519143347392,0.614721470290242,0.3468825201101,0.497988049945154,0.649024906315061,0.0207550902318175,0.0150295525081865,0.0207512217502024,0.0234093266906037,0.0163283372467042,0.0247029828327994,0.0291964235707635,0.0189269469043767,0.0291035327419465
2000,0.05,30,3000044,0.05,0.491349376460337,0.495616703212232,0.500026061333799,0.423052539528326,0.476011612588077,0.528861370917191,0.517160641523859,0.51335996508266,0.509697927610286,0.0515677359131442,0.0386695352951775,0.0485068262855243,0.063854541928606,0.0396933796424747,0.0567545878679622,0.080337892989773,0.0502829661061911,0.0719870431551661
2000,0.05,30,3000044,0.25,0.446593840227821,0.476766261887083,0.506907178103334,0.394023565826107,0.487299358422063,0.580504623094275,0.425159519250652,0.463333691290765,0.501414150160673,0.0269445369836374,0.0193336957882504,0.0291661003993282,0.0327544634526323,0.0201466193693908,0.0287025308797307,0.0391815333639463,0.0232308131415748,0.0396743395941325
2000,0.05,30,3000044,0.5,0.416879328581809,0.477886682148967,0.538928836765975,0.372095442901279,0.474259105396407,0.576464437180543,0.39039192542933,0.468294220322872,0.546180809916109,0.0199546395568642,0.0148056476813478,0.0222981246691469,0.0231598577255564,0.0161907352542963,0.0258782614230303,0.0260414238490922,0.0170884530864084,0.0301057327449093
2000,0.05,30,3000045,0.05,0.472935138477585,0.549189908648515,0.625540421643777,0.473786320807151,0.553263703260143,0.632751392200965,0.486828333166488,0.586858013487931,0.686826675030332,0.0536438622298705,0.0370872946374733,0.0522475430298705,0.0580957226259653,0.0366268863809438,0.055984158888608,0.0872385032075075,0.0399323610588389,0.0680644685587427
2000,0.05,30,3000045,0.25,0.393800596665357,0.489966734446746,0.586250519231185,0.363923540918806,0.478026596788065,0.592169816392948,0.315486919049791,0.474317264701502,0.633240257500346,0.0260725539737339,0.0191386004209621,0.0273024418613688,0.0313764226973589,0.0201626260271263,0.0311367414818734,0.0381649959666476,0.0217574331418495,0.0378905719688345
2000,0.05,30,3000045,0.5,0.395925877801828,0.487671760413615,0.579547997712762,0.379453432488524,0.485748600637664,0.592117526099014,0.32955921458667,0.478963618194477,0.628490623574775,0.0199048649207919,0.014778738672382,0.0210547952786473,0.0258150686661288,0.0163488622131731,0.0250237034732615,0.0282586813295793,0.0176910918809769,0.0291437664667621
2000,0.05,30,3000046,0.05,0.362969653763092,0.473636532460598,0.584344076488174,0.330770158725632,0.474370153212939,0.618051189267622,0.299789455072015,0.461986172641513,0.62411195257317,0.0447809902447721,0.0373685323015678,0.0589273967758588,0.0513556832958539,0.0392489633640588,0.0678571143760753,0.0546346150801294,0.0393193527365955,0.0741140030992925
2000,0.05,30,3000046,0.25,0.382394917167723,0.478014881879084,0.57385194400343,0.373193456818044,0.472985528365516,0.573034486052789,0.344832352907757,0.465700787886108,0.586723285899897,0.0255301959711007,0.019415143121303,0.0301647009773068,0.0300456116801334,0.0205498809614259,0.0339093706643664,0.0325171428109458,0.0223298470523783,0.0394974130490283
2000,0.05,30,3000046,0.5,0.376032554974102,0.484975030275722,0.594136961021493,0.377782107650568,0.482311674170698,0.587083222661091,0.338227735114353,0.478309461137718,0.618611975719083,0.0194533058588132,0.0148062814778333,0.0222277312769166,0.0225776327587546,0.0159103737611137,0.0252639919665496,0.0246081696690733,0.0172589260249746,0.0301166473625549
2000,0.05,30,3000047,0.05,0.374962985245602,0.523885849142159,0.672817698402963,0.300494753523946,0.490532379732221,0.68063946296846,0.347734498540372,0.548620925009971,0.749230395633997,0.0450508104619734,0.0337635038932862,0.0456995932950398,0.0535821103092354,0.0380868137641782,0.0528578935480209,0.0556044461392811,0.0381735522480818,0.0514034270753606
2000,0.05,30,3000047,0.25,0.422066053281308,0.492396098249266,0.562648080837679,0.397850707363204,0.47909101488783,0.560212643917617,0.382764549007,0.493498791981629,0.604048188186602,0.0252237234824556,0.0190954379374004,0.0273354516498609,0.0308004774684294,0.0199586862568815,0.0302400119118493,0.0315305126595564,0.0217954998281817,0.0362402241944925
2000,0.05,30,3000047,0.5,0.404539433055295,0.491416595358652,0.578258721902547,0.375007290367336,0.481310126335,0.58753423039531,0.366746455789769,0.492807204353961,0.618740831610768,0.0195810598601238,0.0147292729121008,0.0212324619652198,0.0236875003787854,0.0161721181563127,0.024242698082696,0.02468048839541,0.0168284366779503,0.0279891239474644
2000,0.05,30,3000048,0.05,0.469033431309659,0.533630778029959,0.59802957892624,0.477072103787216,0.574704290637638,0.672270267607477,0.492543017518937,0.571005910570757,0.649076012006826,0.0516136316567012,0.0351707151699431,0.0485962163874983,0.0601445319998104,0.0385875546249766,0.0499830097524545,0.0707196892383969,0.0402642944931447,0.0613541117363
2000,0.05,30,3000048,0.25,0.413420891096618,0.49029385593287,0.567247914182044,0.400417175134869,0.50367996849046,0.60704347882784,0.403037429977064,0.503522221702189,0.60414967728575,0.0258566467725101,0.0200597440172101,0.0276803699559798,0.0299106704879455,0.0215905588633677,0.0296964434620126,0.0366501703058496,0.0265140188105727,0.0374750063661492
2000,0.05,30,3000048,0.5,0.4201773549601,0.487847560972304,0.555623914312911,0.411009778321514,0.494277949787522,0.577699011500382,0.412421920326581,0.493341128246161,0.574392399271448,0.0225129021879581,0.0161644582469021,0.0233919011007682,0.0259880081970385,0.017200613507158,0.0289514902150323,0.0347803442261848,0.0223752134901536,0.0345910880202053
2000,0.05,30,3000049,0.05,0.439748877468091,0.533158335270193,0.626797447083685,0.409806874507298,0.533307835328254,0.657065538521594,0.452105260557938,0.550681106980963,0.649492164202371,0.0495936307322296,0.0379261330126741,0.0517765249176444,0.0582856971783507,0.0389450207493037,0.0556244422992609,0.0761700672777012,0.0441935620841448,0.0699314778515284
2000,0.05,30,3000049,0.25,0.411826078859858,0.523873300717336,0.636092334928938,0.358384680714895,0.520118006064948,0.681999082153815,0.412768565284112,0.535662027978838,0.658744799713538,0.0265016519909658,0.0197680027495917,0.0284828387073416,0.0330145924312587,0.0223281028969383,0.032714725633414,0.0430787150678058,0.0239831991536864,0.0416317332475262
2000,0.05,30,3000049,0.5,0.407527918195392,0.513417803860574,0.61945084878239,0.356613028839548,0.510206526679931,0.663927803282989,0.37440406169733,0.513525887186039,0.652733889836131,0.0218007818046751,0.0152338418725007,0.0223962122552238,0.0257739509078522,0.0168962697939456,0.0248547578022146,0.0347147885611015,0.0182979729269788,0.0342059455733374
2000,0.05,30,3000050,0.05,0.418380210547489,0.523250576552378,0.628122520479587,0.35735903159887,0.505570890316416,0.653856905166987,0.396224405782884,0.561376143751184,0.726410166473518,0.0507764796805965,0.0369902285516304,0.0515297971979171,0.0588803057004799,0.0394071554036036,0.0634731219801018,0.0712810370058275,0.0445306371327851,0.0664992155472136
2000,0.05,30,3000050,0.25,0.40354612577701,0.488115408111326,0.572744968767806,0.359006778253384,0.48149665459859,0.604080742899937,0.37165225933868,0.492016241815447,0.612455183408322,0.0265962237919255,0.0193744540855635,0.0288990394128733,0.0296988682327254,0.0204619298329343,0.033677824464785,0.0366977016417064,0.0234953055586988,0.038904385817255
2000,0.05,30,3000050,0.5,0.3984623262183,0.48676999456403,0.57519788687629,0.357970697209418,0.479719268123728,0.601629894994536,0.369279918262179,0.485862231916098,0.602552825718172,0.0207956485969427,0.0152782060843638,0.0227243619334823,0.024042057412992,0.0159725838437473,0.025059010011178,0.0297153276738832,0.0199059978163919,0.0336737756109013
