"n","vare","B","seed","ghat.OL.1","ghat.OL.2","ghat.OL.3","ghat.OL.4","ghat.NL.1","ghat.NL.2","ghat.NL.3","ghat.NL.4","ghat.CL.1","ghat.CL.2","ghat.CL.3","ghat.CL.4","ghat.OI.1","ghat.OI.2","ghat.OI.3","ghat.OI.4","ghat.NI.1","ghat.NI.2","ghat.NI.3","ghat.NI.4","ghat.CI.1","ghat.CI.2","ghat.CI.3","ghat.CI.4","stde.OL.1","stde.OL.2","stde.OL.3","stde.OL.4","stde.NL.1","stde.NL.2","stde.NL.3","stde.NL.4","stde.CL.1","stde.CL.2","stde.CL.3","stde.CL.4","stde.OI.1","stde.OI.2","stde.OI.3","stde.OI.4","stde.NI.1","stde.NI.2","stde.NI.3","stde.NI.4","stde.CI.1","stde.CI.2","stde.CI.3","stde.CI.4"
800,0.05,80,3000001,0.37176650368616,-0.0661353847434102,0.132581471521628,-0.0274260504795844,0.369808026328325,-0.107369171277929,0.154924207132456,-0.0651909481304607,0.387174734826594,-0.151504393508536,0.0373170866502405,-0.0701969713613185,0.464494658022499,0.0766708395470899,0.0697155684759278,0.302394339466744,0.436385355273215,0.0778364259478954,0.00964831998484987,0.329748741136977,0.420887367457898,0.0665886761590877,-0.214264008671589,0.360470921145523,0.0438605284795229,0.112552903718765,0.0931736352510717,0.110968885531836,0.0428071363278726,0.0899785028586588,0.0852627844668708,0.0959819646961177,0.0507601368611849,0.253661031628081,0.138789248931719,0.234594746643346,0.035721507296079,0.0750738264148505,0.0790122250349402,0.0652245256681695,0.0319458496833378,0.0639887344059574,0.0669079774396745,0.0650982333048418,0.0554316878036429,0.126568793571854,0.177284049929661,0.0891380957698934
800,0.05,80,3000002,0.485387771313184,0.163971432578346,-0.0166925876999945,0.285110926808294,0.476403083616267,0.183421915329018,0.005885094110767,0.111435746001297,0.511072035062451,0.451872605618746,-0.0954231167957186,0.684957671009645,0.522411537685509,0.105239428312107,0.319208981320715,0.109643982119385,0.503041192082343,0.148322131552598,0.192798836161831,0.0225248072806932,0.585965190258394,0.0557334544079823,0.371504527177561,-0.0074691670550436,0.0439041690614552,0.106633290337424,0.0891280263196474,0.109522232220591,0.042294718675446,0.0895610909106275,0.0827499808403204,0.0857512010924431,0.0536080498199338,0.248058158285789,0.128843230431581,0.25887488058024,0.0339154645213716,0.0691262536170958,0.0681350967204339,0.0717676465447924,0.0284035858448655,0.0589358569677361,0.0577656461708524,0.0674548625405247,0.0414565730878545,0.0994821101989099,0.0976416912470489,0.0844917363542356
800,0.05,80,3000003,0.434047204541687,0.0454618907787472,0.0731828430873182,-0.0169649702025893,0.443495358906233,0.0218861815657971,0.0480584783750313,0.0222946992631735,0.419268479513993,0.110481641243612,0.119633444450334,0.0556655656878902,0.459735418001524,0.132429539547812,0.200749446694277,0.173948568291385,0.479813903298004,0.0545364260766029,0.167718536480774,0.219661439131783,0.500142288671981,0.0628124592439852,0.390971417905899,0.250330580833942,0.0451203846658085,0.109935532370462,0.0909458607558305,0.115752277617135,0.0440729334340761,0.0884466520872294,0.0830923464814607,0.0952902408683378,0.054671411293333,0.241039894357976,0.152934938839929,0.305708830344699,0.0380952141204035,0.0715260796761474,0.105449654876144,0.073394905546295,0.027230048864185,0.0561885672141918,0.0618393166951161,0.0713064670123455,0.0382086851400775,0.0963984599344075,0.136700522313605,0.0819014033505202
800,0.05,80,3000004,0.447501555095085,0.266306771607226,0.0312887281755413,0.167280041755198,0.455662285966771,0.18174632885922,0.0370567458517739,0.154099226441197,0.439873471057766,0.515514120325975,0.00302609153351878,0.322357935496444,0.472864418493997,0.29366507550721,0.241904704240044,0.209394510940224,0.471163076945766,0.206358569922772,0.169352283906251,0.16786851784734,0.486227142599282,0.270859796072761,0.292052676581898,0.199717911785153,0.0410521530017843,0.100871053866337,0.0882777111944998,0.10807560230936,0.040390737960925,0.0854223011386969,0.0825144985121427,0.0883198253585608,0.0497011054294815,0.21757868290361,0.138413961248361,0.240352377389463,0.0292338086754406,0.0629323542257855,0.063066269952575,0.0599957744025723,0.0276244894282261,0.0547746996462528,0.0548502677132871,0.0631452133481554,0.0442361667292761,0.111198718782679,0.0950796897210997,0.0655248869442313
800,0.05,80,3000005,0.400961756237867,0.0768993888560444,0.104793013287295,0.071826169780871,0.378656325800404,0.107148649720183,0.16255312661325,-0.0291247118356328,0.406935671200341,0.207950463978265,0.0413485183143082,0.103802694044335,0.494477820943682,0.261111999165069,0.161187827484407,0.0145249870145418,0.484668932356214,0.195257461151822,0.0751409033565954,0.04172090219483,0.528432973271034,0.234404756904723,0.128912327722075,-0.0281365671432091,0.0440322082049934,0.110477725336246,0.0925123382408307,0.110266713327302,0.043483015632161,0.0932183727982037,0.0852327985688432,0.0880958335971403,0.0536998710270964,0.235974132486967,0.153314609285695,0.227868529138506,0.0321707879779942,0.0740223946409469,0.0644040884056305,0.0709011971088031,0.0279110812618632,0.0582255688712213,0.0557069344148773,0.0680776315849253,0.0553813194769558,0.130764746165862,0.0970132715933619,0.0845969956582397
800,0.05,80,3000006,0.356462346553633,0.355669757438635,0.0794483185844846,0.128496404355948,0.364500577265609,0.088936603678923,0.099335703250192,0.00644339762100737,0.341025695682581,0.87786953377243,-0.00776545743117445,0.251242381085198,0.401564602876792,0.327728631028462,0.0782428086888405,0.15499355819316,0.406834238113885,0.188751022456022,0.0426349709728488,0.148321613081309,0.404168699549572,0.259361250823232,0.0896830607871595,0.126196116462412,0.0406519946395539,0.112989722077146,0.089232413201026,0.10542630563941,0.0412405367849187,0.0883184908429708,0.0850582426998975,0.0879611373779637,0.0532469989257444,0.293254204069947,0.153951147234891,0.227641095030187,0.0344579594503929,0.0791288036100251,0.075490207702512,0.0627058636289447,0.0273183408110827,0.0560725023458704,0.0566615759489598,0.0619893880249495,0.0379096710328188,0.0933503178476843,0.101180849382281,0.0721160872907984
800,0.05,80,3000007,0.405065016021,0.135430151524068,0.0615968341374682,0.111483441650674,0.393351223049997,0.0706480007915445,0.088149553597402,0.0100068441880674,0.416998564689495,0.275360304969894,0.012975819370922,0.232574040062647,0.426305740537869,0.156344496384891,0.158422707577557,0.304964321780662,0.425844197367852,0.122688129534673,0.0632448448851753,0.285665629213693,0.386637650114655,0.155708425471016,0.0870651124248571,0.207935379906146,0.040523547528034,0.101970637655634,0.091738499699369,0.103430522288016,0.039893930423359,0.0855891274047824,0.0851467072232627,0.0846912503374191,0.0496523384657887,0.207319137055011,0.154639484020398,0.213925121215169,0.0295277430347874,0.0679557769890552,0.0694508023382138,0.0638099675641361,0.0286707674025349,0.0623745872119577,0.056831505909645,0.0641014076781249,0.058176311967331,0.149188746878631,0.120000996513215,0.0990556076524444
800,0.05,80,3000008,0.345586710679841,0.217625577224427,0.210487440076099,-0.0930510435948272,0.35475401363593,0.110288445820658,0.233593508536246,-0.0136928158273794,0.31033133982874,0.517329006142393,0.181642404835324,-0.31831529859633,0.457529813876759,0.259047586238209,0.133267629228987,0.176809768533735,0.471773383898004,0.0947310440592188,0.048236917671139,0.134247727688021,0.495953018328801,0.151839544907284,0.173540332374159,0.127034645757876,0.0440449069257429,0.113830841682593,0.0923206144468978,0.113166244800473,0.0422420573593274,0.0900224511212622,0.085085320166826,0.0875708221140207,0.0596683190044894,0.257425936965723,0.144592852639768,0.279428990552991,0.0329330585224756,0.068992901729912,0.0735912072631175,0.0739544084552152,0.0289052971334924,0.0598078498735933,0.0584808226891892,0.0664311434955146,0.0413113421741544,0.104570155554916,0.099570217914333,0.0764154431690559
800,0.05,80,3000009,0.493088619361245,0.0893539843590033,-0.118448116680365,0.13660755603469,0.477484934609576,0.021177003940621,-0.0635379808557239,0.0146937286623523,0.50912583633496,0.304269914535902,-0.208413445210101,0.300653917990141,0.384619211522058,0.306645902435523,-0.0784572320624544,0.142171632746722,0.437272644996726,0.209929589438749,0.0381458402161127,0.190236909759756,0.395103737508938,0.25979798657199,-0.223160075964174,0.125030031146791,0.0445654892500108,0.112698994094319,0.0882824086132294,0.124793938106816,0.0437256975083739,0.0915602067928755,0.0830169562886061,0.102901343786531,0.0560727445621925,0.274210073588743,0.150803832441947,0.359871369689932,0.0284584524212337,0.0624649938259715,0.0762560487100736,0.077852444468709,0.0268350195866666,0.0552364564080899,0.060878152031908,0.0686723953535006,0.0356838234158434,0.108392010209974,0.134046910264957,0.0850419871835561
800,0.05,80,3000010,0.457051740430316,0.175125796940079,-0.0701244046061503,0.255393404054277,0.435356051456438,0.0829707399595664,0.0189579050730391,0.120848643631527,0.539890262934152,0.417481103173067,-0.389246831289313,0.74938991647739,0.412060687950949,0.285134128022702,0.0935619116571546,0.0402017956686632,0.463023968405596,0.112934100459525,0.0663834445283036,0.0372155605043002,0.422646855347539,0.175079049126044,0.0669595462541448,0.0940804062424044,0.0454092481993374,0.108260882812762,0.0961090886683115,0.128290048466791,0.0446082153068437,0.0894269627988208,0.0891249929867023,0.0980823358007602,0.0657225912034404,0.234071096561978,0.175255356652223,0.425117281932893,0.0332071500473631,0.0698763985205741,0.0760132263834197,0.068595931725696,0.0271900087823347,0.0558583037081384,0.0558226288413303,0.0663952772551585,0.0351404637863486,0.0887603306808124,0.0939556195620145,0.0718983607298497
800,0.05,80,3000011,0.382501646313285,0.109230067039103,0.144005544328673,0.295674369857225,0.376044531012937,0.080289361222111,0.142435263087886,0.172548520012579,0.39914282871082,0.308200910785345,0.0887888955868059,0.648278205894393,0.438180450393264,0.22237667530128,0.16429222235801,0.182275218901547,0.440154283903138,0.175108612108947,0.150963038112162,0.164986664941602,0.457575559633053,0.300824739287597,0.11021994213985,0.118429899303887,0.0416618899503593,0.106388186569136,0.0907908359454862,0.0969978509635595,0.0404569618425505,0.0874764128176193,0.0798885481712298,0.0826449128822875,0.0491289158575407,0.237254296046775,0.138449194259313,0.205242972901993,0.0306509362114447,0.068006761151711,0.0697586622466634,0.0666794008361295,0.0271229806186117,0.0541356848988168,0.0555270763536924,0.0642895965792006,0.0349495286930456,0.087897212029806,0.127690391984955,0.103257491520379
800,0.05,80,3000012,0.412908662585993,0.210359021566865,0.0112567549810043,0.208189164583789,0.409567864152718,0.0944856528537205,0.0690523628420438,0.158845176235827,0.446986408752341,0.436206080772037,-0.177801840935153,0.554568350785446,0.416319974948054,0.23717485163983,0.0749590207651992,0.145325511186195,0.435363679139027,0.171802319230165,0.0779513226696785,0.190320868977441,0.455443545861631,0.218840599067019,0.291463687283253,0.111185082818383,0.0423111443891296,0.105668000369203,0.0872488313690022,0.123123081337819,0.0420790547364677,0.0883179336545098,0.0827366025573575,0.100665168440164,0.0555032126348538,0.224798390917598,0.14968956815728,0.335232848509568,0.0277901755393693,0.081959592530959,0.0855713556699694,0.0726278814187521,0.0266062963424553,0.0573855779336862,0.0603507544119318,0.0650705892530194,0.0438703180657155,0.122526344324564,0.160145215126615,0.0930053519282766
800,0.05,80,3000013,0.425747418531991,0.163413650955977,-0.00361368372573875,0.14807001408332,0.431204681204351,0.0306252161524097,0.00392231772416387,0.129994214247589,0.422152133316153,0.549891762686115,-0.0783591667583438,0.394838152358318,0.456843713649892,0.0843838479542976,-0.00642320341687694,0.103826771688779,0.426907020012106,0.0400829582310138,-0.0105183986992494,0.121811203582922,0.421730344312687,0.0735188146042563,-0.0485743739040367,0.160781993469427,0.0433077802972758,0.118279914845705,0.0937727799667258,0.115892991591828,0.0416515074665376,0.0947735715475378,0.0834908604149149,0.095234464439662,0.0545730907982485,0.32475606070735,0.157166828095247,0.280055244030544,0.0467639303324052,0.0951826827187112,0.0876900733714424,0.0720043219853088,0.0279118552269315,0.0570283949225358,0.0586238791617114,0.0667007290341428,0.0563742644379477,0.108442262316626,0.136784014038049,0.0761115217862512
800,0.05,80,3000014,0.392395085909274,0.134578146697539,0.134280308349147,-0.0572302988508183,0.4100997569603,0.0564226023088163,0.0622148316918925,-0.0193516538484706,0.367097310307328,0.348079723071262,0.196264093260559,-0.0687213688326286,0.437463421156127,0.202212844591016,0.126713798826884,0.230117389188974,0.426642836522718,0.173005759955452,0.0770138970385476,0.180689780240629,0.417730884689724,0.191261762803384,0.0231775052500905,0.269717525230679,0.0434554604357781,0.118620104394916,0.0926166696936104,0.116713985719096,0.0427800363868088,0.0919110855305075,0.0864955262081508,0.0945271303672798,0.0516332015172574,0.319101156731338,0.141978380371384,0.300342677950523,0.0362476261100369,0.0738811435338464,0.0803021377441376,0.0811733486871237,0.0273229385661508,0.0580854420324554,0.0575003783079674,0.0649254296490366,0.043826429173249,0.132975967730632,0.128355424342981,0.0938885415700486
800,0.05,80,3000015,0.406562836935777,0.181457307989282,0.0238335288637875,0.0321280020921716,0.402397958373538,0.111665086570426,0.0592929589604232,-0.0254865148679364,0.405515821816005,0.395655214619274,-0.0352530709538987,0.115687100746959,0.437254670945336,0.188787324759091,0.120376415639179,0.189620556915305,0.446801020049867,0.140744401366771,0.0538693380057021,0.16148615376398,0.436411886070564,0.154778924125954,0.00363057044165485,0.170028906382039,0.0470472509597908,0.108783856014256,0.0946424441345368,0.11736053446275,0.0455819497356669,0.0955379032523919,0.0879100487180033,0.0939708419495415,0.0584035246646082,0.215935183863222,0.137292020031503,0.26344313969243,0.0309474866919972,0.0682481067813666,0.0662471950625283,0.0669520114949666,0.0266941182895857,0.0541381364442036,0.0555673813484622,0.0635252342751266,0.033273015728827,0.087503944711285,0.102927740267975,0.0712812031868105
800,0.05,80,3000016,0.41701119502638,0.0349330044856045,0.151742598166941,0.251374037495892,0.427475832528936,-0.0252295198280725,0.123932270662846,0.205917709651636,0.434025417377504,0.134278499536072,0.197354547247966,0.679068131170581,0.466035470900033,0.154182111157601,0.128073873189616,0.147868791215591,0.49107725449266,0.0380620994786355,0.169466731903101,0.141823772066105,0.512888549218376,0.00441124580957217,0.267476478100766,0.133564798344252,0.0443484729908362,0.110645752207243,0.0925324354830773,0.116850947771806,0.0447883206392802,0.0914030501599479,0.0885599769825718,0.101125009642226,0.0575088557977253,0.242372193261788,0.161546833145033,0.309689189097857,0.0358106548441709,0.112005048012749,0.0815150623037352,0.0649475707320948,0.0292162323818183,0.0574999488984369,0.0563551703953701,0.0643307894232998,0.0412354747678765,0.1058012802338,0.0985542727994655,0.0753188145539871
800,0.05,80,3000017,0.433886269093604,0.0649278755498226,-0.0346274630972981,0.327751850955441,0.422589720028143,-0.00187589595398386,-3.12700765490605e-06,0.222756450643722,0.483394469507247,0.219860516402725,-0.177360986378084,0.645311432139926,0.43057163755115,0.278514683470322,0.301166929848279,0.188046123417861,0.397743517307123,0.209956901802809,0.115831190629633,0.157587503602843,0.438972549482123,0.258471068277574,0.357083241692099,0.163460940114943,0.0436441435339648,0.105078966644043,0.0934141291443643,0.109461230921134,0.0427058169470303,0.0874878434022117,0.0835846571256147,0.088758742409881,0.0537304162777181,0.222533318172602,0.153012228553426,0.249140015390871,0.0297611872260298,0.0620483620054971,0.0695839563518692,0.0652204974993901,0.0280766467693908,0.0591305844471377,0.0598674484476939,0.0668847747933433,0.0450889030796096,0.0944818935644255,0.114713226705764,0.0758201623376039
800,0.05,80,3000018,0.366759430141726,0.264721148493985,0.304400046127024,0.0249074601364425,0.386956966558866,0.0894082273500278,0.24653211536781,0.0287457330910858,0.329827366767316,0.641877992747398,0.43403476450283,0.110475960511143,0.490311413261659,0.207043316490845,0.169718167581915,0.0833038189417079,0.502317831844916,0.0368326610659841,0.056425899217114,0.020215534594414,0.446364285316381,0.21192518994187,0.00186522945051096,0.0928599330554243,0.0434994453541376,0.124053860532585,0.0910520545912735,0.109128421135768,0.0429191924884413,0.0963998215933714,0.083448666143799,0.0936988346580559,0.0542853859794236,0.353529181083648,0.146294822921111,0.236230500064678,0.0293842342182923,0.0638965614336395,0.0667547811217661,0.0674126128612401,0.0263576446281897,0.0554244652087607,0.0577773352715078,0.0658962063537118,0.0384954180002196,0.0841337112422791,0.103430356341531,0.0819828087609803
800,0.05,80,3000019,0.361823636035684,0.265366952490894,0.210912496301898,0.0130686374177646,0.360967421461317,0.0992743769706112,0.256888096124542,-0.0304262961355966,0.350420970221435,0.658814734283017,0.170183063353523,0.0904012421367904,0.477737720469405,0.155641784998607,0.063073229113708,0.125758505324709,0.481987382532605,0.0446836005374544,0.0161580405280089,0.113862823544783,0.439642359458437,0.19694513579715,-0.105229603553598,0.0974736730764666,0.0420139632358662,0.108978469801557,0.0902251117072833,0.114564515375808,0.0419306180793881,0.0942891233318828,0.0841396362413975,0.0953455014977614,0.0497326745125032,0.264685693400941,0.150199394691656,0.280802243139262,0.0312613729429778,0.0715287798996734,0.0782218558209932,0.0771661049729361,0.027416296460482,0.0591735194908467,0.0628192288002019,0.0650831659007113,0.0438392876964515,0.114119791386587,0.114382430962883,0.0831851962571108
800,0.05,80,3000020,0.330361476341767,0.132227921000199,0.172854162175848,0.146034864034061,0.32248382599042,0.131866358895748,0.203844089774417,0.138486365023826,0.342491214945744,0.300875233375741,0.0899680979241446,0.268013014240021,0.413231566321163,0.158260661878103,0.109580701131792,0.0567250866547385,0.436809635514832,0.0886291102523322,0.0476501390137997,0.0298416579547117,0.412855513529682,0.133114092549882,0.0884566976512138,0.059678467785805,0.0438922143241092,0.114516869828461,0.0941539611209323,0.112955171747145,0.0421105759912986,0.0919580792509679,0.0827502391136216,0.0948345017404796,0.0546601712630153,0.260192814872284,0.151811663761177,0.240481705093645,0.0288511053274804,0.0654378637444398,0.0669936508952496,0.0661690262985353,0.0258688288642798,0.053395541448684,0.0547781999197596,0.0655524756128095,0.0353799944048514,0.0952772569942927,0.0965818321628722,0.0742729837388076
800,0.05,80,3000021,0.401307866493354,0.266353123026998,0.122496573481548,0.0677186788098325,0.405062564866973,0.25222430181894,0.0968196269942796,0.114835128906671,0.386363911820592,0.443945656178663,0.175006191405768,0.0956581541351642,0.451456175712988,0.134747506688096,0.110690751216647,0.33377260328816,0.438477904205389,0.196821019532994,0.129289909921938,0.286488138418174,0.443337876715635,0.274780334162279,0.275652043966503,0.315749686425923,0.0421576265093218,0.0959704292792091,0.0919838990528377,0.110769160770224,0.0409290817735142,0.0732268578484819,0.0822208524701813,0.0890293186595975,0.0508769617386532,0.177968518712967,0.164166326499081,0.260560316991361,0.0331701206911914,0.0774298650167649,0.0929480178085899,0.0628693881558175,0.026836351793514,0.0517431596923769,0.0608663666460218,0.0645197466150704,0.0334059693993001,0.0749905609406688,0.117313951046481,0.0694464962437805
800,0.05,80,3000022,0.43017169874807,0.177070546544369,0.081855537954597,0.292581736834661,0.418678772001648,0.131433862333866,0.129510093526776,0.227647397824944,0.466955140944599,0.438469306624833,-0.0183493115761016,0.853221466935168,0.487794822324922,0.240421384797177,0.193942144826225,0.095922414413889,0.480305532412307,0.134507308009789,0.10901551893858,0.153146038943316,0.507845732246259,0.229501592839563,0.232491408086551,0.127812321769911,0.0464094296753162,0.108451833389437,0.0946044469682981,0.118795315605453,0.0459130166187281,0.0932803280661167,0.0872242372594513,0.097081043618841,0.0607865801028122,0.228470086875095,0.166223287835628,0.321543288903211,0.0292245302338616,0.062846149699705,0.0693058250180908,0.0615866613372374,0.0260306813344146,0.0534945403252181,0.0562739200363281,0.0595354032927329,0.0375254115032449,0.0958248841841962,0.0955623432087672,0.0667409672849887
800,0.05,80,3000023,0.366890888733982,0.0889049004354921,0.122601599467327,0.216639518921619,0.355147307999162,0.0461120152451361,0.162405165271991,0.0445487256769664,0.36987023768442,0.294786323512053,0.108365084143664,0.492440072353301,0.428418687643528,0.217589901136278,0.166490014109271,0.270523969843032,0.440947180384173,0.125426536509703,0.0960526058704801,0.271903974662173,0.451336835387407,0.188386366701457,0.207659334047385,0.27481430872654,0.0459140534247112,0.116454840857916,0.0925530974054855,0.117238555503861,0.0454684726706957,0.0991672892443964,0.088269219130182,0.0995417778288103,0.0659515076527094,0.290657363900961,0.146915652943358,0.290226408942542,0.029341133783663,0.0613388776100604,0.0627392451691327,0.0588677465377295,0.0267931270619082,0.0546327184274095,0.0528168733446108,0.0605742678351937,0.0346544529600103,0.0821642935334954,0.0804058705482572,0.0610774992612033
800,0.05,80,3000024,0.391555739981207,0.304060344049939,0.0634264279516101,0.373856159029128,0.378325146848405,0.195086876722989,0.142517584911971,0.2271927019148,0.403072393219495,0.779553279058243,-0.058539224970276,0.749619352326181,0.418141340192108,0.322516593932637,0.199147503315343,0.148280900388081,0.451641233103581,0.179391614187942,0.153037819373974,0.15228506041107,0.450549604558426,0.371630627857827,0.22203901828887,0.115232737476551,0.040240759584494,0.101693642201324,0.0849593479273898,0.0971355041880043,0.0399304202207757,0.0879348960259564,0.0788261647036661,0.0817349908930695,0.0463671807492475,0.240847735051492,0.128477625561807,0.213027631903578,0.0294436671383519,0.069673397003553,0.0656881738189803,0.0691364134139775,0.0269305984514912,0.0577613194205822,0.0551894134970971,0.0639806918865446,0.038398164699285,0.096520173892897,0.0843568179418304,0.0682260318888389
800,0.05,80,3000025,0.446007074331851,0.113567596232173,-0.00551598232692929,0.138065059674254,0.432913496530306,0.170619555457703,0.0319854164835241,0.0990971885615054,0.452856303982548,0.38012560380243,-0.0723146933743428,0.335966898129483,0.428976263321201,0.273631941125068,0.143909911895833,0.148866024240094,0.462099515360231,0.211790970625409,0.182820850488431,0.151857205897503,0.445762955198532,0.267903825629375,0.0702345560661842,0.204460886702668,0.0431572912072348,0.115791357734197,0.0899379345826003,0.114958803151645,0.0420179168836034,0.0972717936498991,0.0831486751968261,0.0902147550430979,0.0496486543040606,0.309158438643722,0.145787482966905,0.295523452387747,0.0332668675252365,0.0751757272841206,0.0754646822248986,0.0693270412579963,0.028669848242562,0.0647967432435118,0.0600643694338557,0.0660639478766623,0.0539634765700007,0.137646630106255,0.117162248774977,0.0770622986795531
800,0.05,80,3000026,0.380802998263232,0.0710806958385833,0.171269950317947,0.219317210905806,0.374709947484214,0.0324184524418817,0.206684973491174,0.186374106804355,0.398093824650752,0.188495247173044,0.116372705931429,0.489092590988418,0.449480962310761,0.224417761621741,0.0949240865116683,0.0283267680178547,0.486670945852933,0.13660057475406,0.156222279537052,-0.00535515888050622,0.497899470835284,0.229428068224974,0.271766198816702,-0.0205281544171023,0.0434217395957855,0.11287432817758,0.0884086669068447,0.112026381693645,0.0417193223312504,0.093616659539283,0.0817346259870041,0.0900710645468406,0.0590897862647317,0.269793527194491,0.134549642399746,0.252752846242549,0.0306464888366812,0.0659596708183689,0.071314287971926,0.0635270238331839,0.0274835185295714,0.0546325980194638,0.0551112332558126,0.0615407474621885,0.0391186248748484,0.0873114927982913,0.0910475651554025,0.0669953475395008
800,0.05,80,3000027,0.382237799984034,-0.0734723140080303,0.0659511539608455,0.140250837332683,0.37433493238424,-0.130266989338171,0.12541823898735,0.119261941575194,0.423802129022381,-0.110151968811141,-0.112761873273301,0.235030402985926,0.493445658026863,0.0724489363449762,0.161935035163449,0.111534485956779,0.453376597756544,0.0767508726485192,0.102925259986188,0.127566319169214,0.502023037208494,0.0413275473945729,0.188026705707555,0.0327481414069385,0.0419113653962296,0.105282293543612,0.0898838465326369,0.119230025476531,0.0413499304104321,0.0823643270055907,0.0828328260228875,0.0939729308514311,0.0523515221680571,0.234525909023712,0.144773055678432,0.382005149298601,0.0435032311473205,0.11039379532939,0.0806740259870661,0.0889697335485052,0.0281184560209171,0.0642046911023733,0.0586783197250852,0.0740843934526232,0.0399704292630542,0.122890049801062,0.0998505652990382,0.0913050273727474
800,0.05,80,3000028,0.428028685651293,-0.0299868253217596,0.0359809400136857,0.166344584633734,0.42391840986601,-0.0438691472940937,0.0519861028336518,0.15209085770359,0.46749776479674,-0.0253685039579496,-0.107295019148309,0.257396495625097,0.454088115037936,0.30004833674856,0.202725967213773,0.182002769321716,0.474365509937865,0.122188248899377,0.167655376617155,0.216342874278855,0.45117846007835,0.294470629395696,0.253527845615736,0.144099541398646,0.0453292222301584,0.112492302726042,0.095597250608117,0.105833121478222,0.0443123604282976,0.0930005709463492,0.0896542834567613,0.0860510964444904,0.0542239345554004,0.248021780671356,0.148279155530944,0.21346992247458,0.0324164567846722,0.0648180846677357,0.0619576242012287,0.0686825779064258,0.029759949379589,0.0623899553224239,0.0577938489184732,0.0672335570924007,0.0436481580313943,0.107364362788008,0.0944938267044312,0.0792646537676854
800,0.05,80,3000029,0.432357260170999,0.263057900075082,0.0415977831503866,0.309733926542986,0.426843072451385,0.170427018034387,0.0471693213737947,0.192842219538228,0.448887047449498,0.524819869542334,0.0678504643463897,0.666521680120953,0.459149765260773,0.283383906314155,0.248809205960167,0.0830088642682036,0.450282319741567,0.177381840784254,0.177759908252537,0.125925228862326,0.466101697005655,0.235480708816627,0.268752702275736,0.0910144589368733,0.0442143803995232,0.112741249397022,0.0919119864487901,0.107844579206476,0.0437370730389892,0.0958902962586705,0.0873553479990266,0.0878894354516127,0.0562353946695118,0.287995696698213,0.138163622337837,0.247816448116945,0.0316726968714078,0.0674847158119283,0.0671904384454014,0.0676908587330963,0.0268157776350433,0.0533545749872205,0.0546558941653986,0.0668084607451655,0.0364003655547438,0.0973689960091315,0.103466022563369,0.0782276771555923
800,0.05,80,3000030,0.447524890665897,0.0586531922305397,0.010686181366732,0.0013387546640985,0.449010640447645,-0.0101794834410908,0.0456985020866626,0.0144348609767695,0.447888435418091,0.162875386417316,-0.047733421470691,-0.00691595230574308,0.430595398297734,0.135439802923314,0.0196225618270935,0.115795810350238,0.446311538725797,0.119255957072042,0.0405401719704836,0.0821926681059007,0.451937180800579,0.127692933698903,0.106820139957349,0.0465801745652448,0.0460129405132267,0.109621591257968,0.0965894476439336,0.110759411160049,0.0447033053846664,0.0913868569497978,0.091461813607719,0.0907832256725307,0.0559280979401147,0.244684066787579,0.148411455107353,0.249400442420698,0.0306233869316013,0.0809914588958418,0.0667431617253459,0.0652679437451738,0.0278275610634271,0.0571826000822678,0.0572769532479457,0.0661324803956237,0.0387454455909502,0.110816507506561,0.104263198950453,0.0700386782320512
800,0.05,80,3000031,0.343645480436117,0.219218135534725,0.266883493630341,0.194439166025174,0.336034157952301,0.228030604082238,0.277608657504856,0.18886950199027,0.336488395522689,0.422124834627044,0.332983485676166,0.488022490347645,0.476372647666913,0.144027812842614,0.169033454920684,0.162863041372292,0.478789955608713,0.0605626970363518,0.0919023014623477,0.135437333662983,0.481505660617654,0.171936776397792,0.20935294425306,0.141100171032821,0.0432771556088172,0.107502971604531,0.0903936009471434,0.115362783765215,0.0419092774771417,0.0901701990446065,0.0832578316514721,0.0891416101474384,0.0527157970561759,0.2189216252229,0.139965374542733,0.273679796609019,0.032050711691186,0.0699583485352922,0.0705386472414173,0.0706251185874968,0.0269345257852734,0.0551206641911959,0.0549221772541989,0.0663027095860241,0.0420288546703388,0.0974885126493995,0.0940050072190459,0.0733125359807192
800,0.05,80,3000032,0.317303616789301,0.146816140809644,0.196089843754456,-0.0669535627916913,0.308406494337238,0.119484611776647,0.224668575960118,-0.0615795452657247,0.317697403129103,0.447816226803811,0.0682723886743836,-0.164870172301367,0.412110804443523,0.360732023977513,0.0491494000653241,0.0917149309097211,0.417149333028545,0.231440320376727,-0.0408589589721537,0.0878998690176205,0.35665818753634,0.498357807725756,-0.0511136011132498,0.114450594835265,0.0415289392310803,0.118664503592766,0.086585466697967,0.111759331016141,0.0413110008925954,0.0913826983987617,0.0810020674084237,0.0964868254294856,0.0512904604065523,0.310765534263567,0.13202023857974,0.258571056779032,0.0374900919616398,0.0624958730661004,0.0861947126943583,0.0688461287903943,0.027166754967212,0.0532150348703555,0.056091418649781,0.0649442506326953,0.0298505950786741,0.0790725735498978,0.0876846612435398,0.068644700460461
800,0.05,80,3000033,0.448054636421222,0.187175591634464,0.109569528108299,0.0941509878960249,0.453933738619806,0.138821434912889,0.0913204003320789,0.0317968269291666,0.419054245160016,0.515841729411134,0.22123870878315,0.363342025681512,0.498974103043849,0.199438621045918,0.17646248947893,0.0699841877172603,0.495976579139106,0.109071848661504,0.0566331787854824,0.0972814478860352,0.490042056853395,0.206065625858081,0.0581464219576677,0.026453417933564,0.0410341358087236,0.113712887642332,0.0902051757469754,0.11418223512451,0.0408245478069845,0.0928171461785179,0.0867636215307232,0.0945276237597909,0.0497354498685101,0.284748513527751,0.148505503350141,0.292761563993507,0.0262132990840539,0.0660455860543159,0.0710534363815841,0.0642792415088177,0.0258268636178712,0.0544109152704636,0.0560104297020334,0.0623086524066258,0.0323055193227261,0.0862822639105554,0.106261732664288,0.0721424821258252
800,0.05,80,3000034,0.442707863405537,-0.0175971818480377,-0.0536730001606744,0.275206798020065,0.46134423976204,-0.0762104821775418,-0.109380352968823,0.282437076303114,0.485547476590574,0.0290028004902841,-0.168425149547325,0.558391737354807,0.410176021802534,0.109867188975708,0.194170841010589,0.179866915390457,0.402929343949499,0.107140382372912,0.092581497776216,0.107454426476556,0.39063900353078,0.198561128914554,0.229627448249879,0.123231569703376,0.0438542932558157,0.111720044271101,0.0904944440018182,0.11476762884512,0.0429952507392941,0.0886753823540233,0.0823360581163845,0.0857525363187755,0.0559389550235774,0.241590702186581,0.156736411997407,0.277667843362697,0.0289678814000773,0.0756309387258656,0.0702577031433798,0.0709677037555946,0.0278798159258828,0.0549542805645207,0.0545154973370953,0.0690504591453082,0.0382334346643893,0.0897378317602516,0.0886218491582527,0.0744907506554627
800,0.05,80,3000035,0.445472955721323,0.181170851282971,0.0118026547022564,0.0974623622699286,0.456750397818974,0.140559189269782,-0.0189144343244433,0.132386274620941,0.449838078466544,0.408112479403495,-0.0443897809792966,0.283803838717629,0.443831684411788,0.256074031694019,0.11646144363619,0.0747725253722061,0.437072330099143,0.122958154750826,0.0300066972589681,0.101673810432649,0.432739319987488,0.265748690284071,0.0974620343379281,0.0902680606409962,0.0437489266952822,0.110092352979306,0.0920942122440902,0.110888052382844,0.0426435029157613,0.0862350385540994,0.0853187583492855,0.0911026986330677,0.0537737200663069,0.24462737651078,0.145525885332395,0.246230830195004,0.0267918601926814,0.0580280452527014,0.0641596940686966,0.0655499427358945,0.0267772189696892,0.0548049425994844,0.0541636407905865,0.0676459661774193,0.0300139277117863,0.0785250183117173,0.0801066937701869,0.0684339869967773
800,0.05,80,3000036,0.383080664813753,0.130341724495925,0.0746962487892089,0.17022207709707,0.374131105719663,0.119257621276829,0.083221190705816,0.0417357366499006,0.403106647331007,0.307214620275723,-0.00490943272326233,0.46061736254004,0.377965035192367,0.250346139767579,0.0724113121301723,0.22454295105174,0.423064868951377,0.20154633920642,0.125714577561985,0.269172066017622,0.418297819943145,0.208928563762517,0.0373529434352352,0.163484657362864,0.0430354661581492,0.100620971756076,0.091031664984449,0.115835258514426,0.0421587041190396,0.0859395254836432,0.0853426287656026,0.0903292258293702,0.0520175013858446,0.203744453695704,0.133347518134997,0.29940797137799,0.0418400563841031,0.0818342572192574,0.088717206877538,0.0810219414500172,0.029831985238708,0.0598013913077641,0.0563879644838758,0.064942005043929,0.0658892888195772,0.144542382563213,0.145224706726438,0.121830356349892
800,0.05,80,3000037,0.385609501497778,-0.0957731162303037,0.127458533111818,0.0568098908254634,0.390013529330244,-0.123014591498623,0.110129307775109,0.0446726733321169,0.397029524271779,-0.221520497815187,0.129819592301979,0.105013335939087,0.462618853451625,0.0962958210720006,0.160464946657278,0.15942675365227,0.444197346529625,0.0557605104091295,0.0865237243544118,0.184948103041334,0.40888590568039,0.242517832700528,0.114939028685544,0.141590975204507,0.0424110429201665,0.114247054992691,0.0868955114407111,0.116668660510988,0.0416861901940939,0.0932045183001661,0.08280729607445,0.0925280289395705,0.0512635705283776,0.271164664018927,0.130969278659951,0.28802804173703,0.0309809461916665,0.0790454084712696,0.0677761888978383,0.0669018869002266,0.0281724335537743,0.0644923166401797,0.0576070421845581,0.0653453238485684,0.0376366698049274,0.120321434302731,0.0955629490514198,0.0818773035548461
800,0.05,80,3000038,0.389487413820903,0.193391357816198,0.121961996239719,0.240627451391456,0.384062008790391,0.124039857823814,0.125100113863796,0.150106072209835,0.405373164792813,0.434226808125908,0.0898130194363764,0.502253161272652,0.499854686050342,0.00314327415348452,0.182943679886928,0.178801221258816,0.469166984950873,0.0562804189621255,0.112145975646008,0.192730744189834,0.459920481781017,0.0692812552820008,0.111239850377415,0.298860615393052,0.0399508514361567,0.107413015290816,0.0869213140264321,0.104263970743796,0.0392955912574556,0.0841281192465315,0.0816592114447079,0.083143402964493,0.0465805110817247,0.2329782366482,0.128140246406819,0.214947031330597,0.0340685915886956,0.0939625008559501,0.0807124519071065,0.0794177549543839,0.0279653066120038,0.0589234309770906,0.0559600333687402,0.0674902798659251,0.0642080517665153,0.14448268818168,0.145292799324411,0.0957494418095387
800,0.05,80,3000039,0.39198184083159,-0.00101857577521742,0.237500695716806,0.229223340997806,0.395178749192354,0.0290229713221035,0.240737766583752,0.24667745239813,0.389866077605746,0.000284624911426929,0.316033353907526,0.415724339688324,0.504321032239624,0.117883088703577,0.231389188408525,0.127502457522617,0.515962136488131,0.0777679733829742,0.187508982323487,0.107031031669051,0.537856723648296,0.110410496284013,0.334951546229524,0.00583262445636946,0.0437353363563263,0.111949104208132,0.0940503199019618,0.105356766421192,0.0431680538809665,0.0909725272195565,0.0889487652001674,0.087916625623684,0.0521406871729608,0.251745780613097,0.15309438914707,0.211701160652833,0.0375922195251359,0.0963329056214253,0.0846279657230504,0.0865479083469367,0.0280620503321546,0.0561645409112549,0.0553265004409579,0.065000626944388,0.0467190701427325,0.104912049104823,0.105353516931993,0.0749938832515748
800,0.05,80,3000040,0.330317010856139,0.381537437647094,0.230635547547281,0.124073926882847,0.338586019341795,0.19850041452201,0.214638761039776,0.0577596640631152,0.308480452692857,0.963687113547635,0.222895190619709,0.252160316608672,0.419287403425086,0.298110525522044,0.0899495143760233,0.225999878721277,0.438308652557912,0.148136084436243,0.0434724862438248,0.201368876340129,0.371760264095364,0.444503760937699,-0.116689521149482,0.122433007532837,0.0422658208652953,0.108744224027516,0.0862536643941291,0.106381828614008,0.0420835019136727,0.0894988989496844,0.0814212273979512,0.0845872227884184,0.0497573539654201,0.280016758291843,0.121401069429126,0.22138785704054,0.0278821840403802,0.0629636747441917,0.0711576084180772,0.0683444551818396,0.026957419805159,0.0542491668233255,0.0576851946305589,0.0724226745605865,0.024002723038887,0.0602854123272336,0.102691119352163,0.0768652801105292
800,0.05,80,3000041,0.499704919554923,0.0176312928220994,-0.0541682337857612,0.227591702300984,0.487975723222244,-0.00280716759003615,-0.0335243530441074,0.105262796600494,0.517945189348326,0.0929134117193699,-0.0733746721959726,0.476451870557241,0.486954188641634,0.10491986079942,0.252300496973702,0.211040355926995,0.476614916293396,0.0433310705933747,0.122518844156169,0.169527674708138,0.440360322793627,0.21797097694208,0.188241939514768,0.243300750970536,0.0464287052977792,0.108922079483251,0.0962444465671928,0.109234397986418,0.0444384500724397,0.089974354047528,0.086240610690412,0.0935091791624938,0.0580050636903363,0.225098803761294,0.153102279653048,0.242687776682764,0.0286399666620526,0.0938608845753341,0.0696542666434451,0.0643181096242309,0.0278903005704114,0.0620197664730326,0.0578415750333694,0.0602906067826954,0.0396894876452967,0.121836334358545,0.099072647298615,0.0717113446174247
800,0.05,80,3000042,0.389209124186233,0.106926133479239,0.0839332661040586,0.160532300460034,0.374520225754296,0.0322425629550095,0.158086593623228,0.107087982971997,0.405945059841052,0.303226383804238,-0.0150893887403352,0.337429045511257,0.442574805573969,0.191772080840452,0.166140277658559,0.335860307458649,0.453951241562029,0.128840517366945,0.150381764472341,0.303789664975394,0.438192601941868,0.22331949112263,0.220926274116588,0.318093216357976,0.0415591774397971,0.105374113228205,0.0900500594424461,0.103589243761951,0.0417009393843107,0.0896562653396886,0.0835675975963345,0.085976690227898,0.0500548366974407,0.225839780691421,0.153996822615578,0.20065929742212,0.0304554400980503,0.0681341991695483,0.059578128720535,0.0623719713109589,0.026815378737378,0.0541365807610798,0.0509848583892568,0.0627241145001349,0.0366536084351229,0.0900019073488052,0.0848742921401106,0.0650051116540323
800,0.05,80,3000043,0.317938563767921,0.172254014457115,0.218071964903905,-0.0142420604084625,0.325501325341277,0.0797445421203443,0.185573653921938,-0.0399133609670979,0.30792480273868,0.31748627094217,0.220979385748143,-0.0376998032737958,0.399290352180397,0.192924600249711,-0.0111298902731815,0.149138611770694,0.405183559089287,0.142078513349405,0.0158516173706685,0.187251588973846,0.37727616914206,0.169441324521312,-0.0372260260645876,0.108183518459118,0.0421801235707858,0.109312801277817,0.0895615550736583,0.108518556236958,0.0418833539054489,0.0863407691006867,0.0835733523519972,0.086024736260166,0.0485327348757124,0.218722464436679,0.125674094466716,0.219246659997258,0.0409489579113714,0.0717317292305028,0.0945327211707539,0.0737297356188659,0.0267434175202394,0.0535080461751506,0.0548771995559508,0.0646000867418017,0.0465800899899811,0.0910317041037787,0.12033170252352,0.0786714136521827
800,0.05,80,3000044,0.449160781428518,0.191569645382056,0.0202839426089151,0.282873784596843,0.452622212167692,0.117556143449692,0.0121116565154697,0.203516163464995,0.467817887062899,0.507284558437523,-0.0231428800542449,0.64782527133778,0.452542858703295,0.194879718041001,0.112811385862888,0.129717862296819,0.434658325304739,0.0944356589365537,0.0502005665531336,0.175175404439008,0.482160662201349,0.214932658388842,0.274859526583715,0.0938498666339188,0.0417582208793276,0.105483644022209,0.0866816092207082,0.0995995953064258,0.0424910111104804,0.0865083940880579,0.0819641610679479,0.0804507914015146,0.0461394136681293,0.240250416863093,0.120933605597294,0.21007568343639,0.034738486997094,0.0884322477789407,0.075495787265674,0.0758720621670374,0.0276561447372522,0.05779700651291,0.0540664091210839,0.0650240791507972,0.0559833440037145,0.107396511183891,0.114521831520793,0.0748521200144953
800,0.05,80,3000045,0.383438865364032,0.190831233823866,0.135251364210064,0.0277681474670761,0.378899173632852,0.164830460799384,0.14492147240836,-0.0106072550221225,0.379829124059423,0.448990321172505,0.0716490912058043,0.0210393618125114,0.444272234792766,0.217228497326501,0.166092309179088,0.237448730561882,0.455011619915214,0.18491983443663,0.0983215984965895,0.177388132872244,0.437207082091815,0.292967436892829,0.0796158905925229,0.164776128846648,0.0454242179911917,0.109694534795043,0.0896609881348183,0.107736110108484,0.0448078570654092,0.0903022690422672,0.0850146316738798,0.0907270705288353,0.0525863710507636,0.244992120404409,0.12269065707552,0.208363139843316,0.0308773306718313,0.0696882884702218,0.0694540640563044,0.069050305752409,0.0291566776158912,0.0610200472989229,0.0548874925598807,0.0662318238056637,0.0398413049411749,0.0968913431486508,0.0891624343246668,0.0712947139202413
800,0.05,80,3000046,0.366084388977886,0.282330238714759,0.110861313456224,0.251397259553058,0.352069834952675,0.199818750427041,0.153284467622353,0.157471031950546,0.3702459841645,0.630886638291539,0.150233045277133,0.586206045268256,0.410012561177684,0.210788730875771,0.179109131875283,0.187842566205375,0.428686203637712,0.0872060401987071,0.11194473497896,0.149275487800625,0.4653295486828,-0.00892447553827276,0.174307906249089,0.180120197945055,0.0452567467548393,0.113263002438486,0.0958787021587536,0.111373211995366,0.0429735783292682,0.0892501361266671,0.0877746639690966,0.0913857190833971,0.0634227025815411,0.294446903189336,0.182090882370201,0.289063609032758,0.0308803983054903,0.0675051813994264,0.0815078044754303,0.0646817472453381,0.0283234031031216,0.0565998783087318,0.0613160799821604,0.0662808552030647,0.0448936211332298,0.112371105660224,0.09994306321458,0.0849925253589624
800,0.05,80,3000047,0.497284605013825,0.0800581545322853,-0.141100760934049,0.167885745697978,0.497985337986144,0.00335235908773221,-0.116205770476047,0.119681180296896,0.534022815620247,0.258925112071782,-0.416597912606307,0.329514024273728,0.431935289596029,0.240667790355295,0.163139971993551,0.202200959036609,0.424622916821586,0.184021375642448,0.0673689280297949,0.155884119636368,0.444725975669504,0.183017285913653,0.137620793920565,0.138603692348108,0.0436245827962216,0.114218582679226,0.0908492604556731,0.110414455287775,0.0422906222835796,0.0924582534873272,0.0843559986124837,0.0908198862107174,0.0653769413443701,0.312028986940886,0.171638394097414,0.290891985148827,0.0298680124308294,0.0706680723746939,0.0693187324755959,0.0638927299136446,0.0281918406890805,0.0611424040919775,0.0566964290044581,0.0706311539242408,0.0423202185277736,0.116400580633311,0.126002218562929,0.0743187737885671
800,0.05,80,3000048,0.368421700979975,0.160310972672831,0.181919053297906,0.0482060370114918,0.35987157671637,0.107793904535432,0.182551903637684,-0.0852187519278168,0.343596031315581,0.443621031616602,0.236425697113248,0.212589659813412,0.461649156075096,0.117458523218185,0.239863906557425,0.294972598014274,0.45543105709738,0.180655200643707,0.152258164984333,0.243113635787154,0.48344709573289,0.128393436109648,0.272954209053468,0.234194582845648,0.0453571951144593,0.115083110680675,0.0953622113608656,0.118301098743325,0.0447394163366948,0.0944412324046137,0.0874074154382342,0.0912049308899631,0.0564483192837265,0.29161231237754,0.164155281432376,0.297119995977408,0.0361847875225073,0.0824514157592123,0.0770209993044882,0.0737623444821251,0.0278177283746546,0.0559289065177665,0.0577807165754393,0.0669168475894229,0.0398886265750451,0.109835545669504,0.0972675390210553,0.0796660199005034
800,0.05,80,3000049,0.471412693315341,0.213693094901386,0.0897883567229306,0.078470558368737,0.47730945599715,0.116728986616026,0.0537442552314969,0.0413242213448761,0.457456850682991,0.545369923558251,0.120670224093648,0.164867416189955,0.510994635098956,0.165732238236862,0.154108458338803,-0.0581111151582954,0.487838798945796,0.112955927128096,0.0453836547830358,0.0432501286853435,0.508169282769559,0.0689421885918832,0.121242013367033,-0.0422545046457997,0.0434610573217774,0.118377306496509,0.0903774916322243,0.115735459375018,0.0428784264858813,0.0923968139012276,0.0859019194712033,0.095402656838971,0.053552508395868,0.288889317819078,0.144391179866708,0.258571284617624,0.0298189134748598,0.0665367855715076,0.0681479373002467,0.0627930104605345,0.0290364631413766,0.0581534329023871,0.0619176778515868,0.0652889001676498,0.0464178881928107,0.111724355668541,0.119483722294579,0.0740035153781353
800,0.05,80,3000050,0.355374935093858,0.223098285312611,0.165160721242114,0.199569898227331,0.352393204079989,0.176283088452655,0.136750432849466,0.0463297243205945,0.339752784254922,0.437444927042921,0.22641555591581,0.372949739118303,0.441143477189307,0.217338802392275,0.196634729522068,0.163617024514092,0.432114691361953,0.14524282450789,0.109172728496788,0.199517026717323,0.408762830704821,0.232598754779888,0.149195308506287,0.202586589623305,0.0413289369819108,0.106524854820219,0.0918881270955171,0.0992467142407772,0.0398558994708447,0.0841221422437091,0.0816873614040942,0.0839297217905873,0.051366177583357,0.218431865966139,0.176384977539889,0.194203349247309,0.0293738907551707,0.0697355108063432,0.0662427841137627,0.0645914032262836,0.0271833320866055,0.0564613272203011,0.0572349922456369,0.0641128158336586,0.0358872273931704,0.103281018605241,0.0995867868558166,0.0751726803575135
800,0.05,80,3000051,0.417596759436519,0.300200472817224,0.0958911376186197,0.145329578154232,0.401831968515669,0.24512776952181,0.178487317411133,0.0276291605120447,0.398780270026883,0.728768097643213,0.0835232050675161,0.331728996409641,0.478558324075571,0.155906962662778,0.0689406886963243,0.12278657192611,0.50068866952946,0.058725448982179,0.0310437187673924,0.0834133051853219,0.503973299271063,0.0707639470992334,0.0943658597951535,0.132004807086289,0.0440257868126938,0.107134738305761,0.0912755641322794,0.112543740561074,0.0425329653444987,0.0841640965000998,0.0838054369277496,0.0938549795995519,0.0583371750257201,0.254512088639736,0.143582691728333,0.284898398121424,0.0337122727909483,0.0726308212616566,0.0711893468083819,0.064606112157443,0.027803056868185,0.0558956134019102,0.0566897236672238,0.0673224084026761,0.0405651224042919,0.0967838216036412,0.0976516403577951,0.0734351488594117
800,0.05,80,3000052,0.464096078859358,0.144244239438836,-0.0424330608507207,0.101636101832493,0.457288817735718,0.0959577442719539,-0.0186238197584667,0.0352902180881975,0.480605772462703,0.26953588211825,-0.160171626152677,0.247013787470326,0.421813962804105,0.176342650842035,0.0258806767695159,0.153566836543261,0.436919085290962,0.105828885078912,-0.0442017682247325,0.112820548110262,0.389645236617176,0.219226750811762,-0.0701434118363245,0.0860249376452619,0.0427011703560361,0.103987628371545,0.0885784752785014,0.118838650667081,0.0415320984089369,0.0868708737199944,0.0800026050196598,0.0962024841083574,0.0483552385547171,0.201959617539093,0.129142016612437,0.28284356872578,0.028097217441041,0.0718228082197629,0.0713027709871366,0.0681209966030183,0.026987989899084,0.0596995028691906,0.0596784622652847,0.0708241129172969,0.0358727269967531,0.101457011037393,0.101798773083987,0.0955765241780461
800,0.05,80,3000053,0.443066221784629,0.286214645404366,-0.0336003814603535,0.339754331513936,0.433722323263047,0.187118945277117,-0.0135579448417363,0.270568987870083,0.490184421098204,0.733149173663644,-0.114682412752383,0.908254041566203,0.459654801016793,0.191998832789245,0.293164388462586,0.24594708111198,0.441768131406587,0.169530995502381,0.228622918552973,0.161757102178821,0.452409501495336,0.24635255016661,0.338337815704626,0.24267222402502,0.0444966704050148,0.110011540109303,0.088750898606475,0.123040166763016,0.0432753796972365,0.0864034326611129,0.082018371906027,0.092386579218063,0.0577817300023124,0.282360520478624,0.141655395520643,0.380008169908793,0.0334135857574906,0.0645781384634713,0.0819021013648204,0.0662132169231749,0.0267809556741304,0.0558679791717839,0.0614537862062056,0.0660350982585901,0.036618054750363,0.0927343282067262,0.133369502681667,0.0781490088141459
800,0.05,80,3000054,0.378200446254372,0.297995491928241,0.136023445178919,0.0429546653215481,0.379149252752812,0.192251519586242,0.161622344659165,0.0295076032756246,0.378958175523925,0.544976727481734,0.0959824820937153,0.130009894996598,0.469366174680397,0.228099198703475,0.219040128836426,0.163307299319518,0.45666142282201,0.158533333886314,0.0750798344628115,0.133857309171843,0.441762801466966,0.271676863035843,0.140102415930864,0.116782820491198,0.040780389519593,0.107441582113886,0.0875138328419605,0.107127955000195,0.0409609365766298,0.0872532314451274,0.0827423147958285,0.0906237157282827,0.0463735499085333,0.23138492050242,0.135976451417573,0.224495636356322,0.0293733210223051,0.0621215069088334,0.0663341461595763,0.068856605461165,0.0277365732777999,0.0566329698679984,0.0567713983575086,0.069033953235353,0.0371973539614082,0.0900299158832889,0.0915803936441758,0.0692226693382924
800,0.05,80,3000055,0.347231727705961,0.385979367008286,0.260170544383762,0.132559575619519,0.339641037303525,0.296905460598499,0.287976089442828,0.0635794724655152,0.327872734534253,0.776060108065387,0.301767349638411,0.21318072106693,0.470083335798126,0.222207199947466,0.0708399892665326,0.194469098889067,0.465594368880787,0.156453655759125,0.0867679528277163,0.19208095395914,0.481727490381215,0.288986431647772,0.142577301441586,0.202869904441147,0.0404073575315361,0.099385735405582,0.0879069125630135,0.110810766636813,0.0405533208264646,0.0888615768372401,0.0830672049719382,0.0829101295363415,0.0499243888270412,0.216896911377135,0.145300523669429,0.241934003921913,0.0326907940282342,0.0624249020391892,0.0791403004022692,0.0646678242224511,0.0276256480036588,0.0571260653341979,0.056902134462616,0.0616920209885625,0.0541023370013502,0.100839639516146,0.131377250922912,0.0722113738063403
800,0.05,80,3000056,0.295261313913375,0.205933459732597,0.327860235844854,0.0843781915541005,0.29551329131483,0.167523918594249,0.321604723561547,0.0595033110762575,0.301531018501318,0.353746986771417,0.302545748886299,0.197721078515933,0.43021370634421,0.23630046799992,0.0709191812831785,0.222684897414471,0.464907038514459,0.0584632521352941,0.0729533899727358,0.195299646501593,0.453660036847786,0.177638242012657,0.0906997140751654,0.238744465851444,0.0370181402987907,0.0906690282817074,0.0837385669496667,0.0972448346084976,0.0364352293158602,0.0766362019732339,0.0755768251270801,0.0799775903978219,0.0432337997139901,0.157893985376014,0.133988304557759,0.198635407440904,0.0286378022714849,0.0603631662459055,0.0625398258889486,0.0610346659064382,0.0262091775947253,0.054199891212657,0.0559591232383047,0.0606909038373952,0.0346347590286502,0.0886788402647235,0.0865422503473251,0.0683243269522447
800,0.05,80,3000057,0.409493184580763,0.0725157359531797,0.111589469565984,0.099037179283053,0.407059617432341,0.068028006970633,0.125021842908064,0.0775311533050321,0.410371007527781,0.114148335988763,0.0976891751078606,0.204426711957738,0.507135393344684,0.0972901977049339,0.170916732199599,0.13581452207264,0.461841296708176,0.133779336269236,0.0998348453108194,0.164442631816739,0.470772305143981,0.189998770994982,0.122634438615757,0.0997760118488675,0.0444685551988758,0.110368611458804,0.095488205919889,0.111653525439579,0.0441257028906354,0.0896882642639135,0.0894888975877762,0.0890384029364186,0.0558320536263738,0.235040438349655,0.166524651570761,0.247139048654836,0.0466179812978461,0.0986422185610864,0.0817833360895144,0.0689914136769925,0.0281355602361588,0.0555900902598954,0.0614508021332148,0.0678321704851081,0.0402342771705982,0.104742139064897,0.106904806315451,0.080723742568643
800,0.05,80,3000058,0.507433567897779,0.235944972903616,-0.101347797693147,0.220525503473367,0.508039731932005,0.0398975789631938,-0.0450286752967092,0.0763006438044721,0.49480885286142,0.674692247490937,-0.182020961542033,0.557441690400737,0.437164383867428,0.278306400825224,0.0802142513043541,0.0994330891234936,0.470911617474988,0.173913900794659,0.0972384181606279,0.0656303404775327,0.496967388633995,0.123080282666485,0.15773620007472,0.092668229700907,0.0463389034834286,0.119747357250978,0.0898129399419938,0.122080311003755,0.0445005545364937,0.0977275612250748,0.0833730883819039,0.0967022988466949,0.0630279242475315,0.317263719288578,0.144707668785007,0.32028847234586,0.0292773978301558,0.0650286356264883,0.0674158889449858,0.065770263014519,0.0269510596816165,0.0547690545067515,0.0570747676856497,0.0649284231007728,0.0339973065546299,0.0867937394659493,0.0865257634751602,0.072850058894758
800,0.05,80,3000059,0.328515432908919,0.202364002000643,0.274137457864542,0.100736663099307,0.356843205312217,0.103204405775722,0.227060056481856,0.21931014509011,0.322934165119276,0.450176765488454,0.22966809466401,0.115275125195167,0.471785400823002,0.225588718716359,0.156967081418164,0.16932405923195,0.441335007693924,0.1689581910669,0.0522119236872179,0.201898059998527,0.44696417907694,0.252939866227581,0.204860772306136,0.257348108617637,0.0425638514988917,0.102944463755863,0.0908266798482247,0.115998890233757,0.0428075307174711,0.0892136466895818,0.088086844024221,0.0955540016512821,0.0580939390849793,0.211973918828724,0.146733810010803,0.29682855203159,0.0306025573664043,0.067180218450542,0.0656870879703937,0.0688078721382856,0.0272960595278975,0.0576412336631164,0.0573500811609513,0.0665056133655415,0.0397766849972152,0.0947535622161927,0.105673150437006,0.0842668170691091
800,0.05,80,3000060,0.434955359895965,0.104649254361409,0.0238813479043052,0.191096759959244,0.433980861534545,0.0529528618911373,0.01823222801092,0.117538890963809,0.436977766817512,0.316244178614545,-0.00758132587439417,0.317516816251864,0.410130684898045,0.254991163450295,0.127643644311998,0.167260667315783,0.439175150281379,0.156363267863319,0.12813312154629,0.184771528786847,0.384001435009128,0.178327653887219,-0.0682362356705728,0.197331213630729,0.0442732640216345,0.117964580692798,0.0921403044944762,0.10402286725333,0.04348199194146,0.0971570228130437,0.0868397959832346,0.0836860513047436,0.0537672344586521,0.296005858433891,0.132289244251685,0.197711980180305,0.0323538692243919,0.075552947938431,0.066804629928384,0.0639300932018922,0.0265722213456139,0.0584334425032402,0.0520928214946011,0.0643048514206149,0.0463916149572436,0.112553308043687,0.113967772277255,0.0715823255085033
800,0.05,80,3000061,0.400504834762373,0.0589386779306457,0.0408600718239631,0.165904082276845,0.395437632597311,0.0274077500804693,0.0714062764203994,0.110008512777534,0.431392349302715,0.217969409436231,-0.110385959913953,0.460991829417728,0.38605804941667,0.380081615025121,0.146664845084704,0.200562462295579,0.412616973257916,0.205184619499071,0.0641793567109049,0.157612693299975,0.476467788904757,0.215886998965724,0.181302003843662,0.0350090840721747,0.0419503586583018,0.113719341833116,0.0839613477967572,0.114751695148645,0.0405522937955891,0.0884933177860585,0.0782058261814537,0.0912800778076016,0.0516124856524089,0.276698427822774,0.123828749564398,0.306515557808993,0.0379678218781452,0.0746537346411705,0.0990871956231608,0.0738881910997229,0.0284701653761894,0.0622993631312679,0.0631433111548805,0.0693589724872642,0.0882204309721179,0.173313209125229,0.189330715646845,0.0958446123112761
800,0.05,80,3000062,0.399390779419858,0.303343804767075,0.0889437793421889,-0.0223504690626585,0.409786063999301,0.246048402752811,0.11009710212424,0.0513917836118118,0.395278562493218,0.703375271260235,0.003151088061436,-0.0625037255964545,0.429296489461581,0.354796408972891,-0.00434459962310753,0.128791278822729,0.4472781418464,0.216189189904488,0.0651723161794099,0.173650145679605,0.411412499521162,0.477338159735402,0.0564934612735445,0.128321977180405,0.0407662814814343,0.100566805882433,0.0900941072293577,0.113112465504951,0.0408606398420541,0.0802674510343194,0.0847762345301775,0.0872241034993703,0.0473804077542043,0.217366046595565,0.148197191749682,0.294511544731415,0.0383967554142041,0.0677982265999519,0.0875767270751556,0.0638940286364294,0.0281845150915554,0.0550164417599348,0.0584848429067199,0.0634311990293627,0.0347633508952982,0.0763417291656418,0.0859285748699147,0.0658243828017783
800,0.05,80,3000063,0.393197208999609,0.160884473676176,0.203737110029721,0.0969981818895058,0.424614591917433,0.0289400836332609,0.108816080957524,0.14201624775825,0.373344038695241,0.313485692649256,0.302452630055131,0.216252556326509,0.498306904677821,0.0917252809497653,0.253059118043443,0.227194481085208,0.498585187016844,0.023620174970599,0.148347882909487,0.164711847412442,0.444078833412615,0.188733318365603,0.185398078539114,0.185601429122575,0.0463655704035674,0.116447210812409,0.093127934950652,0.115969380016181,0.0451046457694902,0.0948643019905393,0.0868833211276359,0.096286322886051,0.059729755539786,0.266538087091538,0.153252001624284,0.253939321401912,0.0305788303535329,0.0661236616726127,0.0666654724373574,0.0680725955625558,0.0275179011419896,0.0569021249648282,0.0542312426499584,0.065360700836353,0.0573531725085078,0.118339398696975,0.118452586274995,0.075102089216446
800,0.05,80,3000064,0.324896665662107,0.346248249678344,0.334021864916659,0.0849240548897218,0.321911691048413,0.280318346225069,0.345140266581538,-0.0520826219677157,0.287904465793127,0.761972128388671,0.410800100701977,0.20882004898725,0.47534726542361,0.299005709657324,0.244685255414954,0.230886489845632,0.495332196618243,0.171211448276972,0.0977095916553236,0.23607549281311,0.466031678959171,0.344347518503755,0.133143012897532,0.19545113291429,0.0415690880877345,0.106365787384934,0.0897966295990103,0.107125437128549,0.0393212967798632,0.0873113274018201,0.0799545749121054,0.0846123358845033,0.0524599611170945,0.253066932855792,0.153555790839143,0.220692564018785,0.0296972738685722,0.062525566807789,0.0766469110080628,0.0590845359577797,0.0285607633396288,0.0553730457657839,0.0598340304808115,0.0635247936906635,0.0423697703642621,0.0836479478991523,0.110196320147713,0.0745852939597593
800,0.05,80,3000065,0.362313312173622,0.240591424097422,0.151289653495691,0.107925180346107,0.364050864665518,0.077195379136367,0.173850787780339,0.0759968634956221,0.373784018881569,0.496597624740153,0.0673054685393936,0.248118167620811,0.453478224184311,0.198172713488737,0.145727420746339,0.0959985461196867,0.450818428177795,0.115463740162522,0.0736713005736585,0.14863719591302,0.437015756362672,0.244273652194436,0.121397768227382,0.0917110907560155,0.0423052610893587,0.106462298190151,0.0881219876899098,0.112470810880872,0.0412248537778596,0.0916977768695933,0.0799840993056205,0.0916123795767709,0.0541948695949972,0.216345098084416,0.137942079710363,0.252653936882599,0.0312072178552063,0.0765842918250978,0.0691575720798759,0.0639660455402983,0.0256135016937202,0.0544173628279831,0.0551994500435862,0.0634486767285468,0.0335498764317598,0.0893515802717718,0.0892258190421939,0.0703157895566872
800,0.05,80,3000066,0.408109235022852,0.240152641876238,0.115671733972578,0.0693848107096001,0.428756722112696,0.0958640993515103,0.100065634829987,0.125915231758686,0.406978225197911,0.506885476286475,0.0437089161304534,0.184996037218828,0.485998480368028,0.235145848159279,0.145887029443025,0.162329515585711,0.472731683917755,0.16142422133883,0.0376854874276715,0.139267251277612,0.467898854463368,0.25287292058379,0.141738959998534,0.128742827944701,0.046045210042522,0.106801907778708,0.0947625551311695,0.111215820828492,0.0448413548959113,0.0890112063689216,0.0859500883334705,0.089420580878747,0.0569706544705788,0.21859187230873,0.149001399250174,0.239389088440883,0.0332558495920114,0.0757170728342347,0.0660118237010531,0.0748664386737206,0.0272284841046864,0.0558030364893602,0.0570341356674834,0.067991701222198,0.0338038896175365,0.086124193846568,0.0898704795434713,0.0718552741812089
800,0.05,80,3000067,0.491165452434251,0.345971428481117,-0.08800924555224,0.317852863040903,0.49835438750558,0.100131322987833,-0.0518231841163862,0.169963807335289,0.50924295553719,0.877967724590871,-0.229585332280316,0.92793178662765,0.460147416675038,0.269299720227072,0.162370338002221,0.164229528553855,0.462388296945162,0.118771741377876,0.043214947005249,0.182883831651171,0.48035830146494,0.0433562756752828,0.0268238604586339,0.0882490165072013,0.0422612584266357,0.103977914839684,0.0932189557832132,0.116969456146492,0.0427462930506034,0.0920529656654852,0.0869624739510386,0.101358345846102,0.0540256331170802,0.262347789194893,0.164444790313108,0.327224708943382,0.0275010733543366,0.0593483353965512,0.0637449721434311,0.0650381583492259,0.0271831082396613,0.0572027195005604,0.0593950054637956,0.0668629815960846,0.0432252188440719,0.111858573940859,0.118803529186636,0.0856556694334173
800,0.05,80,3000068,0.325580852520741,0.0796944033408086,0.158918051394586,0.131489924789271,0.328220034481521,0.0663221728936618,0.183398849804693,0.207765568639442,0.335477093499298,0.291608473242484,0.102463615939634,0.308993127875479,0.408266725729271,0.160271217477932,0.141839160466459,0.158655981916311,0.401256182449465,0.184790390054725,0.179003106135017,0.235096063501548,0.425987348779486,0.22511356478272,0.230849972353757,0.168018488294134,0.0418869197294067,0.100868081950361,0.0922372555631858,0.100951107204912,0.0415066434032944,0.0873081123762173,0.0843512520525271,0.0838728947643681,0.0522981686576441,0.228005835443028,0.169309792469284,0.21076052373691,0.0306845559278453,0.0690473143067235,0.10308531374984,0.0709775995787353,0.025542494714055,0.055271653892164,0.053237964388281,0.063843960799563,0.0404178979307716,0.0981703160490703,0.0923268232331963,0.0662416964638815
800,0.05,80,3000069,0.374207231522206,0.206595751967255,0.0922171394551912,0.0571744479708775,0.371278888297736,0.147999093006231,0.121745512916172,-0.019927592750398,0.3836161686621,0.417461802147335,-0.024362055917661,0.142320011710799,0.534352757837377,-0.0182686115526119,0.0766201886763984,0.0122793038853274,0.440812688539678,0.179569910943893,0.00417720808057783,0.0870215880008682,0.464385127419565,0.130632356466942,-0.116170113997536,-0.0470714556391055,0.0432088027927888,0.102951662651919,0.0941949969645568,0.113405376086998,0.0439913500013537,0.0897598889988189,0.0875829351722336,0.0938762252606413,0.0524927605849075,0.242105982236911,0.162752396296139,0.294522754700671,0.0640618812916006,0.141816912983544,0.0767625296197302,0.0968425964521225,0.0304035819186809,0.0652977489944998,0.0591014794381705,0.0744864798089247,0.0724177739418966,0.192261449700798,0.108667374327425,0.0996156635499085
800,0.05,80,3000070,0.410382985656893,0.188525926470745,0.0296848298143199,0.129589862783534,0.413403955777682,0.14948357366069,0.0394800181717583,0.108367023560005,0.419484278329842,0.49131531681111,-0.0625921427655952,0.314696469620541,0.439197424654839,0.114482934070636,0.220767616905102,0.1984468480658,0.440047911588828,0.0617438822739654,0.110623770988811,0.171048655796546,0.390522007432989,0.128303542249209,0.0354417242876866,0.0716886683512345,0.0434999547283468,0.111480526761685,0.0971178270947024,0.107152886317297,0.0418050689433154,0.0890932405575796,0.0885400061038299,0.0880205078434012,0.0527097100016235,0.263738248901924,0.153807565761544,0.245575535019443,0.0306561356230568,0.0699507095161043,0.087689507968008,0.0704375854178153,0.0283855263805437,0.0569166155933373,0.0589759292405341,0.0666969977007755,0.0397398092659053,0.0945331076895988,0.12390775663213,0.0938360950077682
800,0.05,80,3000071,0.383605914453142,0.173549193292446,0.0646595438182649,0.127680555072072,0.368938804404922,0.139092752713714,0.112345058883686,0.0174586445643753,0.389567598607497,0.374544180200718,-0.0248044125741279,0.27011942995705,0.388090664942045,0.343733838824782,0.0462438047386955,0.188453797534725,0.41332136958113,0.208150842415204,0.0117843999782937,0.182106050389756,0.388673237152089,0.362907681640601,0.022642563851588,0.153000701336224,0.0415738748463994,0.110179704505007,0.0866015938921071,0.11999867247077,0.0409229340198038,0.0914042327734682,0.0813834226339462,0.095199274860513,0.0521325965125671,0.257179899074899,0.13076280740959,0.32654117281484,0.0358536291057819,0.0845848900279759,0.0754970915702454,0.0747470430138316,0.0276383522861742,0.0588173689095365,0.0582069117229466,0.0650815873948373,0.0479474770081414,0.127245431693888,0.103302236024741,0.0779822808429165
800,0.05,80,3000072,0.323753995043834,0.230401887325167,0.210655776402688,0.117610598886134,0.325653612348049,0.158510095606323,0.24505927896796,0.142994258748917,0.317369337728191,0.523955132751647,0.182413752043433,0.206585375614775,0.438132629219594,0.110003189341667,0.18337786376069,0.183450684798918,0.459887416107654,0.059133218957932,0.144448860729323,0.18443868210104,0.488677949840355,0.0550477662005928,0.356015120058172,0.131302694496635,0.0432454763539938,0.107654928370872,0.090460506990524,0.104490021563847,0.0420692309683174,0.0844803332895071,0.0819603533979248,0.089060428518766,0.0518668810777169,0.243640943371271,0.146664796535583,0.206676850694522,0.031224848512897,0.0906856266047271,0.0661846679142532,0.0693104928909788,0.0279322788741587,0.0583630569098822,0.0567944201030619,0.0666590219849422,0.0410284771611634,0.0978139023561189,0.0918692212930508,0.0732635522319052
800,0.05,80,3000073,0.452018069387992,0.225085700226789,-0.000928813381375612,0.284957028324435,0.453342486059743,0.15984628146785,0.0283527704300693,0.257934351582711,0.473930927268604,0.547872898973351,-0.0619859644336612,0.719184908417191,0.421057765561819,0.293417743032919,0.144556750980764,0.205341776622763,0.460275572925738,0.132109946453115,0.151273463162,0.154165727751323,0.446213626207151,0.38383129961078,0.316574949575524,0.209243994469245,0.0457724217588652,0.108082324077627,0.089941533887936,0.113102441735777,0.0447191058007084,0.0918609371493659,0.0844934922431484,0.0894802942128941,0.0556355004059454,0.241798571930916,0.134491197156318,0.283406828197458,0.0378269116104333,0.0827755256689037,0.0713576411089495,0.0693554503862468,0.0276232763340554,0.0546540282998269,0.0580882501006051,0.0685330508368646,0.0332775810753673,0.0967778182289934,0.0969551613457018,0.0772762655618419
800,0.05,80,3000074,0.397794698976082,0.187575214589735,0.0604608778667646,0.212556737450642,0.388288414850144,0.146267818649359,0.0967017589598458,0.150357381354513,0.425692111296815,0.453435714906333,-0.015951141262304,0.593535588173944,0.427011390965316,0.236591395265865,0.157129179553222,0.22788795544338,0.424028956641082,0.140293449903445,0.075879810947367,0.260652314426197,0.455316080092867,0.186414784091762,0.307612879880349,0.208121719514382,0.0427512038054769,0.108436121093818,0.093228627595804,0.117384259962192,0.0427707174311595,0.0888409017204523,0.0884081220410382,0.0880429535317294,0.0537279375646465,0.232749762866552,0.158312764029789,0.30862795174029,0.0266357458109145,0.0581117934347703,0.0619430353893016,0.0600187255621391,0.0260320231000749,0.0558272393222737,0.0551698976722209,0.0622815325331952,0.0358188596926912,0.0951701094544429,0.117100245546508,0.0711512816931524
800,0.05,80,3000075,0.328017283485705,0.186735144107766,0.282315959790601,-0.0516220817067733,0.336941257409395,0.164792585359012,0.28138580410139,0.0639550223801499,0.315002806215407,0.3597606605461,0.290922129836206,0.0186246853055872,0.465672315917859,0.281302350336213,0.177837016810872,0.121261730223804,0.467218092063792,0.219576128148946,0.172680978825795,0.137488456230688,0.416071157966451,0.49582388526789,0.163948781447062,0.160996566706845,0.0419321565965862,0.109896277386235,0.0912429799032751,0.113852018981596,0.0419000394454882,0.0914884314554016,0.0849903508878123,0.0900134229915895,0.0517813823738987,0.225936722639117,0.145705427625058,0.30326810881673,0.0315900796969319,0.0783486902327321,0.07246277256433,0.0697228015082584,0.0280235071294199,0.0562612611515491,0.0559509626739761,0.06514599644582,0.0433439181040609,0.123559089055268,0.131263159611981,0.0780891438206012
800,0.05,80,3000076,0.389837718877785,0.297867766866989,0.0391741558089568,0.172638808160876,0.397164040125575,0.176530088844788,0.0690663163870583,0.166545204672009,0.334756535544173,0.862845071858437,0.0543700157071976,0.390413609450804,0.432627569867835,0.225595226165259,0.186287874703576,0.178860867781009,0.436764707005351,0.178895398161552,0.151475511718265,0.135911590141506,0.464326614990953,0.213411112924096,0.305536108501501,0.228567721934783,0.046481805458552,0.120561019216876,0.0941925819542398,0.107759270849242,0.0456606384987861,0.100133508173897,0.0869362643761142,0.085941952644163,0.0629135249561863,0.344469302932011,0.150536419462703,0.229106252824234,0.03337396031427,0.0752968692590177,0.073556867995426,0.0682044632458929,0.0266716400814346,0.0572683533692095,0.0542847149567883,0.0626792721060189,0.034859333920293,0.0963367863841263,0.0765715206712241,0.0728095496058402
800,0.05,80,3000077,0.429033653919054,0.240343890323737,-0.0312931033233474,0.138583810022562,0.420328307714165,0.19170788692142,0.00116253708332274,0.0579080387271397,0.440765539167243,0.475089105183644,-0.0959258909915858,0.370936333240929,0.424507232847497,0.268660723252221,0.169569742570633,0.170407181710859,0.412729618914099,0.233249937498541,0.0690581006606321,0.177985165882855,0.377547544087761,0.390117119490262,0.0466584256463049,0.154991329890054,0.0449757580046117,0.103869266408779,0.09373687161721,0.121278300009668,0.04423893321868,0.0871543606493528,0.0866598401672465,0.0972098506172538,0.0586103185506427,0.20890478767355,0.157758331117502,0.334203493610879,0.0302301783035958,0.0629928690538804,0.0670889951125014,0.0635981083303388,0.0283954539994357,0.0537680898512201,0.0590031379505566,0.0658988984197027,0.0364127252226854,0.081725427623343,0.0941707458261579,0.0678676654457946
800,0.05,80,3000078,0.394507853409331,0.230264482279931,0.13288160238254,0.220363272766191,0.37867858406635,0.233006888202983,0.152585992998739,0.103205388008015,0.417910010868028,0.544103841239614,0.103955731069738,0.586721512768875,0.470538577472051,0.159330015604582,0.161538970016913,0.18170071167682,0.452511276543046,0.117400281256128,0.0436248334460639,0.174955665312674,0.442188069989009,0.216758671260374,0.0651747402379418,0.144290877678553,0.04259713979888,0.108667225604091,0.0916459202406799,0.116558953080535,0.0400826341262918,0.0857463880545121,0.0817982076655032,0.0912884720255445,0.0568384671077008,0.242570994952795,0.155272508597443,0.301355132849399,0.0310704415972329,0.0679382553398939,0.073831280656031,0.0606143614704078,0.027290698954158,0.0542136565164055,0.0567529364764352,0.0616375791376978,0.0423391575259048,0.0982197231343337,0.0949921442565133,0.0687754413327474
800,0.05,80,3000079,0.369821991112714,0.28696967004927,0.177507006446991,0.118831979698528,0.377070310610422,0.224100820090655,0.136666828664731,0.114780725728112,0.362750570464778,0.584799577922588,0.205977271748868,0.249524826031219,0.463985947402938,0.192939082497222,0.174332720825232,0.113138468487662,0.45136945229602,0.129938161170076,0.075033263204816,0.103075335317142,0.443777669634485,0.210874701634339,0.134899800090853,0.106583566088397,0.0435587038441474,0.103985759503219,0.0922126281019676,0.110775419817204,0.0431868064906893,0.0848054943843635,0.0883552579236973,0.0915832930962756,0.0559553824404552,0.210802344768216,0.152749377982295,0.244515201767878,0.0277597303801362,0.0610578603598041,0.0593263378963404,0.0621315209145668,0.0271234432046895,0.0558859454231694,0.0546746234443039,0.0634324798756891,0.036545299501507,0.0987430203131677,0.0890754212833447,0.0706283281384903
800,0.05,80,3000080,0.405895582026018,0.279483219180884,0.132636590123125,0.307667959172107,0.407548552096729,0.157537456097417,0.139191337688489,0.255155656632952,0.425509666194678,0.664349827519137,0.0923534627601562,0.7373605031713,0.471148722869774,0.187773392664121,0.15687876107809,0.140560740348993,0.472205684483083,0.108813194408626,0.0949433812523669,0.0682027197593367,0.469339632104305,0.145272971577705,0.124889695037492,0.126897182355441,0.043157936966074,0.111004156033681,0.0927073435979553,0.116146179609362,0.0423336110617975,0.0915974866649202,0.0844123187643032,0.0982386811184884,0.0528509208388166,0.281571891754984,0.144144414786646,0.303792067453297,0.0325630496771574,0.0733641764111067,0.0776916309333011,0.067469163397263,0.0267103747679063,0.0572963617009064,0.056682127701848,0.0639299008446371,0.0373769279944137,0.0970764843985258,0.105682996550602,0.0719380378991304
800,0.05,80,3000081,0.37209970720204,0.224743963455879,0.103521666202711,0.147184278559136,0.379980694285051,0.0423837248004868,0.0943366634709703,0.0668484160641761,0.382717252379305,0.525037477501327,0.00168060020841266,0.314721581997813,0.419602184379616,0.244040416749616,0.0412708834630639,0.109636582661392,0.427978043413581,0.109571345990996,0.00804450007926901,0.104012713590573,0.350416798856893,0.308460766383877,0.00997373349784435,0.0779758041054148,0.0399211804352944,0.100338131821353,0.0885860691403296,0.101431188459293,0.0398016282188601,0.0873219197928489,0.0826327880841368,0.0882371084968697,0.0471264762217556,0.213221351597873,0.147067323973106,0.199164690702289,0.0458183835657054,0.0892992709948654,0.099244693314742,0.0666761502564838,0.0278816833377906,0.0614335769951758,0.0620156391153594,0.0659267233745766,0.0473734932994764,0.124502690304354,0.124504816023926,0.0872554866386559
800,0.05,80,3000082,0.273394079554794,0.395945150646572,0.329047777784247,0.276080960715987,0.281837048500198,0.237078660029357,0.32292448581995,0.192489567175114,0.271273068745616,0.720466450122078,0.317678727102893,0.658165094832311,0.454133410665241,0.190194081801469,0.171639994702578,0.179878924566594,0.440154304673519,0.140224687815108,0.109687849237625,0.212504952297502,0.430489678086266,0.179521820785422,0.0961585639988065,0.198609786739467,0.0389773587387045,0.0961902329041217,0.0854783342640115,0.111675997116544,0.0384276755192058,0.0743644523632331,0.0795336375730153,0.0916907708502124,0.0495050210470335,0.195581861741137,0.13868064684795,0.26806189035164,0.0292122348262794,0.0637520146637623,0.0633365994415594,0.067302779064098,0.0256300451893902,0.0506556718253129,0.0528072987601162,0.0620943025462427,0.0352384676318814,0.0705274881284293,0.0890326979499578,0.0699821838683172
800,0.05,80,3000083,0.401277695713501,-0.0183591313070342,0.156541712936087,0.123546619663065,0.392283718784499,-0.0568342110288384,0.198581856586314,0.00550780736652063,0.403358586816311,0.00894690450396801,0.169624617406649,0.273509937385805,0.509201716201196,0.145379023121316,0.241688429538165,0.140548434002656,0.512146436551497,0.0477335631761927,0.158668089956201,0.125739102944962,0.494217753661909,0.176032363333299,0.196247325930062,0.131155047653139,0.044487609698002,0.114447290739654,0.0917523799597701,0.109641687102065,0.0446726153680983,0.095445473974259,0.0869855107934973,0.09365824546255,0.0510144800637856,0.234164835307854,0.140868145274945,0.215035831862533,0.0389555250866407,0.066292497840558,0.0808397879194704,0.0775985026196289,0.029610676306149,0.0611156696754849,0.0569280046417275,0.0633981560103438,0.0433107137624237,0.10546273840506,0.10197164979079,0.0703798271181509
800,0.05,80,3000084,0.419477863043564,0.151790459699154,0.080876464423825,0.327879673265939,0.399367445983775,0.178226379701867,0.124383497216215,0.139752373143442,0.455532993104771,0.338620484660895,0.00427121007705245,0.735219087352189,0.447779958397065,0.216021559119206,0.141582974078574,0.206873131941115,0.432865119218802,0.153880546376074,0.0557786288749211,0.205058207564752,0.455940280480203,0.247407237400631,0.19418174183442,0.20000417054281,0.0457519652041991,0.111924119517973,0.0925276071599004,0.114908822623314,0.0454698766202064,0.0891849075562743,0.0892637085316763,0.100375730306557,0.0579851325868669,0.232807869777155,0.13977905177848,0.27031221685242,0.0303314421951744,0.0703726999079667,0.0667701731877959,0.0631656866252148,0.0268723053867684,0.0547408005436082,0.0571199483306056,0.0638234760517872,0.0394111087734662,0.0869646775302628,0.0988258780299761,0.0681206364023157
800,0.05,80,3000085,0.420441275775467,-0.0754253976215677,0.088150408464774,0.249279033745774,0.407190005726734,-0.0511520106409217,0.140084014166133,0.189678157498907,0.449748024996154,-0.213099211621168,0.0100203319507125,0.400682174773186,0.468744815412353,0.0559798100136038,0.1591521233097,0.0787991924022802,0.483515697675205,0.000339135558435606,0.0916593784841242,0.0854687711207226,0.495307672281823,0.0131117588527452,0.155579581695031,0.0753372094987039,0.0439783827441608,0.101181551601153,0.089133774152089,0.112583062459634,0.0430949581789584,0.0871527153449869,0.0827923319373908,0.0898781576896077,0.052363451242617,0.203469070390099,0.138478044323301,0.258339138115059,0.0320082747663167,0.0785123127378572,0.0676667814894285,0.0686974857698565,0.0272388105235967,0.052168460266319,0.0547943904947291,0.0649904453706037,0.0341911698909053,0.0824393014202187,0.0859833730089791,0.0692571552380648
800,0.05,80,3000086,0.453922237740321,0.174084284153711,0.012747522681014,0.201601821303394,0.451778192375667,0.115552590449811,0.0685490146080981,0.242227683506931,0.455992044472663,0.392352769122865,-0.0388873227976343,0.315297659015597,0.466574822920914,0.22309802409463,0.237476482966828,0.173662994345109,0.497726932585531,0.0531939681702864,0.212081438787543,0.197318956654688,0.550586176466903,0.0848776755410665,0.457359884392091,0.19233817387107,0.0414525474977384,0.112371607778792,0.089576614853243,0.103517154732052,0.0400926585567804,0.090303526286166,0.0829472475121468,0.081412953884721,0.0515548964749223,0.286514749892913,0.146890276735767,0.215811584195617,0.0301398181814945,0.0714286959452202,0.0694733771632198,0.0713694850787847,0.026985229721558,0.0572533063684308,0.053997475799285,0.0668169762257483,0.0353176017431831,0.091431864263947,0.0901651217329857,0.0764683003606562
800,0.05,80,3000087,0.377694267677355,0.112359874432658,0.175688101558673,0.185091397874553,0.384655691956387,0.0833514338767945,0.127376444024959,0.140682938158261,0.386449677353851,0.24008473282196,0.175547612723906,0.445652630502008,0.485423717686712,0.1390304056875,0.192196638766474,0.126364755449855,0.440523983588275,0.136014668616397,0.0470408770017924,0.164578765263729,0.459394588113434,0.206824711331226,0.109670778927523,0.195890167387908,0.0452994571939082,0.110227531998307,0.0958762864697537,0.113023549640507,0.0442827871485866,0.090605950822415,0.0898691643521672,0.0884861124659353,0.0561280070364482,0.228507053472351,0.152131257304832,0.268302749935655,0.0292717076029498,0.0730817465952047,0.0675973580422529,0.0718085140665268,0.0279547923792998,0.0579762656510186,0.058747164854191,0.0676959694711399,0.0384407748990016,0.0984643624811706,0.104045181412675,0.0759489756343009
800,0.05,80,3000088,0.338126295866212,0.362352807048446,0.243807485441466,0.235743786872846,0.338491500223773,0.200102623790209,0.310025877453758,0.233087815344363,0.327333415202458,0.776049090196745,0.183488903989552,0.48390189121404,0.493920572744437,0.16092587586346,0.122645526683139,0.091843075574555,0.504567109588642,0.0878273642882159,0.181027684066886,0.0660664090895367,0.522177354719764,0.100894670428663,0.254307549501865,0.0860835871951167,0.0395262834500438,0.0997245222175605,0.0877273027468595,0.109342838319962,0.0388140576694325,0.0800955870890274,0.0768142934039805,0.0886108394336264,0.0474588450777269,0.206648066868955,0.159179969680561,0.248803294729095,0.0330140339581744,0.0746367023277943,0.0771639763410235,0.0778959863955446,0.0271482344573379,0.0571173114864587,0.0554864276186704,0.0645977767420426,0.0386576365829625,0.100828422980138,0.0931301311142079,0.0791165080476876
800,0.05,80,3000089,0.429831397489634,0.0525533475358773,0.0439306912561514,0.0806286278179221,0.421482186502263,-0.00335759904280149,0.0771242576700196,0.0306076398707544,0.444310150373273,0.12985173853659,-0.0128509329427361,0.168979246165314,0.445015532205835,0.193473926054832,0.12866802652209,0.0937418062544452,0.476626483410596,0.10838700418013,0.0800126123021171,0.10110224539375,0.432755073331948,0.218446543943876,0.135113110207249,0.154752827093826,0.0434027897233454,0.105997452883822,0.0876335484040195,0.110630764110928,0.0429581883787544,0.0920683130173777,0.0807565393112334,0.090887761367306,0.0511153407513107,0.224036297402897,0.128815825097277,0.252144210333461,0.029677802362881,0.0703612509314326,0.0689377349742118,0.0650705164075294,0.0262949537544748,0.0554934519958372,0.0550880176381242,0.062985486542448,0.0396490565296358,0.0966427047974795,0.0988042234776887,0.0716948497863735
800,0.05,80,3000090,0.390580869717554,0.393013369466601,0.0985830052214138,0.15846426103305,0.408870746667764,0.218226819709829,0.125649816484909,0.158182855242224,0.353852906650148,0.986308481105109,0.0308935035172099,0.323798312216795,0.427492657079706,0.347756324471395,0.0876798331806218,0.145263715055965,0.472970416290917,0.161804312841095,0.0375606962912675,0.0903655898936672,0.409148564572092,0.29411013642078,0.0685033012789187,0.235669636648411,0.0446638855651567,0.111845569703845,0.0955864298854632,0.10703955894042,0.0438350552527822,0.0896191459639525,0.0885747068795395,0.0904707033740265,0.0596838481527865,0.282054796727354,0.166669336750246,0.224512231150909,0.0299585297557084,0.0702127873712167,0.0631702828076459,0.0699959372481176,0.0281702925948389,0.0557247446170663,0.0575066578013512,0.0675582769874212,0.0394590443225963,0.106481195419424,0.112049046304865,0.111961163019064
800,0.05,80,3000091,0.402043211209438,0.437064248479062,0.0658901375977778,0.285938751112167,0.41334762732634,0.249011925769126,0.0188188894382306,0.211977424042241,0.391429653855594,1.04102594900623,0.0510262602425531,0.648933352363111,0.439650362868219,0.2976932436245,0.14486740898913,0.14036012519605,0.420853826274357,0.208386856693258,0.0603882209078762,0.133277460265654,0.387428163886323,0.327782405967549,0.0230532638971665,0.147170574276984,0.0422151723499061,0.105307909530095,0.0884213408260026,0.105443568562816,0.0411539789185382,0.093828488267504,0.0819040503800081,0.0902678133653318,0.0544210584475456,0.259558870292195,0.139247593022871,0.239886995725133,0.0291392037614807,0.0685758309611471,0.0751997046520057,0.0692343218536831,0.0263892062153748,0.0586210315119965,0.0585170117963406,0.0695455743138845,0.0359190662813188,0.102808967274409,0.107951882268443,0.0718050275234622
800,0.05,80,3000092,0.432904137817896,0.169525884677884,0.0462842014533181,0.168545823237936,0.439518001495841,0.0953719835438333,0.0403005455086871,0.143576598329985,0.429345611357087,0.473332844965465,0.00789502551558289,0.349728302898173,0.473320625378927,0.135228836286539,0.174704051900914,0.303611467373934,0.474444073736231,0.085150353578921,0.118295703299454,0.281632800883338,0.509155216362657,0.0758002078437948,0.262426572680333,0.26362851913489,0.0415580495974843,0.108622957866711,0.0901553122592887,0.103310732539673,0.0402716948523649,0.0844239179221694,0.0824850245130428,0.0904563798969296,0.0509719916569833,0.247315179541582,0.146575625780549,0.209405967453332,0.030556267391649,0.0716890371285133,0.0628933758571286,0.0665641617027299,0.0284796927202274,0.0562871757454416,0.0581009093988999,0.0692665267062777,0.0461985546551527,0.100534042995667,0.100042976271125,0.0752930537528177
800,0.05,80,3000093,0.392115793271847,0.315640307177131,0.0672127382582528,0.173715523613696,0.382326239883172,0.26723127525223,0.11809330830493,0.102530213822851,0.365095583636785,0.746445558969185,0.039534398883516,0.49196903930808,0.380967413497656,0.336117972574659,0.212961871212553,0.329965364461523,0.434960851255772,0.172483646092159,0.155235673091094,0.305580286714197,0.353806268423412,0.310390407248347,0.00824517233621251,0.413544681683656,0.0418712716364908,0.103595289225011,0.0927546534071938,0.106272451666976,0.0415896933054402,0.0886291332638754,0.0893045500933567,0.0880837691357607,0.0501167870650945,0.253267104065999,0.150525348542593,0.242142625212898,0.0232000088957156,0.0572883644340517,0.0680500641890347,0.0680694999539311,0.0303386308316694,0.0631142390485028,0.0581432594032124,0.0692878018728824,0.0428863604789473,0.130289034073652,0.119870994360221,0.105203325575502
800,0.05,80,3000094,0.356101806397857,0.132486627392425,0.274573827085374,0.273600745250487,0.34810899465707,0.119799168924636,0.302374477108453,0.179370042821269,0.372050454157146,0.296576068429387,0.24079999714274,0.633203028477263,0.48328621870546,0.149201442295793,0.16340126857526,0.0619578016349652,0.505165363885886,0.0985865248330185,0.18280202598887,0.00634428934906098,0.514868210255462,0.16765334731314,0.293046775632159,0.0356222322321268,0.0445573630269513,0.107729992901374,0.0897594614849376,0.108299961859639,0.043886743157898,0.0866414171240089,0.0848328273547526,0.0872172840564049,0.0534061836037324,0.224081162454997,0.129097679520201,0.240449135416917,0.0307498518885489,0.0672959492361698,0.0747652215723445,0.0703157472308819,0.0265615496108985,0.0542658820555855,0.0529994719637733,0.0669086245342816,0.0394756866450895,0.1028362745741,0.0896781708700679,0.0728880850475358
800,0.05,80,3000095,0.451228822005559,0.213362045167054,-0.0225958311629402,0.209135872153746,0.460389125915735,0.0961035248041753,-0.007001325652575,0.184311703609044,0.438760036181762,0.572409020729616,-0.0946022455928604,0.469000762647458,0.43791995271418,0.275779743233772,0.122521410078658,0.244386383600572,0.456481211692636,0.0882636190082685,0.0447705568070183,0.226107140387922,0.486758229190394,0.0462446290310508,0.268000776847056,0.283963314147898,0.0429635867006231,0.114431968533531,0.0903844317991147,0.111894749549249,0.042543288131352,0.0953025611893933,0.0854209852669055,0.0939779551168183,0.0533340535690827,0.298447649168605,0.151021324717156,0.270940577854016,0.0288602155002421,0.0691407484048486,0.0652772868244279,0.0665336577158795,0.0270683934367227,0.0611529731674391,0.056664069242285,0.0643614637028611,0.0330441186027411,0.114923831333789,0.085594772352742,0.0735217762705783
800,0.05,80,3000096,0.41470763004903,0.257034235501445,0.084641264521672,0.321441592207608,0.405802394278916,0.133046467244986,0.141566440220656,0.222745641752741,0.398741924453346,0.685349924222741,0.157375478718011,0.824338118983435,0.455689303140522,0.317097644835695,0.258583423488282,0.126072831643025,0.482406186483775,0.131398739928136,0.170388474582469,0.0761646080240841,0.456976131169018,0.288946576097628,0.257066914845413,0.110623094434157,0.046974347715541,0.116543692020019,0.0959798487135029,0.116099187271088,0.0460425474424732,0.0965070020471011,0.0874559042479438,0.0958855830328407,0.0665795890194582,0.298701548121954,0.174302643477211,0.327003264297663,0.0308833448277452,0.0622611100989789,0.0655385398216637,0.0618334176058257,0.0274012629085702,0.0542821348548469,0.0586219082893895,0.0633718985392057,0.0376104142502529,0.0878476877234693,0.103949291249645,0.0662784413837797
800,0.05,80,3000097,0.420983064160732,0.21803944538504,0.0276881506949058,0.385634840107356,0.405772445321126,0.173635499127802,0.0749417537389076,0.342510224091675,0.441455489260646,0.523564826947389,-0.103471165804953,0.800516551486581,0.44508267734663,0.200589254035673,0.16503583302873,0.0600540714612665,0.461566519544521,0.189091056157129,0.158922689003639,0.0506920019084108,0.472648397545571,0.24750346763889,0.339978511251232,0.0233044967956326,0.0431571266145023,0.10753823497212,0.0942099310573073,0.110376232106057,0.0417362975041662,0.0814144104902144,0.085604632221292,0.0844308163916276,0.0532685938908848,0.240553699573651,0.161367882130726,0.26413156349178,0.0378067247909582,0.0635791445534331,0.104262137617209,0.0755198358684584,0.0266841733659792,0.0543886490083572,0.0557060431667258,0.0657942131926472,0.0367190661723365,0.0837602391840313,0.100730777697028,0.0724195596211357
800,0.05,80,3000098,0.447738714139853,0.162633127942207,0.117280699442975,0.213202256192898,0.41873762333767,0.115092107755318,0.160449847389685,-0.0289909538874511,0.465024595639101,0.467171832688854,0.111338792061853,0.507782353687487,0.495810091283082,0.0853447855708972,0.0743835440041123,0.136132679679317,0.49799097167588,0.0556793517456614,-0.0193412895214162,0.158955267530422,0.49682779001244,0.0419233746333987,-0.00513271383604783,0.159687611945665,0.0477439231784994,0.120021965127297,0.0978561858838827,0.114440037430129,0.0459932616389809,0.097352112047209,0.0883163506037922,0.0931992196460015,0.061125251416047,0.320319822964453,0.161902009573266,0.262161976872143,0.0310462582024725,0.0668316854574977,0.0721575568696767,0.0669104282976258,0.0282459410193706,0.0579080642295313,0.0579303172406779,0.0671969823129996,0.036544786882596,0.0890764506790389,0.0872928186300964,0.069086104100541
800,0.05,80,3000099,0.382597384440209,0.251420852293942,0.0456912436751799,0.302826604546402,0.371619152264155,0.0674688922461066,0.109957328415659,0.163130496715035,0.397245168932138,0.539922740052429,-0.0192228522682914,0.556031094140562,0.393562269715159,0.273421379516645,0.14683891255809,0.0967065099332001,0.420840229781324,0.128981683616103,0.135195886922446,0.110804231410068,0.411615551091109,0.16586309724797,0.168792933965808,0.108436805016559,0.0415638958306573,0.103123541987222,0.0924544242480645,0.101791654138697,0.041545539815343,0.0917866045520997,0.0861050158062112,0.0911063548683614,0.0501607057060227,0.214846462590939,0.148538947557643,0.192375333041804,0.0276563276881088,0.0600058337958913,0.0698939944704671,0.0725214016403434,0.0263088049319569,0.0528793038207707,0.0548284156495486,0.0661334233783309,0.0362692564779881,0.0854184824666557,0.0869858366037858,0.0716195257000922
800,0.05,80,3000100,0.378973084399208,-0.045620470582765,0.0817258887510208,0.124517246111286,0.35733830659371,-0.0290867379597122,0.160499125557357,0.039432680226295,0.39653266093564,-0.065580136528513,0.0324600092918263,0.222740058475502,0.416701707003277,0.186744993570147,0.144871938824645,0.169286979647852,0.436893814344096,0.0317470135033153,0.0292172862216714,0.210792912154133,0.467669909052128,0.0097336694526388,0.0846782749593378,0.150400591599573,0.0407314725294704,0.113416551311703,0.0904332392245789,0.109674194571771,0.0395391005573744,0.0865753694133747,0.0825737030177636,0.0968541017938907,0.0496373414618992,0.265227321597139,0.158775446703483,0.253805237389831,0.0309885225959518,0.0720063416418712,0.0712788632831592,0.0652857367952352,0.0284064181505599,0.0584519568254722,0.0603998547023875,0.062762065259903,0.0391645864875459,0.0893256602604544,0.110163752181964,0.0717092167760673
