"n","vare","B","seed","ghat.OL.1","ghat.OL.2","ghat.OL.3","ghat.OL.4","ghat.NL.1","ghat.NL.2","ghat.NL.3","ghat.NL.4","ghat.CL.1","ghat.CL.2","ghat.CL.3","ghat.CL.4","ghat.OI.1","ghat.OI.2","ghat.OI.3","ghat.OI.4","ghat.NI.1","ghat.NI.2","ghat.NI.3","ghat.NI.4","ghat.CI.1","ghat.CI.2","ghat.CI.3","ghat.CI.4","se.OL.1","se.OL.2","se.OL.3","se.OL.4","se.NL.1","se.NL.2","se.NL.3","se.NL.4","se.CL.1","se.CL.2","se.CL.3","se.CL.4","se.OI.1","se.OI.2","se.OI.3","se.OI.4","se.NI.1","se.NI.2","se.NI.3","se.NI.4","se.CI.1","se.CI.2","se.CI.3","se.CI.4"
2000,0.05,50,7000001,0.398297153244372,0.127310220999454,0.0973795871827432,0.214745138734533,0.403450982109469,0.043741805682829,0.0492352856710323,0.225915000467833,0.410381160910411,0.0751728667984614,0.0693819791428534,0.228104459802623,0.458954458340309,0.141277236947614,0.0889301269150535,0.118910498422683,0.447318179478236,0.152970889757757,0.0485391313991035,0.129634398577215,0.43115327633606,0.253533402466617,0.0918404444063836,0.135316467707033,0.0265133374020677,0.068006607103305,0.0687632843871605,0.0711686950552529,0.0260082804759185,0.0559578299017802,0.0551459768006496,0.071158421805572,0.0277066955163513,0.0841469520218441,0.0828748322990594,0.0712876583385892,0.0203292724969755,0.0628674633562909,0.0628603897632358,0.0612535053073146,0.0179920152816096,0.049426890043568,0.0489524454841985,0.0567170683212948,0.0255772390842788,0.0936002683151437,0.110322043287013,0.0858770864539489
2000,0.05,50,7000002,0.374591179228974,0.138048632869455,0.121586012976552,0.122879024992293,0.36955405668257,0.0886223850650577,0.0677202851483396,0.121018360432745,0.367839961725454,0.150819294892948,0.113961689409838,0.128263742768814,0.454761224802604,0.18473632163017,0.14699434492097,0.0345144457187288,0.451443524878977,0.136671636298776,0.0783002715227184,0.0339050393138063,0.439055644042447,0.24458857567639,0.14193064701489,0.0367528415356219,0.0285793944121298,0.0708618015970695,0.0700062719886491,0.0743646135884334,0.0280039946138401,0.0604660556145809,0.058791949187465,0.074507878420535,0.0301856804265298,0.0978774753080165,0.0923648533437147,0.074944144719482,0.0222839208479168,0.0658566442489947,0.0674717185603102,0.0631171807946066,0.0183124389644251,0.0492503297849212,0.0568437568610534,0.0597892936469215,0.0375082370388632,0.148244932661562,0.172822067950798,0.11196110556902
2000,0.05,50,7000003,0.386233117538078,0.194217544782998,0.168471432673478,0.187697991352094,0.383046152665229,0.218962147516045,0.129219279251564,0.194807553734419,0.383972705932016,0.346241906279332,0.206803073775389,0.193059398068771,0.437687639153284,0.198463186916708,0.123053475081085,0.162988667257815,0.426441825758082,0.147408268699624,0.0528725622781857,0.221020274489163,0.391796397037865,0.305267596919349,0.093451714979723,0.28730456215291,0.0265426621123979,0.0674064982450197,0.0684029013151956,0.0704462313548442,0.0257804720574755,0.054369918081188,0.0562692135933357,0.0699470024182237,0.0273787265202848,0.0837647012991246,0.0865898853347193,0.0702493537106652,0.027499529969527,0.0842009250909371,0.0909930841597825,0.064652332544798,0.0178273639559108,0.0519051636871211,0.0558822805731497,0.0575305526990029,0.0302032270487665,0.163574914505317,0.138735141257075,0.0879445374006647
2000,0.05,50,7000004,0.384356791029803,0.226880680692722,0.190398140383853,0.321931944802229,0.387139626579687,0.135967960040802,0.1030913725477,0.316018688397311,0.382271754161519,0.231253258174114,0.185318580338131,0.333572225107892,0.477541787034885,0.190939602216984,0.166922227573407,0.120900929237411,0.484852402039314,0.0991142676328082,0.133900970324037,0.103140853556342,0.50456128248553,0.0988011462209342,0.234564459780404,0.0526869591562633,0.0268262163441093,0.0660942385392861,0.0715218529193972,0.071884841772378,0.0261714546045379,0.0567397052833476,0.0577275276125138,0.0721255881869831,0.0278034099831138,0.0890028885288083,0.0931346286305972,0.0726036746963714,0.0241133831599545,0.0587323993640621,0.0774251162156627,0.0794162643796763,0.0190307806751884,0.0559036980443165,0.0589914895664971,0.0667954243030088,0.0364114433975254,0.130926472410785,0.126681271552157,0.113445520177277
2000,0.05,50,7000005,0.420114721406665,0.164816891471201,0.208897817456067,0.133415154161917,0.410066834261351,0.176031496097382,0.182646375217852,0.134223974899404,0.415445759130494,0.264068952052352,0.266442535830075,0.135827883659851,0.426741506986952,0.260260191647443,0.113486920856292,0.112005297628843,0.450241974757716,0.141070222704944,0.0999122681569604,0.125100989972338,0.425097705699863,0.282068628473366,0.150000239556581,0.145095302506958,0.0273409457399487,0.0669048426288243,0.0674619983981212,0.0701181505398074,0.0269456495463174,0.0548764168653817,0.0557769339757953,0.0700543480323547,0.0293967156239366,0.0823755516137266,0.0846052645320942,0.0702459078204388,0.0341661110874769,0.133864170486304,0.0945208241621917,0.0649487978911603,0.0194637776268514,0.0670364044365057,0.053172215275481,0.052624831479161,0.042925230284976,0.20109270482907,0.12223146856399,0.0734428061470307
2000,0.05,50,7000006,0.410116164703321,0.108829877379638,0.0700573986084005,0.294251399262938,0.399953822519546,0.115399869760789,0.0613538663951862,0.304805791859969,0.403080734195648,0.173368423208872,0.0907955382463926,0.300525248662863,0.416076729095092,0.234672045611354,0.0888318418805611,0.246247163831751,0.423425901459886,0.171364349199006,0.0569152774123526,0.251251431941576,0.405451916826066,0.282754912860209,0.0980372781742061,0.26595631883785,0.0287586365983049,0.0692490510869744,0.0711382706378212,0.0704002538938992,0.027740149132771,0.0559932355938878,0.0573275996476858,0.0704672858534278,0.0296221215821892,0.0826500077267045,0.0873428865301941,0.0710771635220727,0.0276299194609393,0.0641122924174437,0.0845981295476514,0.100580533717868,0.0180705388185437,0.0467782423633407,0.0553034933637448,0.0560559758936557,0.0271806476452851,0.095873604580364,0.107950086337975,0.078510458806694
2000,0.05,50,7000007,0.362373325029725,0.19885218189543,0.041198388447465,0.437631651746799,0.359841467779318,0.187239016608961,0.0185542971047687,0.436815838410704,0.357022055301571,0.290878446094249,0.0271175383977021,0.443019739918965,0.421991599279243,0.220468871314196,0.0869620749582867,0.210571196601595,0.428053277023761,0.178029660626881,0.0489249101457023,0.213313750496012,0.41796730863937,0.336798864148149,0.106236723340486,0.234890594021569,0.0266328503347155,0.0672376566299707,0.0675523103627304,0.0694130337647277,0.0260391504795031,0.0552141447296435,0.0546261344361155,0.069455721247692,0.0278998241719991,0.084747082148313,0.082820323591819,0.0698575981508068,0.0218738368014503,0.0703499409081135,0.0644498006909526,0.0721830087739304,0.0192130251861479,0.0657722280753098,0.059596024312745,0.064913184357594,0.0342347987691442,0.118225166540524,0.144387771041781,0.136762913463754
2000,0.05,50,7000008,0.376587082505921,0.253109220425424,0.157244305306808,0.293176494404165,0.378749560528186,0.110863584325549,0.0426343780483427,0.281579113964605,0.378665776824947,0.163993149801801,0.0665201837860179,0.285025051495776,0.427749699554475,0.27242074429046,0.142896969561118,0.139576265834207,0.437926401211211,0.169726895695417,0.0640766326613258,0.15015766447361,0.397382260687249,0.342444083841065,0.0278181916596908,0.15719794617765,0.0269781419237553,0.0705826427229607,0.0723774367857149,0.0729490827732993,0.0267064245617076,0.0566577829522729,0.0587656090059386,0.072731602189496,0.0286861101144725,0.085403625839993,0.092503055036891,0.0733840363583957,0.0225754351412241,0.070504171936884,0.0797057590256173,0.0726687156256142,0.0202531960677533,0.0554095322488825,0.0826913118942401,0.0717109158209432,0.0406705831169355,0.171290536957948,0.166854370870299,0.133836265761997
2000,0.05,50,7000009,0.328112273435972,0.165017887549555,0.062150927775597,0.491917882904556,0.330781074828447,0.0878110490407262,-0.0105441015531095,0.486445705972095,0.328234575158395,0.138513701739204,-0.021130644674177,0.483454020010439,0.410726615787674,0.216132970155779,0.10991375640075,0.170317103565431,0.412978101843335,0.144880221039539,0.0598131922006783,0.194587249578544,0.400644857800045,0.240929140584893,0.0931611332013864,0.182280292137556,0.0268287194006438,0.0689100483882419,0.0680951760485785,0.0694341417969014,0.0262638095264869,0.0568452455791437,0.0557890445619443,0.0697700811327412,0.0275479271061566,0.0870637320446937,0.0840462476069458,0.0701274990088221,0.0225102196469297,0.0657003898922044,0.0792857195834264,0.0735942931742186,0.0176787730436328,0.0514828119310335,0.0572300370086437,0.0568676546607533,0.034541450911234,0.152420579916853,0.174171606995646,0.103276888391742
2000,0.05,50,7000010,0.444271787696449,0.0867595676680778,0.154396309447445,0.0161473574667985,0.434613213524973,0.0605912697321647,0.0821004924797289,0.0135866257629691,0.434103935176584,0.089052640999295,0.130606905584265,0.0133365347161217,0.450813176153212,0.235503615340965,0.173667761844391,0.127339852698326,0.474556919586754,0.112736818646534,0.14547281781929,0.159624470862717,0.474542600455269,0.161881143358287,0.253345001170238,0.145082446064098,0.0272755326554838,0.067068594206641,0.0695634990247236,0.0711063291414213,0.0266937700827582,0.0553017640534775,0.0589638438577289,0.0717453279684128,0.0284136551347859,0.0819672829291562,0.0937588143038398,0.071515759562067,0.0333414022781291,0.134373214445464,0.107053198098785,0.0855470459910283,0.0183093080747818,0.0564500924021602,0.0620882339316348,0.0581799229637021,0.0599921783968768,0.239333009466038,0.241368136937282,0.091337415753598
2000,0.05,50,7000011,0.411729605290091,0.19517438550573,0.183983024154911,0.289409347577575,0.409805813055367,0.103584876568175,0.100319369920401,0.289769293675348,0.409285522849443,0.161360966826384,0.162073107750998,0.287823184595637,0.458504809193175,0.167872035097125,0.107080363520212,0.153495291861234,0.471468144671227,0.0800086029315026,0.0920678536211991,0.196561194187354,0.465638360649695,0.149930492836683,0.118356978943659,0.187367527057997,0.0266571095906818,0.0678654925443573,0.0698378443284148,0.0720784669645262,0.0259813820859998,0.0553949421514921,0.0560922629028355,0.0722087193722992,0.0271060078039744,0.0828433394503974,0.0852991393980318,0.0720104979023499,0.024959473163732,0.0712042996502502,0.138557830201774,0.0989510477140436,0.0179792073569311,0.0478358271513103,0.0485776939040368,0.0566704529246067,0.025308811169033,0.101437343217183,0.149578221112871,0.0672067854954583
2000,0.05,50,7000012,0.400621300000524,0.139196583537302,0.18698600348701,0.111240099536465,0.400377854816879,0.119077457994577,0.111323250577495,0.112210643749991,0.404603546869883,0.184924681435872,0.163812832909006,0.106890484166736,0.430272503559018,0.20595729667036,0.0525813221158905,0.126563866685252,0.44934344470126,0.138574996058205,0.0671912917942335,0.140930657590199,0.427370152841522,0.236188524874098,0.100646536313117,0.16871235212009,0.0278401594903547,0.0705445964996032,0.0699477233617923,0.0745153161522929,0.0271417396495003,0.0568156921962825,0.0581101696435583,0.0749955242707819,0.0294574463805401,0.0868858488344483,0.0904263249296975,0.0752996516316167,0.0292958318301261,0.109242841362745,0.0859263240406723,0.0702063775850295,0.0180222209233714,0.050156101985792,0.0510252173551964,0.0591315709759656,0.0271494365893053,0.0841563568077956,0.142716208763368,0.0694007819831797
2000,0.05,50,7000013,0.432610576681742,0.209690691007005,0.35321655274499,0.19944201750787,0.423536061641746,0.132509707278407,0.229347535579284,0.194908553839528,0.418353728606077,0.226329558296393,0.35796571182682,0.197183722858641,0.463247232799175,0.199572683498787,0.208651857582139,0.178083098377069,0.492961936956444,0.0636782239294112,0.172998392455501,0.158423175360363,0.503123339170593,0.0974817895285064,0.304932963546894,0.193731409586014,0.0279380544973901,0.0720088606232377,0.0710946523937715,0.0733300018006001,0.0276492253096508,0.0614480891087783,0.0568604757686327,0.0748194257809368,0.0305125177654538,0.10065629927478,0.0881172528201263,0.0753169221226169,0.0265057893452341,0.0856677030947256,0.0889018260669416,0.0799293990743034,0.0193682424066129,0.056491157439408,0.0573706652527398,0.0619589137256064,0.0392052036316693,0.163129572627142,0.121144803575306,0.123679759442767
2000,0.05,50,7000014,0.409653996268796,0.0897060243328085,0.208379343920236,0.291746732177492,0.409046203905517,0.0828322014833575,0.14808315963318,0.287985119371274,0.414684842385665,0.134232704130355,0.211453497431416,0.281418837019877,0.436764255518511,0.154934785048658,0.134923674215894,0.273230634842009,0.434047888007762,0.136360910437323,0.0766903004426173,0.250350266540459,0.427014155450509,0.207571366594651,0.136985788264411,0.243716772445605,0.0272148117814073,0.0700566352017594,0.0698161012049726,0.0701524081259692,0.0264712337334279,0.056319739983391,0.0523763731823056,0.0705663635713554,0.0284170233162441,0.0861981000463872,0.0757352202100853,0.071045451760116,0.0220722329391845,0.0687768969509125,0.0650159155821559,0.0749510821428303,0.0172775942606644,0.0474216455986926,0.045287519415924,0.0536415738807813,0.0263264703030786,0.0929966293963781,0.105447486832169,0.0683758266982172
2000,0.05,50,7000015,0.394631664686968,0.184765915550332,0.0555162860342836,0.127995431384844,0.398145656192592,0.0933321472722382,-0.00607991084626372,0.132239912540116,0.398961931775343,0.150230103057419,-0.00591453416339922,0.130155215439091,0.454025677504152,0.188719033067047,0.174266393637351,0.119179914856377,0.443640264670201,0.15168183068503,0.0865249677791956,0.151342945148154,0.43710835480225,0.247884749225344,0.139110760603413,0.155665224818213,0.028051947873419,0.0704683993292924,0.0712794342125792,0.0727585023262307,0.0272765017041769,0.0583535887115049,0.0573213730760182,0.0728229606465663,0.030187068957046,0.090572556464382,0.0882716310486457,0.0734248388701825,0.0223287851816615,0.0649879443464894,0.0872707549659518,0.0794370021226355,0.0181309859473982,0.0503011080274684,0.051505816695777,0.0566166420429587,0.0289949509497886,0.102460331044327,0.107033293168553,0.0788503753394811
2000,0.05,50,7000016,0.460881193673929,0.0401100841967994,0.217227092956615,0.0998109281648751,0.444123103284949,0.0210095107828732,0.148465938464861,0.10053237133715,0.453976462255559,0.0411276898658877,0.220432404111381,0.104351012638723,0.448515938937914,0.235365516749509,0.202452496578328,-0.00215627972300831,0.460008740274089,0.160322100331027,0.150691210353254,0.00679653732825458,0.468199560867898,0.231452350268205,0.23893238822212,-0.0514868390009954,0.0276787293293894,0.0688694751504327,0.0682881787746314,0.0708497405554607,0.0270306254731749,0.0574667168516337,0.0557360143631717,0.0721415621050072,0.0288393398513133,0.0898884979133546,0.0850415377277059,0.0723427407876181,0.0226630530820618,0.0672961276221643,0.0698310056880303,0.0720160979580793,0.0195719892840202,0.0598875460772705,0.057097690904084,0.0624954237263572,0.0398396084035556,0.145598093018382,0.154049338527269,0.119617262073467
2000,0.05,50,7000017,0.374577366765107,0.16955085070949,0.124303258129986,0.212570069747851,0.367314582491422,0.167152353587782,0.0683836314750921,0.221483698088909,0.367434310589492,0.25137360093918,0.114670424815628,0.216600826973723,0.435037929891828,0.198123511807434,0.104193296175227,0.197451411109617,0.424502402130662,0.135331383680892,-0.00105537557976313,0.198111281038686,0.39968236390133,0.223362948363557,-0.0342490824431352,0.200779780837701,0.0271718376061557,0.0707983302096733,0.0709798551983668,0.0733127110267261,0.026678125882434,0.0551843656710458,0.0587114148162204,0.0733241881338524,0.0287915474281862,0.0824843564380093,0.0923592183758065,0.0733318180070602,0.0243909735831853,0.0855875195722948,0.0755027684760908,0.0635279548717978,0.0175434952829295,0.0470228405694335,0.0511858599002428,0.0559357169709609,0.0304413721736451,0.090799927812831,0.13788897670878,0.0740336042225181
2000,0.05,50,7000018,0.433290766955547,0.122363231604436,0.119193390116048,0.108199631091822,0.433483871978123,0.0427576647019502,0.065532784076643,0.113959521976482,0.432649097891814,0.0787756594660506,0.103652283543885,0.122477986412241,0.459707466687894,0.176958407526989,0.134022839875655,0.180581849821867,0.471653173537637,0.109155886672376,0.0719883720701039,0.151832458742764,0.472280099034044,0.165079391294003,0.102025706520835,0.145460579071908,0.0269927470320398,0.0689196747593029,0.0694845592844745,0.071321193838159,0.026768491271869,0.0570111252401994,0.0555760027507555,0.0716935445987762,0.0281810484106921,0.0876429789206495,0.0825025877506496,0.0719503224902457,0.0242835453942356,0.0792465627443402,0.0771260736723318,0.070520304482263,0.0177176711729382,0.0499000138366512,0.0505326327712308,0.0588357734335588,0.025359982045674,0.102570693478093,0.106462017813323,0.0864685690125592
2000,0.05,50,7000019,0.3829397080663,0.115313840178701,0.214824130017345,0.133444913876468,0.382212868623675,0.0409004056120733,0.114777602161174,0.143930746161361,0.384897423453212,0.0802744084830203,0.182459446062674,0.139748302807684,0.469575947785193,0.180030528729906,0.230666524075131,0.133999199422543,0.439495229630866,0.124937743545866,0.0934089790241539,0.153543626408603,0.413407005520819,0.215622393227164,0.0995815025844848,0.164413450033842,0.0268213968226984,0.0715538382509105,0.0715011841861343,0.0684973905886098,0.0266712114620119,0.0598668182952184,0.0576443585246632,0.0692828885204195,0.0287858603235251,0.09758862330076,0.090820200971647,0.0693934419376234,0.0295262219770944,0.0952741297606289,0.0800480495901603,0.0865556119187221,0.0200402301669457,0.0557321271313174,0.0762101903572669,0.0606003497114131,0.0369703648335336,0.182815578417516,0.239126642871233,0.0922703677580183
2000,0.05,50,7000020,0.40645100968912,0.232112709621155,0.134753646851263,0.143857745128094,0.399921775382478,0.132736672174792,0.0344508781371931,0.148719654518355,0.392269689421041,0.194851981499068,0.0539551663626085,0.145756172405963,0.504035958468279,0.164561921740325,0.162300716857419,0.0790277395599283,0.489517130371825,0.111483425727637,0.0953457979025576,0.121487808173121,0.490541013600862,0.16954514049665,0.149871454460261,0.10903363837129,0.0276912115704006,0.0671201798400304,0.0693294207532089,0.0731927826314517,0.0271913918102931,0.0550334864989138,0.0569940872392956,0.0741887153380013,0.029165599028766,0.0823623011794856,0.0863873887351373,0.0741127638440915,0.0475324372186371,0.165458860330567,0.144836321237584,0.116854920231369,0.0202004876806818,0.0611886054010185,0.0540659307876903,0.0623067614473248,0.0322357056231208,0.0890676849803297,0.102216417892435,0.0865516731292661
2000,0.05,50,7000021,0.384782670083341,0.229694128543082,0.22419895093429,0.236714626437561,0.380720469691792,0.10861746666629,0.111556547973523,0.240162712846336,0.387820108163568,0.168755307235447,0.166401178239453,0.237894516654811,0.423266429081981,0.221457580182449,0.158775133606056,0.202809203868671,0.426255849469816,0.11906172431679,0.06767395372638,0.192102541495265,0.410344424226196,0.188307725244606,0.0852874427872379,0.190499895086963,0.0271725046877367,0.0640178348913691,0.0713613773862379,0.0771291185670871,0.0266725734471985,0.054372067551982,0.0552865670021356,0.0771712296218274,0.0286287616703434,0.082072520450344,0.0834224135638277,0.0776369291044697,0.0222267349820541,0.0567391522995205,0.0890884033570565,0.0599056954234539,0.0202665092244283,0.0492406653038141,0.0506479111811489,0.0806218206425421,0.0312826535391066,0.101992753540486,0.0966562518759735,0.0850372215567208
2000,0.05,50,7000022,0.437069623899545,0.157145465231479,0.154851144294634,0.056751613130224,0.439201980922248,0.0705800633792341,0.0491633290731612,0.0497621614577434,0.435817641753067,0.109137928932192,0.0831217410297006,0.053719822834033,0.475452836169575,0.190272257769226,0.151225819744493,0.0549139340175306,0.484143964377859,0.102560907333597,0.108282518890517,0.101049258443117,0.488866902155712,0.12650474668749,0.181305048609998,0.101347948265035,0.0274943698984115,0.0691213546759334,0.0697009465124509,0.0747627053218913,0.0268094540253562,0.0564596431708256,0.0575246554575622,0.0755767977859157,0.0284308030686868,0.0843671352074729,0.0882274647461342,0.0758955918554102,0.0221422540677669,0.084782507283833,0.0750167262069506,0.0738869311219211,0.017123547944362,0.044105714580443,0.0510161406857772,0.0564869860183105,0.0246417258784687,0.0741582340566598,0.096764327406457,0.0685583045560594
2000,0.05,50,7000023,0.440192603574618,0.145155006927593,0.211955913290448,0.0687758692920518,0.432312204896728,0.0981664868787635,0.10248199351437,0.0782149064939218,0.436282818769122,0.164602965013226,0.158475102883511,0.0749309588370264,0.478733379743055,0.103159139270332,0.163182064394942,0.0778478364004857,0.454688780732164,0.129439898623901,0.0616965003272025,0.0887854212217173,0.426432629355689,0.237550506814006,0.0751919413695663,0.0924641809561683,0.0275032612113639,0.0691126222841358,0.0670115217146487,0.0709525817876825,0.0265743988167362,0.0570093989825543,0.0552593090908467,0.071187644614499,0.0282557453633996,0.0897304178773731,0.0834122054348316,0.0715589646209899,0.0239157010197791,0.0740909608133114,0.0633839441447086,0.0598373110147621,0.019603620881538,0.0629685366758121,0.0604495913475842,0.0595873885217501,0.0361475428480172,0.165001857106272,0.124769860240554,0.0839961244723797
2000,0.05,50,7000024,0.407992678835412,0.136166041115559,0.13183032684944,0.1639728606072,0.405978030623984,0.113771047561869,0.133898512904761,0.162556348511558,0.412735757649084,0.176778374243711,0.214077055493517,0.154353829952915,0.472861094333593,0.218592703309145,0.185517187794044,0.144271804024134,0.477017534870768,0.134644147616692,0.144579863617173,0.154920449116051,0.473831984913221,0.192174657481938,0.264157049385974,0.169603924580654,0.0277944442951857,0.0677483090449787,0.0712189804139124,0.0676648677070638,0.0270719819672185,0.0550132858325532,0.0578117857798571,0.0674579952320192,0.0288065519369732,0.0817540565855749,0.0899532444201412,0.0675255300422052,0.020933361896194,0.0624979390148961,0.0653047355437621,0.0730263182668006,0.0182927155151832,0.0551330549204137,0.0520309056598679,0.058461627375427,0.037957560753642,0.166033932222472,0.193187918575837,0.0852544164962496
2000,0.05,50,7000025,0.39355022128388,0.120084898633353,0.202605319469251,0.170508766099302,0.38762554618347,0.086209476228539,0.140253404542402,0.174234913723595,0.396443661286188,0.13419110260739,0.204685284561699,0.170810278508987,0.373726865588758,0.317166935977201,0.0909245439155796,0.177505266359148,0.39407794486737,0.202047792858704,0.0595028272789205,0.180504285573638,0.353999520261775,0.368889799849955,0.067385425821016,0.162758054779072,0.0265364463125318,0.0663160277725138,0.0667757507826314,0.0741541419395764,0.0263904634826982,0.0569516769864411,0.0559457686650833,0.074811229594876,0.0279568404752836,0.0872207575698042,0.0856306661549131,0.0753563377106729,0.0212374600089082,0.0619653350355477,0.0721535653329668,0.0632404805831185,0.0205532302519944,0.0553580211697162,0.0574912956707845,0.0633220960204715,0.036234899215371,0.127923667306168,0.12005375885675,0.0777658178934707
2000,0.05,50,7000026,0.343253909003128,0.189980701963442,0.168712151540376,0.3404250775755,0.343553215390222,0.0426741073537962,0.10425839031393,0.327800026257386,0.353889882921852,0.0736669632697939,0.160376423047943,0.326619104623076,0.42485007473443,0.170327140034966,0.128971359350221,0.133916419495597,0.423263203984326,0.152413757668751,0.0619888942670451,0.146647985792825,0.403522506082678,0.279419957462939,0.113098959025343,0.129701530687099,0.0263877321074554,0.0688119381416314,0.0681167324208114,0.0688826389573453,0.0261659480409704,0.0579184449133059,0.0573350857951733,0.0695247256943121,0.0282468455949434,0.0922801649776566,0.0896309727281597,0.0698472484382031,0.0212690619767282,0.0627752214029502,0.0720697192809722,0.0704554880617626,0.0195892047592082,0.0537302707164022,0.0514210625082509,0.0627490633189404,0.0314876528890448,0.11818694452279,0.153039624248985,0.0840382918920691
2000,0.05,50,7000027,0.422058533010657,0.0388660522082255,0.155345752090346,0.233522986867593,0.414571056760527,0.0361778605530588,0.0969203504540719,0.233399993137539,0.418078321569523,0.0590687231882497,0.141001407786681,0.242085252687095,0.465461974134094,0.147384202116347,0.170867715964555,0.102751652407814,0.436086338923224,0.129452293151807,0.0543318736662835,0.148303595514676,0.410269736004031,0.228595401189615,0.0709529744198381,0.157419033117293,0.0275654598096221,0.0720749225029253,0.0709129492001181,0.0724253759715803,0.0269400560240939,0.0595249585428778,0.0584247452925223,0.0730539001723692,0.0285904342533923,0.0936329529063573,0.0891238764931463,0.0733621391269123,0.0416432093010166,0.180411747702263,0.0775125251804258,0.0878551193543931,0.0188905531601639,0.057099616061718,0.0546588980517018,0.0584818968169546,0.0347902981802707,0.136582386399308,0.127036845250621,0.0788428473232398
2000,0.05,50,7000028,0.396334153151797,0.194230970034765,0.17082835601864,0.273116953745465,0.389876867313405,0.101619553357378,0.0605677553954786,0.290598224584461,0.389041803785537,0.168288805465616,0.0961305387041934,0.282976926187928,0.450717154848098,0.202699253469625,0.107590793556082,0.157543953482394,0.465347790272878,0.0799653901491418,0.0488973028223971,0.15648562113903,0.494177648053232,0.0349682896050967,0.0790296083664535,0.111189897471796,0.0261742374918666,0.068372951540274,0.0690002584800414,0.066983536878319,0.0257338786598348,0.0578301063956726,0.0556111139110505,0.0675739636384705,0.0281122662482146,0.0909544680934924,0.0841177049155124,0.0681266844837281,0.0256749487683257,0.0835367915527882,0.0660481662433749,0.061348229496868,0.0186310758906509,0.073043412098998,0.0521508959287181,0.0522327037435639,0.0551023133059405,0.355793447514193,0.157690756169306,0.118616314660098
2000,0.05,50,7000029,0.44696096605666,0.137397319425282,0.282282312905452,0.131931923750768,0.443608213341573,0.0869385745548071,0.175716536841988,0.135837688604028,0.455690237489593,0.160020329380715,0.297537276407053,0.126200608284355,0.446690762439601,0.184411503938182,0.127150863583412,0.0714614809579317,0.445081164592893,0.128719320065848,0.0535062734025127,0.091377429987124,0.39757876036006,0.202720077041036,-0.0172141688140824,0.13759852230537,0.0276105591392405,0.0718197460514488,0.072407024437745,0.075148355987553,0.0273232746829176,0.060989097824625,0.0614417960026423,0.0752446667241714,0.0298994379050921,0.0988171579296976,0.100745824325398,0.0755307348728781,0.0219336134215407,0.071143458784511,0.0754439077940541,0.0697707459760405,0.0192335856487343,0.0518540775533075,0.109985832585393,0.0663664453780624,0.0447379543667979,0.182404495907086,0.345828675803209,0.116372964939012
2000,0.05,50,7000030,0.411070492539132,0.230883754575122,0.208032995205171,0.209100006095767,0.41096447655857,0.131726538988327,0.139412578008741,0.212092282582996,0.412115412358607,0.201158389380187,0.229014937810876,0.200772119620064,0.479900224787794,0.164967502561817,0.227276997939637,0.164799720409417,0.466497949038069,0.12021782690058,0.141322282459123,0.187981238303011,0.468505697510313,0.21309403649097,0.225424163041062,0.199619316968795,0.0271156807567193,0.0671784001050727,0.0710624519151943,0.0731180580511171,0.0271062642661226,0.0577809746917576,0.0604945002279003,0.0739137327023771,0.0289922223493604,0.0888729903878937,0.0981022150268926,0.0746455559431139,0.0471570582287028,0.162140908603503,0.0906360282390638,0.116479481856743,0.0195306164089141,0.0542797945530358,0.0535328376293252,0.0626351787530972,0.0394377573001647,0.150359712245334,0.199810431877226,0.098544556048081
2000,0.05,50,7000031,0.387076634629364,0.223095987378953,0.200060154151769,0.0810355913271115,0.382121516643787,0.11651538324735,0.129994522059464,0.0884405628491444,0.383783399092875,0.188138827982278,0.194169961117547,0.0892132158352894,0.463963220286921,0.239659821031566,0.190842369816608,0.159208179445803,0.457265223551396,0.190660999427824,0.117903182520486,0.156374460830216,0.449874545911716,0.336512898810203,0.184745767184026,0.136555331854843,0.0267081747284642,0.0678895729386741,0.0679768715042121,0.0720872009213038,0.0261911219211621,0.0548870506674632,0.055693663487701,0.0718130074809681,0.0277658435151157,0.0844298733261703,0.0836265767272269,0.0723064161119135,0.0326181574587837,0.169107783482033,0.13422369857825,0.0674393211246652,0.0186917459345259,0.052379173644595,0.0719111077667583,0.0568065356567322,0.036654973031638,0.229058670449919,0.203855165463366,0.113950520786656
2000,0.05,50,7000032,0.381962038057333,0.195060302915957,0.0656394857463899,0.390329307917681,0.381939775534712,0.15996350431914,0.0252149764398308,0.397210619855687,0.378258484543978,0.247775928595622,0.0490349930466225,0.408144483327956,0.4460173463546,0.229065804484641,0.154289863785006,0.216725782187859,0.453005375545959,0.15235488605631,0.0932570615029004,0.201983939416761,0.449533886702624,0.238836684350524,0.166027943704896,0.233874432292391,0.0271681295064151,0.068200148571318,0.0685992985052863,0.0693237256698521,0.0264070400602165,0.0563673199263901,0.0539476395837955,0.0697443545737944,0.028089068009063,0.0869235161437867,0.0806839897880109,0.0703521236419497,0.0221039217866921,0.0643705258093938,0.0689186781813518,0.0645082911042349,0.0178638437445686,0.0496218298464409,0.0485432061831074,0.0565631649865339,0.0259344390447984,0.0939230537745067,0.0853198541017457,0.0685763128910439
2000,0.05,50,7000033,0.348700301827682,0.151450539756395,0.0803436830292132,0.300593844653399,0.341933174275317,0.141844586714548,0.0440640345047844,0.304415156955909,0.340946185407222,0.214256386199003,0.0783101495330537,0.310075646185431,0.459655659828682,0.184321277872216,0.141013234282444,0.132500132641602,0.469008757335635,0.0958540373142779,0.0804986355019131,0.122177442604905,0.487329311953092,0.0726322589209777,0.122780182265311,0.111729006135246,0.0269396335817851,0.0680617938457875,0.0692942480937388,0.0720873214354924,0.0265326280541264,0.0555990039408299,0.0598097446293191,0.0725336953832078,0.0291182715719,0.0835712935647544,0.0975132298908851,0.0726924073531237,0.0257700241387962,0.0788598243868015,0.0890185507387386,0.0635881974141858,0.0182875586897778,0.0481449897319663,0.0592578150893803,0.0602103973773777,0.0331896128843372,0.11398243587575,0.190096014153963,0.101140756283588
2000,0.05,50,7000034,0.431041827486092,0.0540197905108181,0.277978763397861,0.167475834325473,0.428500142468177,-0.0128557757878085,0.145509843825501,0.167676876409502,0.437328405744979,-0.00694306947034501,0.220552016034197,0.166054460980842,0.441266353286264,0.21908842707571,0.199567568385182,0.0954190966521766,0.43792883417785,0.158813522869784,0.110840771781456,0.104874227253875,0.403758487468254,0.304001946248713,0.151291735824227,0.0989617846389603,0.0289000478956174,0.0714640816523572,0.0699082270259306,0.0751111672094367,0.0277971471152818,0.057905654780228,0.0583337601950367,0.0755155372873506,0.0299264476846492,0.0879611650379197,0.0902408177894538,0.0758218721350595,0.0250634035424112,0.0784317182583409,0.0843551181125849,0.0693249238718021,0.0177361156728688,0.0507168014983085,0.0600760736303321,0.0589752059195768,0.0393601377972595,0.151101544411971,0.146020689315955,0.0957906188889502
2000,0.05,50,7000035,0.389547224745251,0.223511239935662,0.200821699908051,0.195510889314297,0.386221370879648,0.163968561176215,0.0887798783925217,0.197426057185287,0.386474856493941,0.247470720825242,0.139088544648897,0.197775829773012,0.481190065204217,0.203112395914386,0.236756449838294,0.147406694528799,0.469833954573824,0.120478504756075,0.0807604302686406,0.134989445350905,0.478345149959023,0.169398259684628,0.156682817844542,0.153777740118934,0.0270408705852214,0.0664975196703711,0.067374719236901,0.0697080999655514,0.026528181536465,0.0538701255876468,0.0564027462641212,0.0700356816378349,0.0282497546762428,0.0792453964416135,0.0863809451687843,0.070629728694468,0.0359160130911256,0.178298979922531,0.0914677205679315,0.100551094835221,0.0188276811876049,0.0501678601455644,0.0550961909498534,0.0630935709360102,0.0296432961288337,0.119648010771432,0.142406484945737,0.0887745418321381
2000,0.05,50,7000036,0.380594227471261,0.133363329400108,0.150259974610608,0.201266423443448,0.381165969648168,0.0725171496314277,0.0874381788114454,0.192510827943224,0.385808766381626,0.121674892888905,0.139636144931469,0.187324916614058,0.436688457928201,0.212579114989695,0.092867291356944,0.146029056321416,0.463241004607505,0.0483600082344242,0.0415195949189004,0.126569194530727,0.45435581010678,0.0495091829133943,0.0238648134140667,0.0816701816516052,0.0257210354613419,0.0678867304065688,0.067437252029268,0.0683785213249609,0.0252787173541321,0.0547162782673172,0.0552034904610032,0.0690446742482032,0.0268391790139088,0.0848457063994733,0.0847220832708748,0.069045708677866,0.032010712891164,0.132821242649225,0.0740021701463747,0.0582977896361553,0.0208733349181186,0.072237566547457,0.0634918496055118,0.0590691375283871,0.0468132173213365,0.173885990391844,0.211985901884852,0.0827617777455122
2000,0.05,50,7000037,0.446542876303404,0.220902980159723,0.169630418242962,0.0474815121179575,0.44684656320567,0.130374635250494,0.139261014018252,0.0529431524919745,0.452917223180611,0.211908010142117,0.21735989521824,0.053125885709827,0.439119273747292,0.264184002243414,0.148572121850487,0.107970051691886,0.455079353853818,0.173258582335731,0.110062931508802,0.0990842250802462,0.45148371804209,0.29052248988898,0.216572510733886,0.0683893951691726,0.026592138609641,0.0655833146758518,0.0690974048356562,0.0726497083286619,0.0261614308090105,0.0544514584903261,0.0563218156962975,0.0732410952241095,0.0273859249210874,0.0810382820882031,0.0853672953036776,0.0733585591318775,0.0283259430453852,0.128708655362997,0.0839039299305882,0.068913176139363,0.0198995836720485,0.0583734845260164,0.0523797747629067,0.0596935434167204,0.0460555569889412,0.148517487116229,0.175301740823592,0.117928897895303
2000,0.05,50,7000038,0.41757614727467,0.0629359706783255,0.163879944384034,0.185333209554298,0.420359528945164,-0.00448123053694295,0.125659595237453,0.179620336270029,0.429245182957777,-0.000612116814820254,0.189429472653691,0.170091811113506,0.488603737486533,0.0828507174841268,0.193003858612389,0.220127024114192,0.466924119817542,0.0571596944852307,0.122425028254959,0.202917231901286,0.470764211644432,0.111097818304188,0.20677174753104,0.226687343534418,0.0279446089876769,0.0698946448274448,0.0732219350794066,0.0706440020962991,0.0269185134014691,0.0568548206343126,0.0577622500261313,0.0709264003665367,0.0288198093860131,0.0870686561338706,0.0903370492504621,0.0717123750894459,0.0278537330500326,0.0976123406357576,0.185523391392174,0.078879645651509,0.0176636336940979,0.0465824129962961,0.0512677802159321,0.0536806128779847,0.0250117463974242,0.0915346229835468,0.0957172169924484,0.0684076937922392
2000,0.05,50,7000039,0.404778593869033,0.0328513198980049,0.12768998558503,0.233298704716023,0.403436923631512,0.0602968207725619,0.0628529026090255,0.235017753579252,0.404434556743842,0.0965031730870797,0.0984523467810994,0.229960141498467,0.478117093539257,0.116607279110835,0.171193544588379,0.192163648718459,0.447352861698722,0.159882194241562,0.0759978497304508,0.18866174255232,0.418135615278666,0.290652836441623,0.080358343582652,0.216108551772285,0.0275633692864712,0.0717372635576282,0.0736792439069312,0.0736471564401935,0.0267824313519954,0.0573918517472113,0.0604890717317002,0.0735961084584158,0.0287626776601137,0.0866280224805513,0.0970279383263646,0.0738392012502159,0.0311693877176405,0.153782670423822,0.0973342921810763,0.0782811319156829,0.018229009785962,0.0509693052812363,0.0586992552180953,0.059392001343427,0.0321012346759022,0.0921753694933268,0.18893947810521,0.157090810839622
2000,0.05,50,7000040,0.41489439013148,0.0557876563708847,0.140394056010607,0.209531707577978,0.410785155612321,0.0194029221511506,0.0846452931527819,0.208870691408368,0.416139810817423,0.0397833314972446,0.129971379009724,0.211800868532438,0.448189375991498,0.251503546395281,0.181030795681926,0.121936306245575,0.449192009191872,0.164497339964487,0.122992647494659,0.148295845148618,0.47564253312135,0.196313289604388,0.233314366294131,0.110149421797433,0.0262247162356639,0.0702364509614263,0.0695965021593237,0.0727185190707054,0.0256966803941766,0.0575711233276313,0.0577491309002305,0.07293313400925,0.027111694898078,0.0877785896159328,0.089465280651399,0.0733246107685747,0.0357699217870144,0.124341736923993,0.0996322359264059,0.0863473282891982,0.0209712612516162,0.0808759091697443,0.0637118718086787,0.0585435382550614,0.0732111964325178,0.312882076669167,0.209941949623652,0.100246424104809
2000,0.05,50,7000041,0.419729023457367,0.163567144756516,0.113302290877488,0.137121028031397,0.428797345016772,0.090335720786202,0.1286827702817,0.121301857872571,0.429143802570436,0.132642931746898,0.195636588849108,0.123184323854108,0.463828673797863,0.174414578398372,0.161572596484414,0.176400423450843,0.465125350499494,0.100970614226616,0.121621418657195,0.163306302517778,0.470673597126262,0.150663449402888,0.183789306504237,0.166592437585532,0.0288637724380622,0.0740283904745815,0.0692065394120862,0.0734142881316123,0.0279635702745432,0.0563342451427128,0.0567074845126958,0.0737340756887411,0.0301904975460083,0.0835870901952802,0.0861268876550522,0.0740488048527314,0.023323948209008,0.0696038872386035,0.100721698853836,0.0783126405546185,0.0174205468948467,0.04719414069137,0.0514726826287349,0.0582745845656395,0.0278873472981174,0.091669989908191,0.121065549750418,0.0827726022304334
2000,0.05,50,7000042,0.38980763041037,0.224815099286326,0.0824868299024894,0.17806905057157,0.400984454503459,0.143255233389005,0.120439009782756,0.166813069638404,0.408668275830069,0.22813535163366,0.19636595681385,0.148383016244775,0.47342127325188,0.206583921306665,0.250350438139243,0.0964356963230039,0.465032524205629,0.176990804692324,0.134434827656936,0.078236967927584,0.450979544676686,0.256148988959473,0.20261443284356,0.105662471770828,0.0281855637707738,0.0668669092006878,0.0729003678681236,0.0739907519564457,0.027660321168872,0.0556960138558979,0.0598925713588749,0.0747481743253154,0.0296082057476377,0.0850851593565466,0.0966610714159191,0.0765252027507437,0.0219566538751953,0.057191582805373,0.0822270480707941,0.0688402458331906,0.0186953736552944,0.0486529224462445,0.0632523510743519,0.066510114339728,0.0339620448846845,0.0953463441667663,0.175548740916257,0.151756148950156
2000,0.05,50,7000043,0.41372114271739,0.201007203174002,0.190961803339738,0.140061099694366,0.416677507228178,0.0986869265482546,0.124124511530861,0.150766045556462,0.421026923770297,0.148359713084931,0.190591238607887,0.152399219818633,0.460491611671823,0.220779173679983,0.1908185610279,0.144491428863858,0.463779194843495,0.158851980582966,0.0914574918283393,0.124710054553593,0.437803194063795,0.278440012994066,0.107881133321877,0.130998274403516,0.0288705956295724,0.0723278114193298,0.0743169175765044,0.0751429153560465,0.0283873759987268,0.0577822306388526,0.0581027105248129,0.0756704918984905,0.03091559458091,0.0884418376509521,0.0896099829081675,0.0758550396602554,0.0251088819389299,0.0919533936290277,0.0803310037657912,0.0912429057862572,0.0195933543855696,0.0503305977743076,0.0617065047372466,0.0718261913353279,0.0349071598987101,0.131667622873939,0.134861901029853,0.125665963416582
2000,0.05,50,7000044,0.373217526962136,0.113362899510934,0.142079973698663,0.258435794762943,0.363517013912025,0.0939072131871248,0.115554996950677,0.26265824066927,0.370584031477949,0.161336999735671,0.190659929060419,0.25360037495584,0.4235439442529,0.254944484863707,0.178655351873887,0.225122016480624,0.442059436183442,0.128346534582348,0.102751318736324,0.205531034413996,0.437581238310079,0.202514087368729,0.154487267082917,0.194282784518549,0.0267379910489213,0.0687902294410591,0.0681250562708723,0.0702443373012117,0.026009063596859,0.0555830691223844,0.0566237854289698,0.0709745740607443,0.0274881552641806,0.0855391664759312,0.0874101057962047,0.0715407741498206,0.0221390679954937,0.0716343522251185,0.0878343318172136,0.0900975295972108,0.017916847091861,0.0479535815429357,0.0512211460986638,0.0588371839298403,0.0364121657184613,0.178087842245664,0.13142923106572,0.0777434336342514
2000,0.05,50,7000045,0.399025087107696,0.167544779705637,0.105338817180662,0.241784572812741,0.406733446172065,0.0913033502457824,0.108820873949055,0.245838053186801,0.409352150741816,0.148067384139392,0.160092997008702,0.24581420272063,0.4629248176575,0.229267562066656,0.0948958117089742,0.06796776545149,0.484913511547352,0.114293160777609,0.0942704501288662,0.0904449329306487,0.480213893310778,0.188273078183528,0.14582353741889,0.0716408337647608,0.0273023700186227,0.0696143100387298,0.0697785052561958,0.0729339096673742,0.0267698598633099,0.0565014905913377,0.0566480076114119,0.0733519359854381,0.0287402609991611,0.0860625830841256,0.0841568908602103,0.0738530261956258,0.022950826849748,0.0710195751335926,0.0685643243252072,0.0745000890630847,0.0189458624311079,0.0543021116105041,0.0559901402758595,0.0610628156053481,0.0317335318429384,0.111816376545927,0.149089844521697,0.0761208571138882
2000,0.05,50,7000046,0.386016829987914,0.0919756821108552,0.112770480457058,0.207136918572124,0.379006497737144,0.0512199774160886,0.0454899065858891,0.211415469721427,0.38084657800262,0.073623423855374,0.0678221930109657,0.207710251156456,0.45246413885597,0.178041297521224,0.138761374035995,0.143106069050431,0.448443594753387,0.141008495667172,0.0774691875803529,0.165150231347325,0.428594993892473,0.247073466793709,0.078190592775185,0.190340965007915,0.0289290227223183,0.0748802850003889,0.0700882973648974,0.0725069981321392,0.0279941728513247,0.0590255518349586,0.0567502707955532,0.0725713242480057,0.0302391096641257,0.0913379790843108,0.0849044498277688,0.072853390440934,0.0252819770945223,0.0979807181841901,0.0808117060315698,0.0807558891854713,0.0187234444324681,0.0539225955105959,0.0558321769725002,0.0591601084388083,0.0334775815052161,0.119744621126294,0.136169244942524,0.105888801345905
2000,0.05,50,7000047,0.444287849246615,0.194674169994228,0.263509411291875,0.091874124706787,0.434241681711359,0.125885709220535,0.113397492667193,0.0943262669606943,0.428457111712302,0.196033507836619,0.176795744612856,0.0968538823371863,0.457312910483296,0.272861535229428,0.20773427449949,0.123253992396632,0.475586621657142,0.12795132962163,0.147086238338788,0.138901511269644,0.455584224611062,0.230180412393226,0.152777263088677,0.132041703952349,0.0280852210015411,0.0688197764209096,0.0698285402331417,0.0698107769246197,0.0274542113036099,0.0587264817717039,0.055941662401036,0.0705875141793918,0.0291101381099491,0.0937406107959908,0.084934101214126,0.0708346221536048,0.0216458749896241,0.0638408915254395,0.0646431113712642,0.0669863819160321,0.0181160700777564,0.0521440151459772,0.0633954187314286,0.0595739345054373,0.0330281606243286,0.114244123294643,0.247255090089195,0.181374183369789
2000,0.05,50,7000048,0.449251478140373,0.0384086785036537,0.14967314248105,0.101280660502669,0.444723795244827,0.0100002865523684,0.101726909355787,0.101290870591274,0.45059320986768,0.0224973056330046,0.150176223812807,0.105552895463236,0.455476866631399,0.203461055075817,0.165924929427576,0.101256019604524,0.450094432844881,0.116348450342347,0.0508234452663403,0.101664153418164,0.418852691612416,0.22020223820878,-0.00583499981773508,0.0931574526049099,0.0281836741591617,0.0704705717577621,0.0690375783838746,0.0738950957758707,0.0273373374751416,0.0577013190376276,0.0559969137615797,0.0739679898337307,0.0291561391018961,0.0887992320861063,0.0824805213662897,0.074172494785249,0.0234973776247489,0.0671027184693997,0.0822101870565787,0.0737866556925831,0.0177183651152209,0.0482152996488723,0.0563978306472682,0.0565248304648432,0.0338304263114076,0.137958421147908,0.138037831305942,0.0977682426641
2000,0.05,50,7000049,0.371148978932247,0.235677460021776,0.215675805612512,0.304402297258426,0.369144075998531,0.183309967486408,0.125224003832078,0.311739095885899,0.362797680984149,0.269536378586176,0.189048832999941,0.321570097676325,0.448682586461268,0.234727676122543,0.170302688428238,0.198178711053086,0.448346831295022,0.168550273243876,0.0985235967738024,0.197728701284553,0.42703670514134,0.302438485965355,0.128932104823542,0.186815274886977,0.0273487185331532,0.0635421484660273,0.067556716634324,0.0714362171392198,0.0269499640594652,0.0527266802608961,0.0571448269029374,0.0723942766440281,0.0290983363647581,0.0781856603222653,0.0877062314367578,0.0733667465156939,0.0254164035090229,0.082018077003491,0.0659950735984514,0.0722277692858482,0.019721810131044,0.0545766707283848,0.052262329433983,0.0648311668335048,0.0305486315460658,0.0950564360368991,0.102400274674094,0.069929493252441
2000,0.05,50,7000050,0.411155017063579,0.0743546145046469,0.237888327496717,0.105285097732063,0.418850414161988,-0.000927332475950089,0.200081973537516,0.0983579340013166,0.430799648960174,0.000108066828523041,0.296419518079531,0.0945097566670646,0.479966100829861,0.116628489312619,0.176775117234308,0.100775502712964,0.466352323997736,0.0772786946459938,0.123159728798949,0.133050282199679,0.459809707527538,0.143548105867901,0.18276331577345,0.122769700096969,0.0282711016955372,0.0688715765601123,0.0680302111389572,0.0715771035772532,0.0277946191828101,0.0567624250277311,0.0555954127448256,0.0714162054132532,0.030067593370805,0.084701010653038,0.0826260778610269,0.07153776480287,0.0442890265680075,0.154333694858027,0.0805380133023085,0.166681492985178,0.0188867921549748,0.0540346723861166,0.0477901058553864,0.0618649732269473,0.0299519189169353,0.0915040808788028,0.0958621089006441,0.0853014256122562
2000,0.05,50,7000051,0.409297337942919,0.173006500768208,0.127190774595854,0.168300553946148,0.410180585787867,0.0607493507847327,0.0801343825067204,0.161880518310944,0.415618665869947,0.101130540590551,0.126487814861702,0.156367687772486,0.485716182371292,0.200194104915308,0.192789246719851,0.121270205774105,0.455094337170625,0.164728748111112,0.0776265786783673,0.14648009097323,0.442448804103566,0.301187751779265,0.129269114506265,0.137727432250873,0.0282809667868381,0.0720136677680717,0.0731967285318067,0.0679619144192273,0.0275711338400587,0.0582805846576228,0.0590235385401974,0.0685861948239891,0.02998142733903,0.0899577559378589,0.0916790228172291,0.0692072378668544,0.0353880029088986,0.160911730924729,0.118795591196625,0.074076920205133,0.0181684451026408,0.0502369667312886,0.0561060286112728,0.0542717497106,0.0297008218018839,0.105979952344268,0.12806050633412,0.0695329957227895
2000,0.05,50,7000052,0.440187295206421,0.138571716230782,0.157958434573254,0.16308819464397,0.439708320559003,0.0570676801491712,0.0880951403750347,0.16061034221461,0.439628202031697,0.0948286384466691,0.133620315166095,0.161328345106307,0.494566260689077,0.127177318916295,0.134612045916311,0.0487714753997414,0.502543300233247,0.0854498172723896,0.116379827779473,0.077776361594999,0.509562572984742,0.125078516050382,0.169796771215614,0.0555045013392496,0.0273646219455208,0.0722206743983057,0.0703113646263686,0.0689033868578661,0.026708049200862,0.0591819550257924,0.057851118870915,0.069302650022894,0.0285487083386523,0.0946557150272851,0.0887282334467645,0.0690204438612785,0.0476789254054448,0.188292623796744,0.137751102658208,0.124498994741805,0.0187144321019968,0.0533183962712762,0.0609816644697831,0.0591150511996476,0.0315561710340347,0.126551681919423,0.1119332760419,0.0986514374116177
2000,0.05,50,7000053,0.356071261947346,0.0994525078015437,0.0766161825609432,0.251317177354859,0.355727177024718,0.0710589540610582,0.0981526298516617,0.260724146752091,0.354756339082913,0.113063323711162,0.155073701054799,0.26208929086975,0.439599732562686,0.194890905004327,0.177172983241298,0.211651482395276,0.44583888015531,0.0923900854195102,0.130517785059515,0.221625391806017,0.451563499170094,0.151280735069516,0.250730867381263,0.226096455510094,0.0274118208295336,0.0717232105655844,0.0690067246832767,0.0734185986080634,0.0268560025747871,0.0582534268736422,0.0577293814751585,0.0736470585815689,0.0285191802764299,0.0913377908615897,0.0889873603087506,0.0739868889736772,0.0212466521041683,0.0694296886420644,0.093223876648451,0.0681702673892191,0.0175947944918779,0.048816495036466,0.0476775539222798,0.0541405361985353,0.0251359922836285,0.0917486034631043,0.0932594275009778,0.0668968470772797
2000,0.05,50,7000054,0.435102963622017,0.155642818765811,0.315727329864657,0.21126840639053,0.436178466323119,0.0970606974816295,0.244984332004962,0.20587408913593,0.443411652264453,0.164992491558692,0.36848303207086,0.205177739608392,0.44580241330035,0.228636552811479,0.249349990866272,0.204883564679413,0.452958152956508,0.162684713141695,0.19092911223214,0.207148993338676,0.443913289508201,0.260150342871506,0.333212087938501,0.233967218942436,0.0280226372496135,0.0667101843797663,0.0658196326643881,0.0762484345760495,0.0272210966586901,0.0552150847855852,0.0534538876255443,0.075906682615252,0.0288977072847594,0.0843413725971877,0.0805378249160228,0.0764968139241801,0.0230312891678639,0.0673298085794557,0.0716280990065819,0.0588429460631784,0.0188394584139752,0.0533121574183944,0.057866073963272,0.0651374461480809,0.0297076809449258,0.101163663240791,0.177171071387488,0.0977624796768478
2000,0.05,50,7000055,0.419429850984476,0.141943131916932,0.196591838898585,0.252783062076962,0.411221927801465,0.10862141953253,0.153789037772076,0.245351099365264,0.414126444169703,0.16842145658031,0.233738212220438,0.242430819443187,0.447438872691749,0.251559875526323,0.17091701000814,0.165501748364955,0.463963117775776,0.121834953639332,0.130707088116472,0.2154271346635,0.45004112954793,0.256332049458578,0.206993709912123,0.229174762333996,0.0275447093184182,0.0695711809929624,0.0700641133814432,0.0753446989696599,0.0269140561932784,0.057349580272225,0.0570887535227841,0.0751041245791766,0.0286749046865878,0.0872751644801716,0.0873522504471588,0.0753141200326312,0.0316525406782871,0.0995300681897706,0.133234356706149,0.11208342753432,0.0194906902033715,0.0567771213144951,0.05885782117251,0.0650292145954083,0.0336113845446573,0.117503531542762,0.12138798175152,0.0911482028734726
2000,0.05,50,7000056,0.425744448893403,0.0487166069906204,0.123988464686532,0.259099554763671,0.420892076811989,0.0460116717235189,0.0459412756681255,0.263019180023304,0.420159710427286,0.0761326824221247,0.0730518819098944,0.263807560161377,0.481678875744087,0.165990325481463,0.198652922618943,0.1617286681801,0.475786852697033,0.0829263734765331,0.0888969560999271,0.146986596211202,0.482438184526808,0.107694110560197,0.140313061071956,0.15963152909279,0.0274895839107231,0.0721166193979429,0.0698005452595087,0.069649265793583,0.0269020321801541,0.0578800596657148,0.0577302810800347,0.0700415007675401,0.0287266826988888,0.0892956481592517,0.0889884437565952,0.0701385928769774,0.0199078595412999,0.0550716058556686,0.0626373952158781,0.0570492130073533,0.0176187356157921,0.0463092971926907,0.047445390974402,0.0572828671504476,0.0241105125394231,0.0799805125594027,0.0959995909885407,0.0639527855435384
2000,0.05,50,7000057,0.415716978192454,0.186587173894086,0.157680492167478,0.199955973910036,0.414296256495494,0.159334200512473,0.106931866316326,0.196412035681412,0.416153811335575,0.253582517113363,0.154853693505553,0.194439636646191,0.451351297520961,0.211069494509635,0.145183620606406,0.0695050134487043,0.465821326012036,0.152435675229093,0.101291666986627,0.0876566274266474,0.494509482202799,0.197599120522413,0.193573945560123,0.0580965977196612,0.0267942084179962,0.0682563094612269,0.0698670055487985,0.0724940904753035,0.0262739683480957,0.0564775630916699,0.0551723211660133,0.0726083723543866,0.0277364661321112,0.0873506948513513,0.0811267495585362,0.0727759603164463,0.023303488902514,0.0630581082794791,0.0856593281486895,0.067898059238396,0.0207359860614267,0.0778306601566448,0.070845632782683,0.06682464628269,0.0529565502679796,0.224016716314291,0.129509199497089,0.151982381421366
2000,0.05,50,7000058,0.400685706090519,0.243194126223557,0.243292757568393,0.173334481872098,0.396426378456425,0.170509659692926,0.109074976336113,0.181634895623962,0.397144832951765,0.27500933479927,0.164219908769211,0.185126856550888,0.433291414533877,0.327934739269328,0.194195275087095,0.13241907663005,0.44074034604626,0.203296649814754,0.0960591833344062,0.127388376215605,0.420487358300201,0.364893633262279,0.142658881162431,0.138829593112866,0.0279041748090693,0.0697741651207066,0.0676445582003127,0.0723063885264431,0.0275309538960429,0.0579325313610188,0.055480869742722,0.0732874531072843,0.0294751822985596,0.0918668720494153,0.0842025671431076,0.0734983453071722,0.0211321562072252,0.0681100792671582,0.0940051067808198,0.0720592743243909,0.0185194403058644,0.0497262950813381,0.0550521577072609,0.0601897241463583,0.0285837182023512,0.0911986226202832,0.104115193095792,0.0725524547877999
2000,0.05,50,7000059,0.378694441335395,0.152081232636023,0.162038630840242,0.296893310229962,0.371443837547975,0.0782608916676487,0.0829261387946399,0.297331909612008,0.374188703668587,0.13170437202802,0.123811944714377,0.301104658950067,0.437111888214482,0.280935846618821,0.167376956804041,0.194564443611232,0.442244891040768,0.165490301677289,0.107239734841802,0.192177129304969,0.438359390502604,0.259709671382626,0.230179793093288,0.184099300249104,0.0267122436550919,0.0677518443322908,0.0697866367693368,0.0716666652092237,0.0263458654204154,0.0586883665568432,0.0596097452116503,0.0719643084814245,0.0279478292135519,0.0941553486560659,0.09395488170924,0.0724972783013732,0.0204608528052241,0.0611893334733054,0.0626346543051822,0.0602092990797887,0.0219876952438822,0.0646368034529142,0.0640735802234569,0.0796608801517032,0.0436487130269977,0.134646317194002,0.1079918168744,0.132622361791795
2000,0.05,50,7000060,0.366902451189736,0.191350240015306,0.245518856191363,0.163655908120569,0.36345972875128,0.098920245349352,0.129414826017054,0.160294948233491,0.367461043272097,0.143596074153694,0.194702120973323,0.156638334457509,0.423344977767955,0.219338234102284,0.193854070878413,0.150625108582386,0.431490498104632,0.1450901963797,0.121398044447802,0.136460413711587,0.420234920615281,0.244733370658269,0.179023020019564,0.143832867939709,0.0279362062645652,0.0700166802246985,0.0707627709224853,0.0682058562823514,0.0273287149974322,0.057778914716227,0.0577539774642949,0.0686649918804777,0.030393672438129,0.0896737374440655,0.091217377013585,0.0696580263444992,0.0269109119050146,0.091082430325033,0.0725730430865598,0.0607078766680174,0.0194402860195809,0.0562086681504239,0.0633377890673138,0.0568825968450764,0.0368547442649475,0.114696424651001,0.140608182466353,0.0799949398525567
2000,0.05,50,7000061,0.411843016494385,0.136726658100051,0.212944745493659,0.18209592824206,0.412066433885847,0.0532718585377127,0.116580714593297,0.17331821042198,0.412039583451342,0.0811175065865301,0.196456724097371,0.1769612395481,0.467867422075381,0.179412897127698,0.195368985147116,0.075165278982615,0.469130650235931,0.102375227269837,0.161026269727896,0.102973754707158,0.479269996256874,0.14589438000448,0.269826982189172,0.0947208629094554,0.0275927115779769,0.0704921665409286,0.0703530095324741,0.0753613710880057,0.027267279238781,0.0578333814342745,0.0588825992048298,0.0757365585388338,0.0298480986858516,0.0883661606740459,0.092095758266006,0.076236573016635,0.0274353528324146,0.0998289742886513,0.0828341284049288,0.0921168789426181,0.0190676514855813,0.0522590732476993,0.0515115364379299,0.063122210509274,0.0342390099146026,0.124394055853948,0.134738025676168,0.0939713656417585
2000,0.05,50,7000062,0.451071746898725,0.042842849409132,0.0924202615979269,0.199576341623023,0.437289999441839,0.0518861871868315,0.0126076839660263,0.202174499418251,0.439958652896693,0.0816283233163786,0.0151135913750677,0.198938248152492,0.44926381631298,0.233887619414314,0.11984832431124,0.129320535237777,0.460247348973082,0.149759923434465,0.0616333559085747,0.136299185705727,0.451918376763325,0.248292350943284,0.109875735744589,0.125070948901785,0.0280292660485873,0.0718022247589493,0.0727877135201664,0.0717722387718827,0.0271516492691495,0.0586739963711514,0.0570755157523217,0.0716341362837923,0.0290742256958747,0.0901219002481678,0.0849692657213155,0.0715651453473425,0.0215022169960771,0.0608532202613709,0.0962959939713807,0.0625849115272896,0.0174267397916463,0.0472400238635753,0.0513470166416449,0.0552821788916967,0.0289789063730461,0.107933926418286,0.10282222835719,0.0772978154520019
2000,0.05,50,7000063,0.367512091156925,0.283381953168096,0.16542019800331,0.274256997749469,0.362008076944511,0.222595578373875,0.0913216859916663,0.283397757544639,0.359037634998368,0.343414053182707,0.147386977897936,0.266599757092078,0.461182109083767,0.204869395359889,0.189047529478138,0.131226941794224,0.455348436355115,0.199116208378178,0.129023637617356,0.146246724652934,0.463644407589578,0.305981001867571,0.187500794926401,0.128808301359236,0.0278304439787228,0.0686773880858113,0.0670515423220369,0.0763202408587373,0.0275935375110103,0.0570463353678745,0.0547745979157102,0.0760608686123992,0.0294875873892316,0.087190436434524,0.0826246413146262,0.0764412292339048,0.0349270387304764,0.140122731164177,0.0896001827555518,0.0934875237694727,0.0191399400252668,0.0518975923321637,0.0633108422181097,0.0624344662535094,0.0368127203411473,0.119946605618953,0.146443436498674,0.086834024879574
2000,0.05,50,7000064,0.373643039009097,0.253557247517866,0.11278438413522,0.216923466159454,0.376056287975261,0.129587680524148,0.0359219531005399,0.206960750854354,0.372664805166046,0.193591665706925,0.0662161675158253,0.209829887114114,0.46401130421147,0.195381494919679,0.150581155514398,0.168612041549803,0.46843098577046,0.129719908215859,0.0787516162308639,0.15887081537372,0.473926537988077,0.187066904013359,0.105354134573849,0.148169689189182,0.0266024287708242,0.0659890410082472,0.0706765480182282,0.0709212243072671,0.0263758380194607,0.0566824397118403,0.0588176029833092,0.0722704638278702,0.0282834390639835,0.0851620684432836,0.0930500398655586,0.0724229953337785,0.0239174020506762,0.0684480085056658,0.107901439524676,0.0802026451854747,0.0178782372155762,0.0533408579264181,0.0588105433914112,0.0661062829147082,0.0373549954193785,0.161229735668331,0.132230714504511,0.0975509102071248
2000,0.05,50,7000065,0.393738129832264,0.239245279076201,0.354530865576177,0.30863159855966,0.388897669701568,0.164923401234003,0.226679276840137,0.289661988465084,0.398999664426584,0.241869522680347,0.341884281355145,0.280133204497797,0.418653398250017,0.234037372053386,0.177084817197705,0.214268812360241,0.423699803502471,0.164408528763615,0.083366835976134,0.204112886856687,0.399827336580687,0.277848233126201,0.0856092423873723,0.199306905759286,0.0263178859293027,0.0632164683769413,0.069141195360938,0.070809348498798,0.0261205347300143,0.0531700890909327,0.0532176715239772,0.0717500663500659,0.0279473746611291,0.0792019152591725,0.0800275062984676,0.0721168448183061,0.0248675726707156,0.0662811771600843,0.10371869734271,0.0663142679904796,0.0180329811461581,0.0447688568869456,0.0595840964478343,0.05833576925436,0.0319394519259381,0.0725993885840094,0.158012879283873,0.0695193403425665
2000,0.05,50,7000066,0.379897101392795,0.209314876903406,0.173868698004019,0.213042307655732,0.382924033108588,0.138774313846251,0.130695766395754,0.20991669890376,0.385343749589528,0.216434288001948,0.210240483660784,0.205473225539625,0.482133919043942,0.192232208873567,0.167274242061974,0.151493235645638,0.47452587729799,0.138823154599813,0.089740690810955,0.165413117559535,0.471249462062168,0.210231552170443,0.127898996786339,0.158960068025096,0.0272281844976237,0.0685597527469901,0.0714010337488901,0.0741364364071188,0.0266641772109464,0.0575846964040162,0.0597208770493852,0.0734815621698264,0.0287356395221676,0.0894723041815438,0.0944290781644874,0.0744160126529995,0.0202805314257419,0.0603436702381126,0.0619062688656764,0.058617044319228,0.0178820019995505,0.0525132741328593,0.0560666105553533,0.055519474566972,0.0370827134023374,0.169126193719981,0.14602647332984,0.0774349748154206
2000,0.05,50,7000067,0.402633084886158,0.122325101640757,0.131751962574929,0.196636017407392,0.38763881662655,0.0939759726500531,0.0953407894022832,0.198135712952296,0.392126816475659,0.130745369187813,0.143587009119678,0.185036350669552,0.456725453290214,0.163499422935796,0.189342845786561,0.0419291614373176,0.454631657379558,0.16040677509435,0.0707181744907781,0.0618613237599857,0.461115529914361,0.259119920054059,0.115386624598449,0.0190440543188795,0.0278658904082682,0.0699971837135987,0.0680264301691525,0.0733259419320881,0.0271564559073437,0.0555390588007425,0.0552621851334769,0.0737243499025212,0.0291311593103155,0.0819127703679396,0.0807611063906757,0.0752437263280928,0.0209129916731927,0.0595146953235415,0.0665139499007729,0.071849247753234,0.0187731126634876,0.0472412522665359,0.0710816698303832,0.0647259065607959,0.040889640257635,0.0827051804049138,0.20185365665381,0.159067241984207
2000,0.05,50,7000068,0.438637114340614,0.176716851732476,0.240668208325463,0.0270937968240471,0.442485955437582,0.148334373424929,0.191571519002196,0.0342156410475274,0.448828425065237,0.229597896041259,0.304512794331338,0.0256826277078072,0.49299973139721,0.166613006910883,0.192358297560916,0.0701707790485332,0.485444003713263,0.13687611392066,0.14907774228026,0.078195566633106,0.499381182516519,0.215243918813185,0.221058532589664,0.0557905951505024,0.0276506156157704,0.0680903450347145,0.069551923088366,0.0700874693589739,0.0268383700041192,0.0559892879921522,0.0567206284426372,0.0704798018592779,0.0288085889375506,0.0854749935150374,0.0881798642709707,0.0705027589401619,0.0201806533248556,0.0558784014731293,0.0591942796514982,0.0647175950169489,0.019477087750022,0.0580711130164866,0.0564841441068146,0.068179979822574,0.0358661557086476,0.100267755724308,0.109292786750509,0.122086643579331
2000,0.05,50,7000069,0.385065359812147,0.152105061325997,0.200086544753756,0.262043611425278,0.378931751488234,0.0695633581307495,0.12273730589016,0.259487180946638,0.383348203412714,0.121283142630708,0.196360300275149,0.260850337357827,0.413215651086043,0.260285949699693,0.132188060526646,0.145256369053034,0.443464660188316,0.110079345542121,0.0948436936374029,0.151805323788365,0.439250054445388,0.143405106839776,0.109853792250917,0.240508748712407,0.0264905928031956,0.0681203522821132,0.0710898028645955,0.0703237016816248,0.026052238554423,0.0573223141779851,0.0583264916161889,0.0704934379627438,0.0274025573452335,0.0881775168719947,0.0918457465768517,0.0704711207700641,0.0262060913931369,0.0597720207812656,0.108264736540891,0.0913051007594019,0.0197799114009198,0.0751564625850558,0.0754734470709537,0.081566556164744,0.0464530268358861,0.187782009970144,0.232567388243081,0.19318546037587
2000,0.05,50,7000070,0.370907501580571,0.176325655568107,0.0332999482730403,0.170770343222354,0.374389005629223,0.0720822493347566,-0.00869943160089917,0.173702545007835,0.371217391500285,0.113203328358824,-0.010700980662864,0.177195031203064,0.483922153144516,0.232051428016443,0.148404631966704,0.0231748273316464,0.4960451507495,0.135131337996003,0.116336666889247,0.0368940427208777,0.505693036386462,0.219949616123455,0.204298171862664,0.00116738047816182,0.0279243698266383,0.0688879266547757,0.071464337688341,0.0742875834986082,0.0273707373484736,0.0575431106129998,0.0564201460690765,0.0750476432317316,0.0295912801050489,0.0895254251817957,0.0844242205241974,0.0752120429173438,0.0341111775778373,0.118728065927392,0.113951986524985,0.0818668800286369,0.0182547596588608,0.0542770002242176,0.0481955063846463,0.0591203334594907,0.0307218970333691,0.122011478149414,0.0835910362543591,0.0791689882630591
2000,0.05,50,7000071,0.399695898115047,0.233382230913712,0.0844932884913658,0.249554074531507,0.409599201115018,0.0639508465846044,0.033111342842571,0.234399412964877,0.409788640539708,0.0963511753433561,0.0531429747365098,0.2392402545598,0.413381085525747,0.252982429759022,0.0739202421817173,0.227658180886387,0.441493669439974,0.132411432461079,0.0901944553259897,0.202020865539373,0.443998970782463,0.191066233042142,0.160893613558246,0.184326894577302,0.0269713486033482,0.0675439708255736,0.0712420036603825,0.0707299139522379,0.0264566735568273,0.0563625535475003,0.0584710184288455,0.0715504129949676,0.028388241900127,0.0856527342298953,0.0906260629999149,0.0719890730137734,0.0206009133909892,0.0660373283544408,0.0755472061580374,0.0575144605018257,0.0178232899854989,0.049183248758317,0.0529371402733985,0.0555332108532529,0.030728350985098,0.106093342424326,0.120420402869237,0.0736124012451755
2000,0.05,50,7000072,0.359581008505015,0.135000379580558,0.0818221967978081,0.214637809264893,0.35672491440006,0.0417703363703646,0.038979916917396,0.216781626397205,0.350879629326887,0.0654377240677889,0.0506047189917445,0.223829424839195,0.450858650074084,0.221086942163012,0.166437229943439,0.0950978462987177,0.458421048993072,0.131535181499446,0.114323652794746,0.0917282007994115,0.453947785795889,0.262909017496341,0.211346135636736,0.0842677699544521,0.0275389180127459,0.0721431991037631,0.0695029703216178,0.0740251176660753,0.0269984606309001,0.0596983146559028,0.0572717451050603,0.0741894653330259,0.0292524645055957,0.096363274791187,0.0883014200954468,0.0742647769147491,0.0219165119996532,0.0694818952284634,0.0711582543927736,0.0710050313321457,0.0178384907954383,0.0495002998887249,0.0502839906153038,0.0578714066000138,0.027988635542722,0.103555643042948,0.153460947986281,0.0904637940976279
2000,0.05,50,7000073,0.381356436399964,0.276518478443024,0.153298297218854,0.303314604192867,0.385730763280052,0.208216793322109,0.0853140235880045,0.286073883597175,0.383112488353416,0.319829933351348,0.123215774082679,0.293227000864069,0.46497068031203,0.23902885447364,0.128789156995589,0.189354280456868,0.461015397637884,0.211809541493305,0.0906501448004865,0.171394535912657,0.438745588121113,0.367950849490813,0.113556968977547,0.159276670861282,0.0269936730099112,0.0675118326278397,0.0661374270372903,0.0733515712536143,0.0261847865375828,0.0522686030874193,0.0537518533650932,0.0736937051764814,0.0275847062261424,0.0780244754483085,0.0786994125007945,0.0733843058949626,0.0208201457729856,0.0610604658269924,0.0740173679411107,0.0669440986069008,0.0177010469206548,0.0457562042100551,0.049314946928365,0.0565386837211356,0.0243099239208073,0.0875537034872261,0.0851533526351277,0.0693667994289793
2000,0.05,50,7000074,0.398745215066825,0.0987713421422979,0.203257780475699,0.164174098180495,0.402769572055131,0.0319798809788221,0.164226280386181,0.156947532198978,0.410558225882145,0.0535233777935918,0.248455933826779,0.159208495067319,0.458815583707576,0.190959319010968,0.189714633335423,0.135027630771536,0.45796281883284,0.149045532406443,0.142792234380481,0.126178104648228,0.457769298014413,0.208450257982855,0.212915899000598,0.108374435001718,0.0268444870798765,0.068318950541615,0.069394040468473,0.0728697307755185,0.0263921485357841,0.0557806407916963,0.0569444868843475,0.0730479470131987,0.0281276196132277,0.0841739295086678,0.087839409817421,0.0731425336541024,0.0237885136822746,0.071929428678288,0.072901162102804,0.0635813221245793,0.0181314504902642,0.048685217459829,0.0573529657476359,0.0607705209820516,0.0324726268978122,0.093930825121486,0.165821832636247,0.0911616415126243
2000,0.05,50,7000075,0.404585858090369,0.105527294212927,-0.0047437457705331,0.3134269049329,0.408930604151355,0.0292491505659451,-0.074053627795058,0.304834534278205,0.407168110105865,0.0453522030091427,-0.112982373390433,0.30486240945123,0.485838506751976,0.136407800250862,0.105879178807849,0.12649754091437,0.475590755709779,0.0942920937438791,0.0248562823428107,0.12089131914443,0.461850451205092,0.158870738664579,0.0366484133919728,0.140194298070825,0.0276534537183544,0.0701374760222257,0.0699236839886455,0.0699112999256127,0.0267535316107564,0.0568603181615538,0.0562663893798168,0.0701683883712866,0.0285517431873518,0.0863066160862384,0.0849854330165827,0.070684633219919,0.0207062937826267,0.0584906600079775,0.0723044812326478,0.0600546697194657,0.0178379267365089,0.0466188744914248,0.052040926777756,0.0546649198698799,0.0259999895501924,0.082195635488027,0.0925342804693925,0.0650357422069703
2000,0.05,50,7000076,0.396337933926294,-0.0137359649802876,0.19284880101388,0.265914697754129,0.392488137178491,-0.0611039593548133,0.1097520714011,0.273689687085917,0.40214331018742,-0.0889527698952285,0.159664107155654,0.270005421173966,0.433590429897269,0.181084645272933,0.151808106455919,0.115061072915372,0.431031492664528,0.105019188801461,0.0781367865153859,0.140594407138755,0.420095288511999,0.217842346083803,0.0971697771031556,0.104793438523268,0.0270666546598369,0.0675009284504883,0.0689834910921124,0.0731734082777107,0.0263834067383549,0.0567177934029349,0.0547332309292829,0.0735972154763986,0.0280308803957757,0.0870507787347394,0.0807729817626009,0.0741842110075368,0.0264368191495734,0.10558463365536,0.0886101348740263,0.0788432817433446,0.0183083763797326,0.0540497130519066,0.0498060160549271,0.0596352192105807,0.0288849315321457,0.12055225391097,0.140552296579566,0.07571369957198
2000,0.05,50,7000077,0.40633462184612,0.166720975836115,0.220240003674693,0.244112691291191,0.39648375840676,0.125158727045938,0.097141197090812,0.244701175048313,0.400579340314022,0.207319958450442,0.149529478086338,0.244599438106907,0.437404623123618,0.181605989089993,0.0679617936376239,0.180597099985645,0.467857313593083,0.07850914154333,0.0595635261312382,0.23869784662404,0.473693117359555,0.0494737094966876,0.0817998194906085,0.335066025670102,0.0278007332039814,0.0691345206281192,0.0698202311110009,0.075227603358085,0.027255767957586,0.0572275689365988,0.0581278541641651,0.0756667172017373,0.0292154585887617,0.0899865613175708,0.0921790464077522,0.0760418564488057,0.0240481388836048,0.0744956659538975,0.0922676132174509,0.103785284877359,0.0202074315004153,0.0794457662267659,0.0973525982416242,0.0763554723791939,0.0480137296801148,0.181085930215177,0.235040065134385,0.169097436990428
2000,0.05,50,7000078,0.395456464054461,0.0644540819224053,0.0154222549500231,0.244356413490616,0.386892506189429,0.108953471761638,5.82068725508478e-05,0.256953485398061,0.381045886544915,0.167831586377296,-0.00496518337944408,0.263456345341029,0.443831545634487,0.0850586848898326,0.108858359964886,0.18402998126993,0.445856701137953,0.0981999619282218,0.0827411579258217,0.193486897603145,0.442873260148766,0.152698988238803,0.130561530564876,0.220269403176742,0.0276252764613862,0.0730773489876706,0.0681536141644571,0.071787824635371,0.0270812052233717,0.0581974075527518,0.0555936001536897,0.0717024047003935,0.0295798434159128,0.0915247267346326,0.0833457177518689,0.0720301307814346,0.022967553169055,0.0658717304530676,0.0725873602730822,0.0593710060692512,0.0181333065322212,0.052493762245421,0.0607125115180131,0.0565587590387972,0.0298800307001942,0.104626644085694,0.113366831831855,0.0750418428209837
2000,0.05,50,7000079,0.440941672281524,0.225748250988747,0.215386632091155,0.249290553047421,0.436669898496709,0.120531889053119,0.0977531965399955,0.263476841363956,0.437924209445437,0.19905751156476,0.144946380033993,0.259620303701554,0.473632968869592,0.22316727664036,0.20823396770763,0.17563130246728,0.472998479748755,0.148756889050077,0.104190332861288,0.119551521381364,0.465796656292317,0.21948537688327,0.163666179505352,0.112511590657525,0.0274334682476215,0.0718601263759185,0.0657839200919055,0.0684491249624649,0.0270310976916549,0.058515742946883,0.0552937415859197,0.0698702720736944,0.0290992065408564,0.0923964981720388,0.0820751224689081,0.0697450572849199,0.0376386116535013,0.137718437362754,0.128013656201307,0.0780424869215502,0.0182643559088332,0.0497219544371071,0.0539842184517365,0.059347781404953,0.0353526198644926,0.114921623767122,0.201437244527982,0.0975693187449355
2000,0.05,50,7000080,0.405763789394582,0.100115919349356,0.0768944326382288,0.172177693925554,0.412233114699021,0.042010057982014,0.0974424514864584,0.166290404278887,0.414768619960647,0.0754513782399563,0.148774740707493,0.165065380889387,0.475592187378113,0.00245809468406599,0.240390103147544,0.138732508551916,0.469109360959706,0.00539292595321643,0.171641687331696,0.171451628017442,0.506154817719167,-0.0100548227014179,0.454929225305587,0.224092846239295,0.0277401768657098,0.0728185749701211,0.0727448759686908,0.074561274434619,0.0273215284738207,0.0578541743969173,0.0579138890475245,0.0743955832132542,0.0291091803538441,0.0897947339106629,0.0899562782465674,0.074445964894939,0.0281965040157942,0.0832197662713839,0.0875935043290591,0.115638793491489,0.0183453914995976,0.0508985823282722,0.0531431337877225,0.0602420761414931,0.0349632600851238,0.0904207559529496,0.101526957372389,0.0837480286396544
2000,0.05,50,7000081,0.379615563316495,0.100255802336814,0.0542035750945434,0.285633297366258,0.381085136199747,-0.00662236620119322,0.00481603999326406,0.285130375991701,0.384637789450552,-0.0115801818412612,0.00119692529536583,0.28360234010054,0.450309153931971,0.187249957730095,0.0797606095765053,0.140871674867303,0.464267316136576,0.114262565078717,0.085615388608328,0.124090161832915,0.473420523475114,0.179304238221595,0.134339306943158,0.117772264797412,0.0279411173912329,0.075084342300239,0.0689321060305771,0.0744286864704805,0.0271528436512422,0.0614436609796307,0.0580171664173025,0.0750049298297406,0.0292373112088975,0.100844282551398,0.0896982325110476,0.0750011773066905,0.0217153665762834,0.0640528490863288,0.0662804822350489,0.0671346516902107,0.020458645083351,0.0679199452606516,0.0554338098888212,0.0631327091584301,0.0323209834711177,0.138819195466726,0.146588586285221,0.0827708225042567
2000,0.05,50,7000082,0.446098100590767,0.229777688606235,0.13783590320143,0.202106644255903,0.440486690436179,0.15930086963744,0.0725210284606369,0.199046577686372,0.443021491888418,0.253723202199342,0.12315687540287,0.201634994141181,0.491799276647918,0.172413683768205,0.117752368886484,0.0590359974998882,0.482310630207743,0.154020585694272,0.0665318528870931,0.0693116250107603,0.477196251614042,0.266264841979838,0.124620723622241,0.0462745135734014,0.0272076250385886,0.0690638814830578,0.0707721708294918,0.0760290175236712,0.0266146105435563,0.057437205844853,0.0565995709073955,0.0763855571831527,0.0280100845881805,0.089657798767594,0.0870657610374633,0.0768119111724458,0.0281918749930488,0.0865785214286749,0.0813356361778808,0.0872135931595472,0.0198546049164367,0.0559887648295005,0.0717749953195349,0.0673078355275317,0.0346365331368667,0.154282349911311,0.167988558674611,0.0979369481865777
2000,0.05,50,7000083,0.421758778735182,0.180540364872281,0.0430264189504079,0.0978045781462951,0.428067516772352,0.0938730944053646,0.0444711572094286,0.0959614249859181,0.428346505610308,0.153599369459068,0.0653725006884142,0.0954464510369912,0.445087172832631,0.260392531689978,0.10094067825065,0.0754450393829907,0.451364990240132,0.156734105469856,0.0498963783554192,0.0799867931324704,0.411276759891973,0.312097631499439,0.0614556075470229,0.143814437004538,0.0271357122405096,0.0721211764625634,0.0676804395036748,0.0748675085141508,0.0264707066745824,0.0601570087651246,0.055793874990909,0.0747948257833176,0.0283168986401251,0.0969797530475756,0.0825227727177644,0.0749000099902119,0.023387112770812,0.0654984259311238,0.0945549952046856,0.068799192545966,0.0176382288625588,0.046400121049803,0.0497118806297564,0.0529713069517224,0.0301757343904687,0.0868202849760371,0.129118861468284,0.0674197792561202
2000,0.05,50,7000084,0.395713711309929,0.344370682645954,0.0481331840220606,0.249416404483813,0.412673574205461,0.19955726543184,0.0642785718475247,0.236782531393161,0.408284364999815,0.301920564519705,0.0977065815910101,0.235985428663499,0.430964239269804,0.293211206347213,0.0110529365162162,0.131253009630627,0.431941392758128,0.173265440955337,0.0250089747460386,0.184167012140667,0.371638644695422,0.32764903007749,0.0100290342511103,0.218352769913953,0.0268047698557603,0.0666550925041836,0.0687199631748834,0.0696102148551658,0.0263905199817662,0.0549965670419769,0.055758230192558,0.0703812051831992,0.0275827967085741,0.0848004472150016,0.0849312981883394,0.0706277743619199,0.0255400573086751,0.0863898295866951,0.09662534950503,0.0924152653611574,0.0204287506867704,0.0726519010867938,0.0653732185834769,0.0831894511852131,0.0408280967204725,0.853196177909501,0.770458231600492,0.249269763145096
2000,0.05,50,7000085,0.367118457787198,0.185706382845086,0.0507799013009451,0.169345291814926,0.368129074054149,0.127352243580602,-0.0278270205134836,0.156966508752048,0.360084064423878,0.201841228003481,-0.0377574509223642,0.163325507041369,0.426686655405028,0.242362607170528,0.0753315303884261,0.163213068744141,0.440968394511792,0.163768866615297,0.0347573636274973,0.13190977186817,0.424066704728773,0.280049375202573,0.0317277799007272,0.115230363592376,0.0285947974365889,0.0682027780078828,0.0681521999388855,0.0730778252766332,0.0276783789349267,0.0570161176022132,0.0568357276537183,0.0731809823604023,0.0297881695653633,0.0874330400299249,0.0851092350550595,0.0734359004029571,0.0199962640000395,0.0552821731781654,0.0737978027725246,0.0660158856430627,0.0188063811835662,0.0513532494391471,0.05308466778798,0.0612639370250865,0.0289491485369901,0.0950600988694148,0.117399835367851,0.0907223405074818
2000,0.05,50,7000086,0.407737150880562,0.182048449883688,0.120706146960668,0.0450324124762178,0.408820044270412,0.179323257238777,0.0930078365582203,0.047731877472918,0.402628430238243,0.273949985440352,0.14342307909203,0.0481946904768282,0.475383685115819,0.19250173050016,0.18391052502691,0.0744672455812518,0.476698985554243,0.156086329257323,0.127783286012098,0.0541200008561068,0.470076582230474,0.247530604945914,0.183099170518567,0.0182704325509512,0.0278572544229791,0.0729738518135283,0.0690895813778626,0.0744708743178142,0.0272253514425713,0.0560607476736641,0.0551490215600816,0.074644706704987,0.0288572212983004,0.0858525669414123,0.0819384421756078,0.075613387720031,0.0211291289295153,0.066099099306654,0.0678229442487049,0.0633422391691951,0.0176922230209439,0.0503006953640678,0.0508285025879088,0.0564218559785443,0.0265817531164036,0.0952184031150636,0.0926568728982402,0.0685452176441049
2000,0.05,50,7000087,0.40429423623705,0.106302893942329,0.0945201160896169,0.151918378772572,0.400117418472454,0.0899995177828353,0.0578869306222421,0.14704068155663,0.398757084949829,0.148377059309873,0.0921848799820399,0.144371500931425,0.452570249885142,0.136969478460199,0.14946569780502,0.228434425967636,0.449630662779942,0.108917953512886,0.0997825396040726,0.210406662162873,0.432015360312008,0.191681697305185,0.126770118824027,0.240291436676711,0.0275430484664178,0.0701273432283679,0.0714794615480638,0.070906585273545,0.0268500879356108,0.059817069095591,0.0560607169837416,0.0712457998549285,0.0285647839893153,0.0978079652654543,0.0847195465191958,0.0711111970617767,0.0263333983535028,0.0808135172748374,0.0908253520798453,0.0783074053642657,0.0198396498588608,0.065828953732841,0.0601692786104653,0.057266635499644,0.0425431770620863,0.16568808843783,0.187339173535071,0.0680556291555338
2000,0.05,50,7000088,0.397034863970661,0.0854592635488702,0.110910517790125,0.307756005713817,0.386322746016301,0.0964143545080295,0.0619558240968063,0.308323660857342,0.385378793800553,0.141111529684071,0.09337647044824,0.307255111782439,0.463356999749227,0.122662095337997,0.112386619352417,0.113060565385645,0.463387551970901,0.084138510076356,0.0360053999936017,0.127260267861842,0.453302957142187,0.0863405788817338,-0.0336459394042955,0.134041298266118,0.0282506862467425,0.0716333622267082,0.0723092446031678,0.0737920528255994,0.0275547300843468,0.0579130771650867,0.0590568495900691,0.0739361407416669,0.0296567188291669,0.0880802117808408,0.0894176131724352,0.0741700961511753,0.0238514319087202,0.0831301592988124,0.0712738987019633,0.0618519082989239,0.0205264577655363,0.055591368969056,0.0796766877710348,0.0670400618450427,0.0382893432059705,0.12499962181151,0.162544027547807,0.102604876602493
2000,0.05,50,7000089,0.404269052255996,0.147582427182969,0.076383241667393,0.187502175526709,0.406350800251894,0.0422852957523172,0.0297431384099252,0.18714741111927,0.407672819329059,0.0609322174163003,0.0435246273675291,0.190474944310799,0.442836216031162,0.141680741074224,0.0444833484442281,0.166140598601263,0.458649220701412,0.103025630268321,0.0674956830767829,0.174760562013764,0.466533595955734,0.12639284376373,0.119742524012198,0.187854353501893,0.0285567950494364,0.0676965340110976,0.0742580962338643,0.0763242253876522,0.0281919927495941,0.0554021067365411,0.0588277321156347,0.0764032619772435,0.0299294631394023,0.0814457612566897,0.0908342545095462,0.0767667151132328,0.0242354775355525,0.0633503974766356,0.0834696041272443,0.0744443340973556,0.0196106754986287,0.0570053671832116,0.0521976261731998,0.0567887757710459,0.0351515486352226,0.120644914968514,0.114922589827678,0.0893238539145249
2000,0.05,50,7000090,0.433181250590102,0.174751562280503,0.146397505996377,0.0979775956217842,0.439719226171736,0.0779158430870272,0.118376146405293,0.104971036547282,0.442833869212278,0.132943281412151,0.178828406082631,0.111243361896178,0.477951348926096,0.22679854323687,0.143794445842058,0.0560642006259262,0.475522383036049,0.149860209766763,0.0850056046920387,0.0484487662316233,0.469448119419061,0.254458432824737,0.108314840705331,0.00874055635845955,0.0286012799471853,0.0725839738876583,0.0675740941362109,0.0761380521301319,0.0278552670847011,0.0599719043634594,0.056329447256134,0.0761161297076091,0.0295172963354767,0.0960495382489976,0.0835284689813235,0.0764967531758576,0.0218978016598015,0.0622906473782135,0.0601737734384284,0.0627004711153373,0.018805197965831,0.0598868196977216,0.0570822858384664,0.0620649446501641,0.0421441620356689,0.130447801707036,0.158124393273801,0.159816933554903
2000,0.05,50,7000091,0.410050776803292,0.228091548063176,0.155588328173038,0.279666649634305,0.406088355187096,0.131096299361082,0.091392960893444,0.280444713836908,0.407400367588249,0.185046792864758,0.135566855304872,0.279240938635077,0.456205988500862,0.234484522583687,0.144994632289897,0.146125130865799,0.460977649626016,0.128963492251919,0.0833698270164042,0.161370711366389,0.454731342704311,0.225478435560432,0.118403252276417,0.176173815037267,0.0268523210617749,0.0644808962418024,0.0713527630756182,0.0729638109245935,0.026510453586806,0.0524562319289625,0.0574651396308343,0.0735453889376909,0.0280129116506133,0.0754245801385824,0.0886901151624393,0.0738652509337672,0.0237991681187946,0.0651575665403281,0.0737094149178303,0.0690247252216663,0.0194297201870293,0.0528726124013499,0.0582533872898063,0.0644498092073669,0.0301011642326981,0.0873357424737016,0.107944845784247,0.0862017070153075
2000,0.05,50,7000092,0.407041677527054,0.11544191395187,0.228056747353289,0.266777679088774,0.389260402053236,0.137791598740709,0.176381205272288,0.288877093864617,0.390625631325186,0.2112881380527,0.280177764352503,0.28150027160611,0.451006507826458,0.244413465269522,0.216783011401482,0.176771903742023,0.462856606880837,0.176794347323776,0.160517859199672,0.146554108107852,0.453470665658649,0.323880555022441,0.254919108848893,0.136360721318565,0.0267592806296484,0.0651701039723278,0.0666864803603152,0.068596282997273,0.026301732054291,0.054894351299321,0.0562792542386954,0.0678915031704261,0.0281981349635641,0.0832019870273546,0.0877081539808924,0.0683266075631765,0.0224336443931921,0.0788431813442959,0.0901799815507588,0.0643443211696112,0.0188100747373853,0.06066013855434,0.0597457545756491,0.0549777849017179,0.0384262075946215,0.180739821275339,0.162666834470354,0.0773991732428317
2000,0.05,50,7000093,0.403289423882743,0.116604794635669,0.0800172281878734,0.112534305312961,0.397999001155637,0.0460434292750801,0.0429164570539382,0.110840820614408,0.399388296307695,0.0725292180550913,0.0643057931397877,0.11136400050784,0.441709935484482,0.187340560587026,0.057885073816739,0.0948712697173739,0.473017723739221,0.0639230501045929,0.0624849193253806,0.100818983219014,0.496021306168226,0.103139751727066,0.157504058670078,0.0441673711291084,0.0280672459568195,0.0672980033040356,0.0701545481167125,0.075170047869692,0.0272162252647875,0.0577250354160227,0.0562192724357827,0.0757318030204828,0.0288219134532318,0.0903929534392996,0.0850617089464123,0.0757098066016528,0.0309726936935853,0.07150849679585,0.226719574830929,0.13634131221922,0.0199943459267106,0.0558972600579664,0.071074662338094,0.072711827750066,0.0404536801512713,0.314186020374531,0.355547814952238,0.114793857810209
2000,0.05,50,7000094,0.386980777826903,0.104344006803187,0.127444666317182,0.172110135935582,0.382154774904275,0.0726407802144988,0.0966641288509632,0.170270731406642,0.38433541714515,0.122648151736706,0.154833535047479,0.168019431132895,0.433436743849765,0.210709604187828,0.116185290177906,0.104232616840771,0.447249821829193,0.139613195524372,0.120800604464645,0.123273027955394,0.441228860052773,0.227285169390745,0.195002671145975,0.136288153249275,0.0275295222176172,0.0699381305374791,0.0734397521972466,0.072728324640465,0.0269816609079236,0.0599148245704024,0.0590249333157842,0.0728846879084362,0.0284750106400481,0.0962452016896119,0.0921387645745434,0.0732745875777612,0.0199203309207264,0.0552147909140698,0.0645120964533567,0.0647225580075538,0.0181642110527431,0.0485154952942956,0.0604665124368038,0.0604616533460634,0.028576633275183,0.0979938435840209,0.132352916615345,0.0814957667815179
2000,0.05,50,7000095,0.39778639566291,0.0806454366703609,0.0705816284302052,0.251656252509782,0.400980006976873,0.0353403733201408,0.0875709360819214,0.269566361143581,0.400816978723719,0.066176219322982,0.136021001931656,0.270219248500693,0.4343234182891,0.301926072993534,0.114414009640313,0.192023191433157,0.441678998999627,0.176005281676446,0.0680780905800414,0.200146936667961,0.378400962224418,0.383868181971078,-0.055907405315487,0.248487865726508,0.0275272695097423,0.0714255715865995,0.0701039505456936,0.0736979518693961,0.0270158943491485,0.0593964844627651,0.0564041950291061,0.0738375595138209,0.0291149886608181,0.0942002347296325,0.0853146859971524,0.0744101749707236,0.020889362735823,0.0573189024867585,0.0740151749751404,0.074004108685849,0.0188620042520556,0.0522521080243755,0.0542270768511806,0.0638750549461183,0.0294034724237443,0.0873372578857127,0.100563209829554,0.0952342741611409
2000,0.05,50,7000096,0.377688881289064,0.0422586405759908,0.162203226053869,0.312369978182173,0.363424681508259,0.0370490969653451,0.0932154308032735,0.310752259158073,0.367647692741966,0.0665594575864995,0.142349730430059,0.309685533395214,0.427767516414741,0.174407380253614,0.146775923101798,0.241519547506937,0.442828283179931,0.146519132412098,0.122316157982356,0.237047096122679,0.431894265587409,0.25868843176093,0.206959488963013,0.264439005782516,0.02641505686744,0.0672929990017633,0.070835163809578,0.070113171874619,0.0259436672585939,0.0560555521817303,0.056486664421355,0.0706041397187322,0.0272604697687855,0.084855295487459,0.0873640190052546,0.0708449618657776,0.0305162397560223,0.122047533057133,0.0798363297758634,0.0562952548479057,0.0181590953282665,0.0559647125024401,0.0507072960507707,0.0502918136526123,0.0386513614919752,0.145734080491388,0.0961852421684467,0.065728867843215
2000,0.05,50,7000097,0.398346221708331,0.0216202527145821,0.161767187686282,0.30479628842912,0.396843759105389,0.00168045112147539,0.152924278971776,0.307012041693739,0.407325279135644,0.00238867702152591,0.233252277371424,0.303079792567103,0.469912641016896,0.122411399546928,0.156613895884933,0.165830319530099,0.474754551885229,0.0813356223208099,0.128533421371413,0.165546430525468,0.495400532528263,0.095916941846543,0.259477793757816,0.150565551693811,0.02711908257472,0.0695932892048031,0.0693282765551252,0.0721876173216882,0.0260892502834598,0.0548953666328648,0.0573382862861336,0.071971004237885,0.0280059375355248,0.0811861385552893,0.0888644078832389,0.0721098365505719,0.0227668643846332,0.0629060998275016,0.0685102415735277,0.0656124431163059,0.0178968083846911,0.0489692978044378,0.048686274136748,0.0589492908245873,0.0265176786003504,0.0966342328665997,0.0922801254188993,0.074627346131702
2000,0.05,50,7000098,0.411133935549123,0.181083884596323,0.135623806951714,0.159564439223334,0.40555948224783,0.107743564811711,0.094547748821593,0.164860990147022,0.405274120718313,0.175619812538495,0.159555276227047,0.165559758795146,0.451632513808848,0.239763169125913,0.156802375435575,0.208102228577321,0.469913030020668,0.116137604263564,0.100883914085098,0.198985019020347,0.460314639241079,0.210052637803639,0.10403545378753,0.239346946766174,0.0276136613402651,0.0684918671204611,0.0689726827330504,0.0714524022516247,0.0270058015761279,0.056098347308958,0.0568423107006735,0.0720584397374894,0.0286473828345523,0.0853715069122352,0.0881392404677477,0.0726904752943862,0.0228156665592431,0.0784705440323021,0.0943666852939616,0.0975604079035061,0.017760189233885,0.0472747249544573,0.0490078733812311,0.0536123671815145,0.0286932160742942,0.095027099377187,0.117397208811114,0.076520612993179
2000,0.05,50,7000099,0.39622644019884,0.120228633725313,0.0964378147007485,0.241634185682298,0.393338102211517,0.0716666571815286,0.0144310727252665,0.241729624043886,0.397538436289353,0.108879936985469,0.0202317163324952,0.231297411592018,0.450273666552842,0.191815630418747,0.111455728522131,0.107064760914455,0.442173533888446,0.144784923389348,0.0500220700646173,0.162001082866714,0.419641205783004,0.264289160243355,0.0506497855950392,0.160084721884678,0.0276320343214667,0.0659767025461108,0.0688623670547408,0.0743484056828573,0.0272038364209362,0.055693340215277,0.0553809109635422,0.0749087265193435,0.0289454795721533,0.0841197943465547,0.0824663504404407,0.0758987684646032,0.0229310926180471,0.064540738157942,0.0600521011568958,0.0636367607138723,0.0194068082471018,0.0500757843529254,0.0619287590310008,0.0626688704590639,0.0350776046928786,0.0954613990935519,0.132962813707641,0.0874056961399762
2000,0.05,50,7000100,0.425643262171001,0.143531856849912,0.123820265876501,0.16892898612814,0.431889239105475,0.0758468260813323,0.089554320367708,0.161694323962947,0.434987708129082,0.124159962111994,0.140369509445565,0.159232441204931,0.461491254860658,0.234314113066846,0.15267572823735,0.159399547551149,0.45492826862555,0.150600285938508,0.0507978351061683,0.181797659187637,0.427034237158012,0.284553235284564,0.0591217473898175,0.177617828217558,0.0273877148980411,0.0714984044051076,0.0719460811222103,0.0717276639802774,0.0271128333708413,0.05802326076366,0.0576060647980628,0.0719699255719757,0.0291890353204935,0.0892301597822817,0.0886113513750814,0.0720484624060623,0.0225069381936313,0.0810047322478944,0.119422238067349,0.0629268475608593,0.0173963613075413,0.0494123205242612,0.0550673082619261,0.0547849304886441,0.0297954273180157,0.113803268568694,0.140512451971937,0.0786078315073025
