"n","vare","B","seed","ghat.OI.1","ghat.OI.2","ghat.OI.3","ghat.OI.4","ghat.NI.1","ghat.NI.2","ghat.NI.3","ghat.NI.4","ghat.RI.1","ghat.RI.2","ghat.RI.3","ghat.RI.4","ghat.CI.1","ghat.CI.2","ghat.CI.3","ghat.CI.4","stde.OI.1","stde.OI.2","stde.OI.3","stde.OI.4","stde.NI.1","stde.NI.2","stde.NI.3","stde.NI.4","stde.RI.1","stde.RI.2","stde.RI.3","stde.RI.4","stde.CI.1","stde.CI.2","stde.CI.3","stde.CI.4","bste.OI.1","bste.OI.2","bste.OI.3","bste.OI.4","bste.NI.1","bste.NI.2","bste.NI.3","bste.NI.4","bste.RI.1","bste.RI.2","bste.RI.3","bste.RI.4","bste.CI.1","bste.CI.2","bste.CI.3","bste.CI.4"
800,0.05,80,7000001,0.411810705454375,0.132743359884626,0.0238805556851231,0.238898702056526,0.408374308176357,0.119853051941979,0.0415181830138915,0.26476698162063,0.435520210390211,0.203019261371067,0.0570499821989292,0.258100902050736,0.397758008383433,0.160248039141139,0.0283073049959407,0.266145189165758,0.0327425656127444,0.0765807439664824,0.0767878365090605,0.062089032100306,0.0264508804446114,0.0546973647281893,0.0526440913249271,0.0563583217370794,0.0235651052115257,0.0839233745120135,0.0751899184759393,0.0564969797296303,0.0382920084899279,0.107970305492938,0.0966042737476836,0.0626073612806561,0.0329829496117059,0.077680729503329,0.0775141411301178,0.0622586243059302,0.0265347668741977,0.0549516694449265,0.0528825035380543,0.0564652333623382,0.0236407357815977,0.0845664866379178,0.0756397997272358,0.0566512022341177,0.0386261156436793,0.109113702967325,0.0974507103908574,0.062768653633918
800,0.05,80,7000002,0.461966314361262,0.308654675584639,0.222662100687665,0.131708275467249,0.455740883840414,0.228908610330509,0.123617131797532,0.150759451072304,0.473276425989243,0.290480913638021,0.141975510616448,0.193494725865742,0.435196847482007,0.389883301326429,0.175206453976305,0.148378033511981,0.0344140480316613,0.0726038405009018,0.067461611881636,0.0857964481502403,0.0287969983016129,0.0517120237030141,0.0487477655831898,0.0853550788820167,0.0283943015923968,0.0916333474631554,0.0823916148193963,0.0951988337607944,0.0402913692373116,0.0888246926960796,0.0846914084522839,0.0985898512244609,0.0348855485061861,0.0736839085836227,0.0679353693163195,0.0877638116891262,0.0290698954090821,0.0518586514306326,0.0489344108265846,0.0880617145659326,0.0289439599860148,0.0938165176050873,0.0844667739819119,0.10258442636594,0.0409090646017746,0.0894998837717233,0.0852619765096538,0.102781124335462
800,0.05,80,7000003,0.398228199141775,0.242212626486504,0.0300478142108603,0.205268280482175,0.404812685499478,0.156998192411388,-0.0174782037739862,0.188405954876356,0.427888424676834,0.307923660183671,-0.013007050291659,0.13784137711271,0.381877304719155,0.279767362920926,-0.0108116578925165,0.187502559337174,0.028909801239562,0.0675935497980664,0.0659151725646697,0.0684777334657725,0.0259734860915314,0.0499288824840497,0.0503835905702587,0.0646742638535091,0.0211745110401572,0.0738758563422954,0.0705041232353375,0.0634138261703586,0.0366890600579283,0.0859952900285385,0.088357875297613,0.0732658613450359,0.029022651925509,0.0681853748814064,0.0662947421134744,0.0687415444967414,0.0260310247972957,0.0501277572978706,0.0505956994167754,0.0648956310578655,0.0212133270554242,0.0746246116439561,0.0708925537789532,0.0638301586450012,0.0368649453926615,0.0865555658241194,0.0890262938926647,0.0736826665354385
800,0.05,80,7000004,0.462318895730032,0.174759557232926,0.077458899096596,0.124020881640382,0.490829916120592,0.0147717616483461,0.0642467504548513,0.153978714420993,0.483397704480474,0.142836943948277,0.0954997071214025,0.160992075044014,0.512935781193577,0.00401969013291485,0.124817457999439,0.137083632579768,0.0287917861005283,0.0690276385804696,0.0682503086666214,0.0685445395057929,0.0251505766603231,0.0542137509035827,0.0505417569680632,0.0623893867520942,0.0222216349558482,0.087946214218898,0.0709031619591905,0.0648224670404815,0.0344651768851464,0.102588703619925,0.0886604959399826,0.0693855272678025,0.0289124951974052,0.0697608833797919,0.0688426087139992,0.0687506061474776,0.0252161560260062,0.0546115427993604,0.0508111995777326,0.0625671515863342,0.0222651052946305,0.0892423234204459,0.0713676252299594,0.0653325382303523,0.0351180370613316,0.105946130166277,0.0900847424123936,0.0698065689704791
800,0.05,80,7000005,0.438070842825495,0.305239795766102,0.143415154317213,0.0624152343836733,0.472287860628206,0.15161104391254,0.121431058252079,0.0465066236358818,0.472838079623111,0.188025641315796,0.19190068256281,0.0659122506031524,0.478670088065205,0.195039274605857,0.176040816074553,0.0288521464471765,0.0294344867103694,0.0602196800648628,0.0643177610391572,0.063850190238562,0.0288448848719516,0.0605195875455148,0.0531522237070008,0.0662937071549584,0.0268369476226252,0.0921215450470744,0.0835580700130001,0.067407068252926,0.0420391697895082,0.118050050310417,0.0998440760106591,0.077933845825405,0.0295702904074318,0.0604834550814374,0.0646147027480801,0.0640877419153615,0.0289673955394799,0.0612657261186627,0.053347951231335,0.0665105154180969,0.0269929681102241,0.0936772033401969,0.0843343323515904,0.0678492644478815,0.0425704828217219,0.121352885364696,0.10065089080172,0.0782889314391443
800,0.05,80,7000006,0.425547687362679,0.26779331955004,0.0839301976542627,0.120405574590245,0.445018861348883,0.119207452661851,0.0872571490392164,0.102600206783479,0.432203970473858,0.189608598724983,0.160976485446345,0.143724042865759,0.421529196348861,0.181873049584291,0.0863502033912478,0.095009849534081,0.0291607564223842,0.06661933844122,0.0641241553901219,0.0659700365796266,0.0277513723841671,0.0509565427738528,0.0559231296879032,0.0641893963966547,0.0237745584536839,0.0759758022372484,0.07052220698019,0.0619400440408595,0.0451760765638462,0.0922488810081408,0.118809016840457,0.0730117795704695,0.029259240023238,0.0670142496389095,0.0646394448078347,0.0661210088297553,0.0278796906950195,0.0511507432476129,0.056394657016077,0.064328552888408,0.0238715316134127,0.0765964514010271,0.0709723988003464,0.0622800106648616,0.0462053225723476,0.0930542250018228,0.122223225132683,0.0730497746928551
800,0.05,80,7000007,0.454801554622717,0.220587008707592,0.169047695238746,0.109819813105966,0.469128356423365,0.104453894976645,0.137795229956099,0.136214792705317,0.442282929097107,0.312389990241937,0.211027169605303,0.0984401965879105,0.490869462238314,0.158511926382556,0.277270427603415,0.0892564744899682,0.0313052469594074,0.069179153829154,0.0758733882437729,0.0655511124348954,0.0278341047170398,0.0542273956053236,0.0560657379066653,0.0640240899120438,0.021787055409063,0.0776303696768636,0.0706024846397912,0.0648761201655451,0.0421322384773221,0.104679279582863,0.106589751887585,0.0757937208271335,0.0315349862948448,0.0696118725491016,0.0768878794391004,0.0657633812172264,0.0279594517754027,0.0545205250797307,0.0564263731990596,0.0642231409867999,0.0218511848083474,0.0786149735654425,0.0708253091280899,0.0652619805211709,0.0427230067627693,0.106693578665859,0.107780458231136,0.0762004337064687
800,0.05,80,7000008,0.498368983837703,0.152423307240486,0.231691364100269,0.0643470594812889,0.467532243393342,0.178656064521055,0.13034277631863,0.0927089509906129,0.441969265507022,0.248863636755244,0.247684820095123,0.0765690445168754,0.446126348447763,0.34131986900209,0.138639062444886,0.0743578266813752,0.0355109821066391,0.0808710111976073,0.0692504050377633,0.0647595393481936,0.028347583387105,0.0571464017389244,0.0584371904664649,0.0600616773685402,0.022011915209742,0.0644554468605034,0.0732316500082544,0.059822743988189,0.047494126328027,0.126365741725582,0.125825185458299,0.0678529118835362,0.035895008085351,0.0819413974503516,0.0697086721597424,0.0650829546338188,0.0285267978769458,0.057668921234367,0.0594074632649064,0.0602420457402739,0.0220548789079182,0.064655995588314,0.0735505743013654,0.060125615455477,0.0501218997529201,0.130526829361351,0.137349643360728,0.0679189462416949
800,0.05,80,7000009,0.513174853185634,0.15698637120312,0.116309400304365,0.0968870646204044,0.491268727892133,0.122895078532238,0.0203395427679804,0.108649104357407,0.491481800303437,0.262803609938511,0.0415429974493413,0.156915406588345,0.515330031568616,0.167712019850251,0.0651512075443266,0.127845605990304,0.0369359866576441,0.100689502320284,0.0675242131953563,0.0648194055065891,0.0285266532637868,0.062100480225192,0.0540145379752682,0.0635508254627736,0.0232969182563957,0.0786765909678274,0.0728852427047608,0.0598821811176834,0.0436586752224871,0.141700243237607,0.108401403484186,0.0744555476490855,0.0375776859659558,0.104202715850455,0.0680424734675981,0.0648399942071023,0.0286938524102322,0.063028042278233,0.0545548913073542,0.0637889341185148,0.0234064134111243,0.0802029867083482,0.0733317164285586,0.0601236394331151,0.044776441135752,0.147919786999627,0.113406759873252,0.0745239751893307
800,0.05,80,7000010,0.478511000764003,0.116437529334812,0.193775836032162,0.0803816025399031,0.46504907426985,0.12445111780628,0.11301098691655,0.045741911404106,0.508019069884107,0.151883837185653,0.173452596970469,0.00343523738072703,0.484951771947716,0.22194452440986,0.257937131293604,0.0218427224862767,0.0365744218937728,0.0745734856052811,0.0790245132401395,0.0648126784139377,0.0290838430323305,0.0697054281971268,0.0606464826013444,0.0757028865269513,0.034313587283162,0.136970693204896,0.0839245004065505,0.0838419755169297,0.0496660721866938,0.147273376024424,0.133825585923844,0.0942267011926449,0.0368976504387769,0.075227812592461,0.0797610199775604,0.0650343852543745,0.029139793428413,0.0731326055291748,0.061500986440751,0.0761169413740054,0.0342741141576256,0.151914353492884,0.0818382104913725,0.0825582419307118,0.0505526495070923,0.169212222980533,0.139172944071884,0.0935636987276491
800,0.05,80,7000011,0.495048575886697,0.100385832157092,0.209831296895968,0.0803288852286769,0.49650558428104,0.0441594083513608,0.172963167011115,0.0699907923451321,0.462315621890917,0.0390201272303765,0.179324943429499,0.136252127078746,0.512352198814408,0.0551740900068245,0.282799790576913,0.029309333008841,0.0337191761387613,0.0742183406602957,0.0932658412794739,0.0658526808470039,0.0272926625259119,0.0547170737618465,0.0531538184376141,0.0680216688728849,0.0225394107273544,0.0728231024347924,0.0721904282452631,0.0606856029074009,0.0385275892181467,0.105547116974944,0.0989727142201665,0.0842482666337032,0.0344051143804373,0.0753185332087371,0.097641606737882,0.0662074794634347,0.0274138512215782,0.0552614639328449,0.0534723777291601,0.0684926793700572,0.0225615151467295,0.073717639819384,0.0726179053548132,0.0610460198396126,0.0398789384049987,0.111779369002792,0.100172807344489,0.0856351643322871
800,0.05,80,7000012,0.448424338660723,0.0761307561109335,0.158688790859901,0.156031477651406,0.45807407144852,0.0484194686622386,0.116993348938776,0.184616922160078,0.464054613488161,-0.00952556169599273,0.142286097407945,0.212954871708148,0.466100641207922,0.0571935024096006,0.181258474068446,0.213867018703122,0.0317732031288411,0.0740061640833714,0.0704941772381105,0.0734203698817712,0.0259199414709644,0.0529075366067373,0.0484220896308441,0.0630821852559212,0.0236022178350999,0.0886920444878601,0.0743487983586455,0.0627640265194969,0.0356310657920694,0.0974365467128982,0.0818813816942899,0.0709560793589763,0.0319917371314792,0.0748711102610519,0.0710049699246398,0.0739921266648418,0.0259870891608746,0.0531821368599764,0.0485826712288324,0.0633192237165388,0.0237601171091686,0.0919238841639729,0.0748977467150078,0.0628138503162314,0.0359438704276517,0.0989868865455528,0.0824043238531901,0.0714206880524085
800,0.05,80,7000013,0.475330577159102,0.261987682817569,0.162344448298378,0.11075717884666,0.481532455157752,0.14847739318124,0.0928827154635153,0.110211551580064,0.486889854759229,0.191090630353215,0.19796749376656,0.146855960194859,0.468667643334596,0.286832563345341,0.106603832171281,0.0887981204748654,0.0281335677289708,0.0639584584632563,0.0707295360581105,0.0673060996495184,0.0255284682058337,0.0504005087925264,0.0574482996266077,0.0641734014482188,0.0234693098058508,0.0791187810976789,0.0788732206135204,0.0631217587123983,0.0344741532684299,0.0883567861021256,0.120473577060715,0.072028733387978,0.0282275432783967,0.0643998632234888,0.0713519909840017,0.0675507343607647,0.0256055064987036,0.0505387947390451,0.0584292569528734,0.0643539884168956,0.02359079279319,0.0800177740557067,0.0803407230169837,0.063497880136289,0.0353961786761578,0.088190450784168,0.130063690113949,0.071958850415004
800,0.05,80,7000014,0.429480089572883,0.276641916343963,0.184431524182079,0.185101476733588,0.434900766591644,0.138497520635924,0.118881541972725,0.170756919867137,0.445478441578282,0.197148152950016,0.119186165729167,0.153002992906074,0.427096771798831,0.23022298457023,0.196474515718915,0.136858437681326,0.0271376099396359,0.0565608934807951,0.0637013881259643,0.0673838833361363,0.0244519151287554,0.0515069509948392,0.0530325330549278,0.0625916914253192,0.0216059026851936,0.0765038141982819,0.0773845544462884,0.0628236347086233,0.0356669349806416,0.0920789380070534,0.102300829463687,0.072352425791374,0.0272634082547848,0.05683398655821,0.0640104699469762,0.0676216523224637,0.0245281310612692,0.0517512375074143,0.0532807470473941,0.0627662386429834,0.0216450553067044,0.0768344713978859,0.0777898061717362,0.0631428997912452,0.0360652010356706,0.0929904150980111,0.103697812456194,0.0727019529736333
800,0.05,80,7000015,0.415370535744365,0.13662812610523,-0.0382790135466653,0.19476481808019,0.450404921272979,0.0302611252964202,-0.0323484120850444,0.170569495210781,0.490810374311291,-0.0522756603526057,-0.0386170383595259,0.120377827035494,0.486510281051512,-0.0382432591387956,-0.07207522325723,0.103337832083842,0.0328273263385886,0.0780900386502835,0.0657098191665111,0.0696160198331274,0.0343068580538978,0.0729757477417024,0.053518021173319,0.0740403938779211,0.0282768706935439,0.138697940398403,0.087103158105729,0.103778974678754,0.0654674221945841,0.171923037152515,0.0989926226097168,0.126217167794781,0.0331229868670851,0.0791756988900714,0.0660295633670345,0.0699340502701411,0.0348281004399709,0.0748246411455592,0.0537487626491991,0.0748067319814144,0.0287595551843928,0.149651951464343,0.0887204889769139,0.10919230186573,0.0689241309657071,0.186509977044758,0.0996840479377605,0.131057643839501
800,0.05,80,7000016,0.401965227161211,0.319903461662628,0.196011068173554,0.162127950543231,0.443762230990351,0.113663344328791,0.102662440101836,0.171112358112657,0.416799337696871,0.212905583114153,0.165000088483409,0.261500364958325,0.421981825436309,0.201138885673797,0.187690685843396,0.196986373079273,0.0298112127377549,0.065959467014452,0.0756730920140116,0.0610991178344307,0.0277943586858591,0.0550578541083701,0.0552732352918381,0.0612409294374166,0.0259955057449841,0.101093428505751,0.0877850279185598,0.0681650049061367,0.0425502555844851,0.103737388203855,0.104281194307943,0.0768053855619733,0.0301321651336406,0.0665412665803198,0.0779193554207874,0.0613161701114333,0.0279509646985346,0.0555958717437399,0.0558017050226283,0.0614461281253833,0.0259966143817715,0.104292900490393,0.0908629486131352,0.0685182057611196,0.0432918898993662,0.106240915372989,0.10565246727462,0.0774794638288093
800,0.05,80,7000017,0.423786606811719,0.286058992209678,0.219239576280839,0.142192197627367,0.422313171833502,0.198306622954645,0.0971707069951405,0.11301265598223,0.450277636739003,0.281246851745742,0.164643665298576,0.167376913834456,0.369874665855991,0.35666598901946,0.0383330754682603,0.134577494895253,0.0299945501876167,0.0705755026099261,0.0649059314865606,0.0620997332788483,0.0278820968959485,0.053192240741073,0.0609752514128755,0.0602344963970036,0.021995059702562,0.0833190418998343,0.0767146847968734,0.0614933873158166,0.0447122681170585,0.106242775069573,0.136809922018018,0.0677989240711983,0.0301601930602032,0.071085338312688,0.0653584185056405,0.0623367358476998,0.0281323505674188,0.0537544335793606,0.0619953019130692,0.0604230135427048,0.0220119293682446,0.0849795951613612,0.0773530775252707,0.0619308612055595,0.0467388898793914,0.112460982819327,0.142852804270474,0.0684311947351545
800,0.05,80,7000018,0.453117366988227,0.166993040940167,0.170060417751394,0.245129137772204,0.456130812317716,0.0865157487894461,0.126457164594621,0.244419988318504,0.458054883963421,0.146988816810191,0.17118175512518,0.24405988742259,0.464553747546717,0.142883017465741,0.207573404162286,0.257848698888581,0.0358292101118733,0.0749364557451884,0.072662090883814,0.0657525498857563,0.0283224686281218,0.0528759472345255,0.0515903327720313,0.0639838954517876,0.0237021168631492,0.0821202045471229,0.0772047991972021,0.0673579445876769,0.0449041306868737,0.101602678161458,0.0891280072635462,0.085060701045366,0.0362387606179603,0.0762025781346814,0.0734427614396167,0.0660975068297371,0.0284503543234442,0.0533535179133109,0.0520152608722276,0.0641952561941596,0.0238001340817,0.0835388523219129,0.077827546773204,0.0680467746514919,0.0457849377205394,0.105662225902185,0.0916980097871704,0.0856637154906279
800,0.05,80,7000019,0.456207060127557,0.222020432169164,0.0881842005620202,0.144447294426081,0.444529812319897,0.207615608720332,0.0204224491771744,0.128239891887255,0.473070218064702,0.264705608671042,0.0974338192311181,0.20330367934697,0.402357204286326,0.394924468596876,0.0199183385470093,0.129468792574593,0.0317611639880306,0.0703773226659155,0.0700724527318546,0.0643630620632935,0.0261303922514562,0.052247455197396,0.0535986550470528,0.0651468219611941,0.0239062958577464,0.0742875266794321,0.0773665407234103,0.0682349297048874,0.0330788175525868,0.0957461319338159,0.0980269084579403,0.0747108177735565,0.0319227455787933,0.070696330060663,0.0708480539941163,0.0646698108420243,0.026284785372208,0.0526565235167787,0.053909772292395,0.0654970870842996,0.0239821822113619,0.0745880005742863,0.0777893698488384,0.0686906734159281,0.0340008940325601,0.0990227978804064,0.0988134154464014,0.0753807005342848
800,0.05,80,7000020,0.468176498133989,0.0502463615018275,0.0757210672164238,0.240591932262112,0.45833633619935,0.0340926960799292,0.0463721785818177,0.240974382068856,0.478942065951988,0.0744097604679204,0.018254664375898,0.224244972063996,0.461176325379829,0.0397364254014733,0.056098776834316,0.237178212108208,0.0339339897318901,0.0664854437634824,0.0732873584718608,0.0689908677809052,0.0251669431880914,0.0514165986940057,0.0504566232753567,0.0614313574826678,0.02346318427215,0.0831544403187315,0.0771194089640458,0.0661977793340379,0.0333398380033584,0.0904634251505779,0.086741445726447,0.0666801278676737,0.0342071126092219,0.0668181161112345,0.0738783430824027,0.0693090867022274,0.0252257086999084,0.0516207655203103,0.0506980278253185,0.0615829425813403,0.0235322636652248,0.0837987194389117,0.0776520140401635,0.0665567007860019,0.0335918054448972,0.0912217548790825,0.087905964351858,0.066861122020825
800,0.05,80,7000021,0.448222974537249,0.355174319836786,0.177049533514471,0.086731500440278,0.459729668886707,0.235769982455006,0.200335019693923,0.119957888292877,0.452706088977638,0.417388855346349,0.340832270525338,0.157425149284729,0.447053194869002,0.369157122291554,0.289922815777236,0.0943981738207205,0.0315621928437929,0.0767232366656076,0.0894227378757317,0.0821122550788808,0.0258732636128492,0.0595712226941952,0.0544184733256895,0.0669515591025519,0.0218004717622934,0.0694550834700238,0.0811960409041501,0.064284166551526,0.0367611949301233,0.130510439229959,0.0900642660573019,0.0740442092146624,0.0321083964894326,0.0786167643264522,0.0937120879783711,0.0825985824242315,0.0259616460575681,0.0604886817518688,0.054976013175493,0.0674938993215232,0.0218318213714639,0.0697967247216113,0.0822029357632296,0.0646814057169005,0.0376360509460915,0.13883700242102,0.0922249622183804,0.0752457366219893
800,0.05,80,7000022,0.416284503309979,0.210068183009911,0.0552788701002181,0.369608811931579,0.423088936344836,0.0991887769349132,0.0354976791019858,0.329658511177714,0.43098384747105,0.156337318751935,0.151357913097876,0.257250919560692,0.422655410681312,0.0847343214797869,0.104629072457453,0.341835870431699,0.026699307899392,0.0654997947543998,0.0649048801969189,0.0621996306328331,0.0260740339347056,0.0564147765035831,0.0535103354816457,0.0637432594117853,0.0238652574844506,0.0871643906031681,0.0933628541755474,0.0684576805915039,0.0411065963646532,0.120587475909029,0.113344399821714,0.0785226408119307,0.0268060824323179,0.0658239201413394,0.0651831556906765,0.0625420510330279,0.0261773785538512,0.056907047899332,0.0538184484958291,0.0640015504671771,0.0239418915449766,0.0884362946402599,0.0950181741081843,0.0688790574803571,0.0430192896276892,0.12991922184342,0.11625601117567,0.0788719629375061
800,0.05,80,7000023,0.480061912818102,0.243810561965337,0.143633860554816,0.137439715529176,0.478750100193602,0.141306741653468,0.125480795354729,0.190212138944865,0.489168334304022,0.225226921089108,0.284981402241913,0.205716981323236,0.485517136706483,0.241743907350019,0.236868912797615,0.173152143379616,0.0323656283186839,0.0730860210979904,0.0795577099725596,0.0945365118746076,0.0264772038893816,0.0530145390273228,0.0508539040741836,0.0633339854732039,0.0230387442619287,0.0692387419428588,0.0797322138247913,0.0627644415416874,0.0379721397101774,0.102159369208683,0.0942942767010688,0.072796433451342,0.0327513627391196,0.0736219703251714,0.0812130417106677,0.0965761866222546,0.0265613524158377,0.0532707892118021,0.0511109270085836,0.0636012187760539,0.0231148319732395,0.069344376950331,0.0812398681852525,0.0633705508847605,0.0385317906864731,0.104008638825677,0.0955622656776659,0.0733136641313228
800,0.05,80,7000024,0.453386960510374,0.173897808849838,0.121320370651027,0.01078952399196,0.455295560327853,0.147088525281752,0.0693827335941715,0.000266598916938635,0.43780891843763,0.276131309768248,0.0543020127594711,0.0436919930969551,0.461120197821077,0.188169543902409,0.133219450524965,-0.000546871786012202,0.0312355866558883,0.066801942312145,0.0651054750631689,0.0665661276324913,0.0276874690202639,0.0532540440372902,0.0526556362476369,0.063117288163669,0.0213173631542514,0.0645971009161972,0.0701450302014602,0.059927758853984,0.0462321744371606,0.100689690271484,0.109759316581586,0.0680287478994165,0.0314322252962761,0.0672148564386407,0.0654324517010358,0.066805767267507,0.0278048535715302,0.0535244643320058,0.0528874213391478,0.0632972145533392,0.0213493166886811,0.0648887494311366,0.070585367985649,0.0601529606898845,0.0471668290495931,0.102150489504324,0.111926104803966,0.0682434105788874
800,0.05,80,7000025,0.413607073231568,0.193785646674908,0.192366382306138,0.221132267050773,0.464679902547741,0.0385783850593265,0.151537187800212,0.180608970823241,0.448594728595187,0.0980107260241264,0.200101540517358,0.139464109251453,0.472029996360112,0.0281010157362801,0.215745820352662,0.186919811686568,0.0320352837927858,0.084517445288883,0.0800240999692687,0.0717150386134642,0.0278788708987695,0.0584940211503902,0.0502854791429006,0.0623793105930428,0.0249524093556494,0.0921733321552904,0.0778282375624578,0.0738826627078996,0.0425066168054691,0.116362954972544,0.0922408441251886,0.0697781282575205,0.0324676634225818,0.0863184714486705,0.0816094048171859,0.072278011273859,0.0279816100407393,0.0590401537451648,0.0504668083953266,0.0625903408154754,0.0250344377777102,0.0931604323417288,0.0784078729721437,0.0748823694396969,0.0430933620076824,0.120346977823919,0.0929021364798479,0.0700743428196232
800,0.05,80,7000026,0.423558682835695,0.164150912064821,0.204436136994662,0.140985696738923,0.458903352767973,0.0330596047149064,0.2084844410039,0.146261582672102,0.416320113461219,0.099792935604633,0.305376164066551,0.101136585075098,0.496799101823711,0.00829403389542175,0.378969322984086,0.0916023990080986,0.0324178448001394,0.0614741440849538,0.0768155070595508,0.0680621224402244,0.0314481217519653,0.0530233790952971,0.0586434471901603,0.0649637312425231,0.0227624026369221,0.0752725574218998,0.0711388515759462,0.0668799777354359,0.0486525221617278,0.0939842303330832,0.111419326208818,0.0748541248505065,0.0327611488892682,0.0617596330495416,0.077814506581985,0.068582382517629,0.0318627889830654,0.0533448556892952,0.0596839418459797,0.0653473598140886,0.0228295001676227,0.0763113468700309,0.0723133820018481,0.0675984859011703,0.0506378498440562,0.0951658100351664,0.116785960386664,0.0752921418289562
800,0.05,80,7000027,0.428281984519701,0.337369257284412,0.0691419192021157,0.133932824667277,0.44539768045927,0.194932056617525,0.0475789092507895,0.132000800253958,0.468074765996626,0.320630307556262,0.20306403310169,0.103661451078202,0.398113876480003,0.331847350933686,-0.00382837120614761,0.129775165246006,0.030699267851015,0.0836032043505102,0.0674947947997389,0.0655303066536533,0.0266355547189062,0.0557459443709188,0.0516627230399511,0.063278605804547,0.02160635336005,0.0703857790555606,0.069376778802175,0.0595069533419762,0.038227054607567,0.116742053413765,0.0945752161385074,0.0717099710775047,0.0310374680685577,0.0861787299245311,0.0678446511055799,0.0657520878187687,0.0267236465821702,0.0562839468912387,0.0518876257685266,0.0634621135233841,0.0216394711641688,0.0706735726079532,0.0696799117546289,0.0597106171974322,0.0390323641079282,0.122220102099127,0.0954778602852602,0.0721859080233217
800,0.05,80,7000028,0.467801119981724,0.138479760010343,0.243398252712241,0.220081739278631,0.486609969168846,0.138442862426385,0.225019774637407,0.172037650735474,0.445427647618681,0.208692905210453,0.319912468175235,0.205740487174809,0.503632284664126,0.227215883486531,0.397561031755551,0.183700874674819,0.0272421811817618,0.0706075247797011,0.0669647334037861,0.0684499104217868,0.0240553629712181,0.0489052806586485,0.0493223253111626,0.0617380494137337,0.0201495786465033,0.0684739398433769,0.0707657589138088,0.0584372705057746,0.0316017782758421,0.085371437079132,0.0832833279403779,0.0670945076456523,0.0273803575699325,0.0722691991967675,0.0682407216063547,0.068821982591658,0.0241581529340603,0.0490666507468163,0.0500261140793013,0.0618919307361955,0.0201806961517356,0.0687036338222868,0.0712282811658421,0.0586634356758091,0.0323888589300418,0.0859548626882007,0.0886127671486791,0.067164040437878
800,0.05,80,7000029,0.434780409246693,0.2848103616235,0.144330659445648,0.130488952562803,0.461061065201497,0.149390277022939,0.0585138119923546,0.163131086513625,0.481565424555864,0.120910991583742,0.118511356498058,0.163894879778527,0.416953141149464,0.356425131385531,0.0360048399351406,0.111555692971289,0.0316528950827056,0.0817430984407508,0.0724335450824929,0.0753167951440221,0.0267595327152326,0.0625651125881906,0.0528509002976888,0.0685235067180161,0.0228763470360854,0.0843637636984004,0.093986740229907,0.0800651383000692,0.0394446023554366,0.133615310464388,0.0994857508267621,0.0848732704157828,0.0319611195052162,0.0830769040287997,0.0729815423945808,0.0762456923019215,0.026895022177169,0.0631616095668001,0.0530675899079996,0.0688732820145873,0.0229053676388851,0.0847719890582102,0.0952383769603546,0.081343652130868,0.0405516436955375,0.139867291330713,0.10054507030646,0.0857184107488133
800,0.05,80,7000030,0.549433558544633,0.140004469048072,0.343370263416388,0.0594397812228321,0.562734955588678,0.0284694305500202,0.227665585898603,0.0519739358542318,0.50538633624638,0.210467833495287,0.274635853776714,0.0561343625950796,0.650618000956156,-0.0438278088708079,0.48182159837773,-0.0461614503242416,0.0321661980044732,0.0718976900997927,0.0682407357564819,0.0692669341555056,0.0322189112483249,0.0613218739545604,0.0528830307534777,0.0636501805458633,0.0278064972908278,0.099572725039287,0.0735742782595539,0.07136887716382,0.0459340945182641,0.100288665155913,0.100735123393103,0.0793515563167872,0.032733310843391,0.0723548791628873,0.0725704478408495,0.0698162513819167,0.0326643504315788,0.0625270292632423,0.0532435463503545,0.063885393796183,0.0281077240258467,0.102159463452564,0.0735256953208222,0.0721069660529718,0.0483343227933313,0.108113366016178,0.100534780402126,0.079489621941988
800,0.05,80,7000031,0.453552399554989,0.137476992079357,0.0190736878916221,0.129952790480889,0.474805075918343,0.0409853737253373,-0.00441962580571205,0.132786215005923,0.516701581897255,0.0188523655970518,0.0125429785888014,0.0962967042350868,0.492666120919546,0.0162072611152584,0.0319002737068663,0.0749898726302569,0.0337661522597621,0.0730554501992704,0.0765046590231954,0.0669600628695144,0.029999823273374,0.0586355237492863,0.0559562882566868,0.0624411759770264,0.0251374272457645,0.0941001816035917,0.0799855404953183,0.0694898925233709,0.0478975493099573,0.115558087595853,0.108176054294168,0.0736667954468814,0.0339681176777026,0.0738364904201848,0.0770451005313271,0.0672636390021476,0.0301237290717742,0.0589192431365734,0.0565152982693865,0.0626599028648218,0.0252059648327253,0.0952506169378961,0.08098158170672,0.0701702150541927,0.0485098502333142,0.116886334334575,0.109791508356823,0.0742172322909791
800,0.05,80,7000032,0.376699887983183,0.260406945538107,0.00360073220915708,0.248662682303424,0.430997132292863,0.160247536003416,0.129545038302278,0.216792957328168,0.428772262715365,0.159871714963495,0.234156670465692,0.228876007252719,0.41843659951879,0.274335531845887,0.160532898563532,0.26579954741148,0.0404214478485316,0.0672822057200037,0.11059800976462,0.0765252015148684,0.0271254531477403,0.0532149325147579,0.0572377085763385,0.0654641014656841,0.0232874086219135,0.0767881801908596,0.0863074967440686,0.0675708483885002,0.0412317300458753,0.108473707896793,0.114585001624513,0.0805460628461288,0.0420469867274895,0.0677125931462628,0.117966790513055,0.077219373911868,0.0272194680524456,0.0536145172653819,0.057601693210203,0.0658142287453342,0.0233581643538622,0.077159721168227,0.0872360685339137,0.067838759792231,0.0418347441292383,0.111490381007981,0.115883861039147,0.0812199302862552
800,0.05,80,7000033,0.458494242545179,0.193074975592079,0.246924747697387,0.132158338108916,0.44337133611101,0.16107599478726,0.119731022373051,0.128257977363694,0.432791541751159,0.264728847063533,0.204646908126277,0.150579714724559,0.419637894153405,0.252592868277908,0.150301776167917,0.173020279300771,0.0286438724858396,0.0628411134831156,0.0641034778999563,0.063898370002361,0.0265283564167905,0.052163792725933,0.05202674400271,0.0631975134240132,0.0214950270907469,0.07149494498563,0.0712552495450308,0.0599245689150853,0.041134441238636,0.0996721126372895,0.0971068287062886,0.0786851104138725,0.0287336740183649,0.0631171994300861,0.0643854172366343,0.0642293315916812,0.0265975855894295,0.0523794381712158,0.0522435114045881,0.0635562726947848,0.0215458900134964,0.0717915272598894,0.0717211028362922,0.0601436611952677,0.041642781607593,0.10095344657515,0.0980406679117535,0.0804125059535155
800,0.05,80,7000034,0.361043619206269,0.349192093115058,-0.0264020907060906,0.087051714487174,0.416335015043795,0.172087193903515,0.0425889179759027,0.081261923624736,0.433514148918753,0.245756071539693,0.15396390702864,0.162143558206575,0.420278668041881,0.288380853794428,0.138199422332022,0.0619712358504836,0.0318661584381926,0.0642528745818445,0.0733228006648395,0.0602722503681473,0.0274057391486642,0.0517784339543329,0.0535602974044118,0.0594030007133616,0.021552492301743,0.0715378599029351,0.0720795293193924,0.059849160804741,0.0461385211804487,0.103388367151378,0.110652121323875,0.0629459470749356,0.0321249275945984,0.064577302644634,0.073999665323966,0.0605514138819771,0.0274998861316791,0.0519570928210059,0.0537538138880343,0.0596862817992037,0.021580451654738,0.0718047591584699,0.0722976688312818,0.060210037326306,0.0467915745634798,0.104320896591171,0.111871367196808,0.063284647728284
800,0.05,80,7000035,0.417657653369284,0.301793394856024,0.141352778185928,0.236368805748924,0.429040969841708,0.21973904916308,0.0652913318306985,0.228659503863552,0.445038345203445,0.363733338706251,0.138266877181657,0.202185011705092,0.438933883771131,0.336433211193195,0.101391360647468,0.198284526342985,0.0300794159787592,0.0616089731820656,0.0745864181481083,0.0647502893072881,0.0287720764266827,0.0565908098155654,0.0571591862246997,0.0623788363557595,0.0252019953661253,0.0827156740023543,0.0844781658043239,0.0721176335823807,0.0533119010146767,0.129502722775717,0.114694344476825,0.0745552875648024,0.0302539384310905,0.0619186656523621,0.0756093338884181,0.0650890077222478,0.0289332659789173,0.0572572281620171,0.0576048726947468,0.0626079658726783,0.0252244422803267,0.0843345243422965,0.0855627846576676,0.0732254840809296,0.0547906117673612,0.136272718119725,0.116657458612764,0.0748478665339921
800,0.05,80,7000036,0.473167241004071,0.211626915087953,0.15162675106135,0.12014690603189,0.470757651956407,0.13535838198585,0.0986893195757817,0.123961607811675,0.474438826812827,0.187284227089661,0.227713147116119,0.159647521602623,0.460102530275717,0.219429351927722,0.122964828660279,0.122257599843281,0.0277901755691655,0.0656060704295118,0.0677176919127883,0.0616965851516001,0.0241888916729815,0.0519321202825019,0.0521772147524335,0.0601422646213011,0.022914915397717,0.0947592934367204,0.0808926696720245,0.0620613625992048,0.0335874081919657,0.0954485172504254,0.0998259444988659,0.066380146803669,0.0279376196391617,0.0660792607744922,0.0683733283523809,0.0618743958915086,0.0242685862073587,0.0523338286871189,0.0524572397917732,0.060278290173476,0.0231075874146993,0.100819847180762,0.0821504471536033,0.0618662116368801,0.034094165922512,0.0980050426600133,0.101109380362927,0.0665044022382638
800,0.05,80,7000037,0.428761380209968,0.206398866564815,0.0611629796988872,0.171826050922772,0.426400702234271,0.238147759701948,0.0349762791555127,0.145296233290093,0.469617866215301,0.27560994397966,0.0739610836738552,0.161784173742082,0.399769044610034,0.429174094178299,0.0743924131186846,0.106052617796271,0.0345016168378843,0.0871677840484957,0.0698813971550282,0.0678325623835686,0.0248552824682267,0.053586525786909,0.0568011239350108,0.0637877576260941,0.0271300639996008,0.0866028541806426,0.104175033935773,0.065058099711737,0.0370556232856845,0.116656981168172,0.129311610084526,0.0839144682327147,0.0349069532542872,0.0883256098699434,0.0704608087520402,0.0681034402710901,0.0249717214866523,0.0540690076716051,0.0573295181222812,0.063958788367207,0.0273600783599065,0.0882961642721494,0.107068402637518,0.0656010314687665,0.0380084857712404,0.119343907707134,0.13353550568738,0.084617702878391
800,0.05,80,7000038,0.466870778053378,0.0965070263354737,0.14118488635906,0.167903303111446,0.469787916231454,0.122081435056896,0.0962412657742424,0.174496472318661,0.474025908001532,0.252803427837642,0.103749912801686,0.197486942943248,0.473507294011496,0.216423903791784,0.152523692691848,0.171725952752273,0.0301335771685223,0.0694329450026761,0.0703960386716298,0.0686587758692365,0.0262760859050474,0.0528788783622032,0.0521168869193655,0.0634665271783359,0.0238273675232311,0.0781500912977964,0.0874916912338125,0.0641003085538688,0.0368857921014509,0.0990565078450581,0.0919389361921108,0.0703160685736873,0.0303272682951111,0.0699125043174615,0.0709764519077386,0.0691207313229928,0.0263618874266302,0.0531980513361134,0.0523589141790503,0.0637274267391918,0.0238719021029318,0.0788961828329261,0.0893236218003583,0.0645194999110628,0.0372957608231987,0.101061828991532,0.0927493995369267,0.0707011099930359
800,0.05,80,7000039,0.439234681725895,0.144701573208456,0.0931402097440428,0.166484435611197,0.459847875081192,0.112048171027503,0.102766731543582,0.14519811216681,0.460701007525498,0.121636640029116,0.238769123105717,0.130854927588338,0.473709990629932,0.183668450736655,0.196189415769775,0.175547968168239,0.0320096393945828,0.0744533124063545,0.0868633219099069,0.0753282300553399,0.0253244468964753,0.0519512857746284,0.0536804309804963,0.0599571721881356,0.0271444091273352,0.0859814695829345,0.0911174603204073,0.0675768413539442,0.0367234249763445,0.103409009755311,0.105111735736989,0.0728257748803125,0.032235412112139,0.07549574752584,0.0895894085991561,0.0755715278350663,0.0254024912896148,0.0523693292220409,0.0540479757150015,0.0601225340099213,0.0274801107751776,0.0868734524207951,0.0936738282239123,0.0682607294894933,0.0375714206300848,0.108364839052828,0.107413990824896,0.0731777481634555
800,0.05,80,7000040,0.440615144534113,0.237314489668817,0.169236134750513,0.098248003162292,0.459433897242847,0.100689466587193,0.0795441594924958,0.130629843853261,0.472598459426245,0.19248263514598,0.0787254758144353,0.0704482010197417,0.444107686102167,0.178295841926324,0.106705001961955,0.135054284446674,0.0343462733298847,0.0649868668017343,0.0838452061326593,0.0630864173171002,0.0262166237469463,0.0521828398935412,0.052688925292989,0.0609025296651011,0.0219441676004796,0.0735532364497312,0.0825806379524149,0.0616572835936846,0.0392772534099678,0.102152503170236,0.10426425444193,0.0674952839338268,0.0348040952197772,0.0652203415486154,0.0855634684969726,0.0632613370476832,0.0262909466071531,0.052475633787868,0.0528741611853594,0.0610763175546753,0.0219712690487086,0.0738628112167219,0.0836563699427638,0.062118174905796,0.0397767554171836,0.104312056281709,0.105366652680447,0.0677247741011108
800,0.05,80,7000041,0.45676948684597,0.192605079268285,0.157620258129126,0.098685966454321,0.466911207373165,0.106625000961646,0.136056357555475,0.111276999125001,0.437879532087505,0.198492318554457,0.191333824060012,0.149398130103351,0.471608183877902,0.164314293405216,0.223058965413087,0.124720803299471,0.0298019045280232,0.0680677451618422,0.0653839095566651,0.0676054197247463,0.0273619136132146,0.0541288077307934,0.0532345299294273,0.0662073042200448,0.0221386270820814,0.0778402998625162,0.0831840496804998,0.0652958365925698,0.0392210024776913,0.10853251640872,0.0912099331072577,0.0803297181039091,0.0299069499382525,0.0684282592136815,0.0656956456108428,0.0679361378792989,0.0274732494939306,0.0543417896904462,0.0536589203182907,0.0664805005606564,0.0221627152751276,0.0784325016186003,0.0859144577501624,0.0660008078247952,0.0397341124581918,0.109733550931934,0.0931184979006496,0.0810426627802176
800,0.05,80,7000042,0.463573484548315,0.152487120840088,0.12364606173163,0.166329283134832,0.465242984791799,0.0628983048011395,0.0535245488542655,0.128149053097987,0.474846419295909,0.0776820948841861,0.10111466569967,0.11129106062799,0.455976152176404,0.134132955355893,0.0370778220775087,0.0865891208182158,0.0322802816231417,0.0783259319286555,0.0665050631453916,0.0683493273893854,0.0278783563327849,0.0537763170916581,0.0549599945313672,0.0654775896635125,0.0215510854078827,0.0806016908827871,0.0708369504881015,0.0612375059944361,0.0431272492991201,0.101792648012562,0.106261470652402,0.0733819574145711,0.032513396526078,0.0792752329374262,0.066809648878578,0.0685064291471806,0.027970849743618,0.0541555980180477,0.0552282651643903,0.065644807020334,0.0216148671309996,0.0818363397030811,0.0712103463421028,0.0615872289475726,0.0437309411143591,0.103772080968628,0.107555762355451,0.0734955688373669
800,0.05,80,7000043,0.443428766169996,0.212502645033665,0.132927309647923,0.221105055434147,0.437029419605349,0.152103365016535,0.0305665652057094,0.228579291131005,0.473092080637866,0.146868510047331,0.0815626941232615,0.144103883331487,0.409601555100597,0.286820670118405,0.0475838234766246,0.249319614911023,0.0281258603500869,0.057989422492427,0.0670120290891335,0.0652648337542852,0.0256138008585717,0.0503088196423289,0.0488555725123332,0.065866427318977,0.0215744638903686,0.0713171387256078,0.0697236508894375,0.0636859579658323,0.0351786973099703,0.0841588454292957,0.0897005462555373,0.0728748819031683,0.0282356969313025,0.0583351698955685,0.0676464062669144,0.0654489859222756,0.0257327242123648,0.0507974335961535,0.0490452376363296,0.0660928696078337,0.0216142104011931,0.0716966992405074,0.0699371645245075,0.0640319762714154,0.0357403032283099,0.0862497245118549,0.0903832301751043,0.073272423746117
800,0.05,80,7000044,0.431716873037253,0.274183802771223,0.223273946518648,0.118023709942561,0.427790864572672,0.162375691838255,0.128127263604862,0.102413176468449,0.425802774726397,0.198902546529659,0.123219199866845,0.185328012602957,0.417797572299516,0.188342736104046,0.226818417539152,0.130068114994161,0.0274034666437158,0.067120429457609,0.0610129264788198,0.0658042134510256,0.0241383290354574,0.0578864412498637,0.0499055831304435,0.0650612610390925,0.022311871494927,0.0854558849087567,0.0714364547824398,0.0686917803585394,0.0337966815649056,0.117692934378134,0.0928859807589897,0.08348543298936,0.0274952362747326,0.0675948465870057,0.0613179881570054,0.0660402091543659,0.0242217619514385,0.0593878921786326,0.0501016988064381,0.0651943811376406,0.0223091815572669,0.08807230698955,0.071508586610419,0.0689022493824931,0.0353093164222474,0.131582137457686,0.0937044224281478,0.0822533166664881
800,0.05,80,7000045,0.452879228013704,0.241960059778185,0.161081188608646,0.179968052647124,0.442917533477444,0.17254619646676,0.0803308301886032,0.178993800584839,0.465539888296304,0.272193522647534,0.0826481659256108,0.190427152098408,0.432278118049731,0.301285577508821,0.148170511188099,0.195963408612911,0.0318420471793738,0.0672749370021902,0.0691464088579304,0.06232151554092,0.0254202111206826,0.0511457068318233,0.047732551968625,0.060121381841584,0.0217519047468616,0.0752934304490525,0.071003071270688,0.0594244703887396,0.0352543649868568,0.0926047190290833,0.0821085313980617,0.0636184507344141,0.0321184804158813,0.0677767037451363,0.0698223071767246,0.062484660619106,0.0254803095776029,0.0513174482773751,0.0478719052932585,0.0602677599280532,0.0218040301164009,0.0755811391236505,0.0714474555960294,0.0596304489853041,0.0354845673126634,0.0932717180168351,0.0825535639708688,0.0638298876271183
800,0.05,80,7000046,0.420151783498475,0.224948430117485,0.143394471700994,0.208869074922744,0.415315461982654,0.172714444796135,0.0889550848969238,0.246597698322007,0.440386929081809,0.231367563004945,0.276799212413707,0.251189515678139,0.402011201105482,0.26356130532628,0.130363630407596,0.24187152084992,0.0294829180375784,0.0647907980637816,0.0728146316136278,0.0650515615157087,0.0253956951882772,0.0497922046716133,0.0502499776152104,0.0621518368938382,0.0218083159561126,0.0712586965560569,0.0683323433122165,0.0638630793029248,0.0345352749949374,0.0865032835989506,0.0886068003585081,0.0680423902319942,0.0296537702161512,0.0651563779655339,0.0736512805864894,0.0653350039143628,0.0254639622698902,0.0500034926546814,0.050524859978023,0.0623791776492874,0.0218720361723394,0.0716285519204509,0.0689925605224656,0.0643340106084453,0.0348260258729258,0.087322467821254,0.089952047509913,0.0683408071769876
800,0.05,80,7000047,0.418445563138405,0.153825908921407,0.124664799008532,0.274056800135497,0.439635424945504,0.108070926408018,0.0828339222643596,0.276501608256099,0.481723009214176,0.15409397267244,0.160386407397325,0.245380535160969,0.447699276919739,0.153792093500917,0.163508842204133,0.270462162690384,0.0290359242070523,0.0692340109931954,0.0709599924068662,0.0616111514600302,0.0252827389912807,0.0506170370199793,0.0528808988258104,0.0579115506073759,0.0234451971842226,0.0756459334916781,0.0777255942639257,0.0639023633340162,0.0354695366511191,0.0895938833061488,0.104320256785623,0.0700189942287554,0.029242495706876,0.06969944503534,0.0737239780153778,0.0615880451899558,0.0253430865381094,0.0508993690776493,0.0531758466187303,0.0580750813908606,0.0234758096237931,0.0761346143807637,0.0781907364708968,0.0643974132721194,0.0357771359699244,0.0907654150354467,0.106393188664948,0.0701839211046233
800,0.05,80,7000048,0.469853336880227,0.200234044231462,0.112410055718935,0.117901171326159,0.469146361443169,0.141418985021927,0.0695173123659587,0.128611676645375,0.484689323403588,0.164752622671085,0.111528480574307,0.138230056225414,0.471686169587119,0.171790120625778,0.0928394535664404,0.111295402220844,0.0281458201578562,0.0647926168093517,0.0678703901941616,0.0630152380248704,0.027133705349291,0.0523301303483266,0.0553376436686102,0.0627745244746628,0.0235009141143804,0.0753054706385807,0.0758163932494431,0.0569417000208152,0.0405207010094859,0.0995767839629934,0.102488180408585,0.0707498603345253,0.0282495635990627,0.065105680361827,0.0683989208732283,0.0631898841163614,0.0272374153131239,0.0526545483970825,0.0558442129747662,0.0629701467070222,0.023581132239099,0.0759169277944325,0.0766483461803236,0.0570768110969537,0.0410501326936848,0.101674891739624,0.10451037524883,0.0711015195035061
800,0.05,80,7000049,0.403971989988219,0.395275073972737,0.187897527427075,0.122771901196852,0.415999141690412,0.266517913888311,0.08969271320785,0.124180151220613,0.449252311925462,0.291507453091427,0.176728097462599,0.206249993943586,0.388794469413131,0.477976127592592,0.163633282700911,0.0736235797765382,0.0303868519617957,0.0795621268333456,0.0643505912224905,0.0671044425370626,0.0274296166382995,0.0576043968041343,0.0527041744165687,0.0633742457288919,0.023970717257884,0.0883443647627042,0.0701615903968121,0.0575267985286199,0.0361926758182316,0.0973448050915591,0.110115382972642,0.0792748148288083,0.0305905431195078,0.0804643470764271,0.0648260979549,0.0672990856052477,0.0277744154221711,0.0593954472203108,0.0530928689597341,0.0635191338953261,0.0240908765292815,0.0896562298147951,0.0706743636559922,0.0578305950322844,0.0375278226944673,0.105815388701243,0.112429640103253,0.0798122895378495
800,0.05,80,7000050,0.453580424598966,0.233821142810655,0.20974180092811,0.161267519983305,0.462197912450115,0.113982728219387,0.164546059878184,0.149777693733559,0.435282296569428,0.138035762309196,0.259052597121266,0.0519879446883633,0.465976561468349,0.180997390419875,0.291170943537029,0.146453882678546,0.030262944729538,0.0631980491896376,0.0693720714252041,0.0706981321967864,0.0256020511943762,0.0479641435879918,0.0477297448270765,0.0646682637972954,0.0210852575168594,0.0708112040831953,0.070609078641344,0.0658024057715922,0.03337960085122,0.0834287633773871,0.0736997788385226,0.0721961118905581,0.0305037287883598,0.063693738706623,0.0709529756676076,0.0709647536491592,0.0256975994639984,0.0481446598865958,0.0484131783377809,0.0649183782391654,0.0211175387000826,0.0713080536200036,0.0715777081453258,0.0665712226467685,0.0339979842450404,0.0839619410241325,0.0781821995557421,0.0725093090364274
800,0.05,80,7000051,0.448168146563356,0.379392751415191,0.198936893114306,0.0235310456146701,0.448869168725675,0.215674537658348,0.130919956321195,0.102955141823217,0.46099212199245,0.247072263666509,0.265840773615702,0.152851985358606,0.433984403975434,0.351522766963854,0.224955386363034,0.0977613360924605,0.0298101792733852,0.0591784991852432,0.0731750111598461,0.067430490403328,0.0268897215603081,0.0461262605400387,0.0527121845408489,0.0692124361182734,0.0244529010893035,0.0739116615639661,0.0834621310059468,0.075238245523695,0.037061372375387,0.0758632460910687,0.0962884718539657,0.0819578503945574,0.0299683996279243,0.0595021706790593,0.0739807311228044,0.067894554254022,0.0269736605958738,0.0463043494998478,0.0529303253837893,0.0695709854425966,0.024522982632121,0.0744457488429822,0.0846246003756502,0.0759257868941789,0.0373830755683821,0.0763562649525764,0.0973163335041035,0.0826743233902684
800,0.05,80,7000052,0.443621143339738,0.211614742747534,0.132758439123008,0.151196433548981,0.459454887956295,0.116667582397191,0.111108728902869,0.144619080951011,0.443823473545919,0.140985673629751,0.278847880370235,0.170692273858826,0.459630821476245,0.143665604685012,0.168773297339703,0.150676311054742,0.03062640917794,0.0985464042638943,0.0895906211215776,0.0677398834625333,0.0250723544174746,0.0543531474033648,0.0507586760288787,0.0625334470714891,0.0217299220281834,0.0753764865678827,0.0698760914184492,0.0599187822867337,0.0349466255344296,0.108608703916088,0.0897894124288128,0.0696622690699637,0.0314183508922428,0.103622458918352,0.093665369699097,0.0681282032047592,0.025140290311748,0.0547973124244814,0.0509856105275002,0.0627177033070417,0.0217804414230875,0.0758011104424517,0.0704482902030869,0.0601759261397819,0.0355376662982787,0.112755373444792,0.0908560476770747,0.0699466596113996
800,0.05,80,7000053,0.47414056264275,0.151649759849063,0.0565961604063712,0.175829633470772,0.499776941522528,0.0525196817818959,0.0432347095778388,0.144866389383712,0.507890255447487,0.053400730126519,0.0302535625375087,0.198595838611143,0.531668866935741,0.0135279973428307,0.109189832032586,0.115438937687692,0.0315981210610686,0.0692672729411397,0.065670008188246,0.0672332196036128,0.0277176244775442,0.0547318784035715,0.051746735263768,0.0635979841391544,0.0227980862845881,0.0755157464056034,0.0689377875702209,0.0616016443722844,0.0392475677497859,0.0951809208293295,0.0892023001219462,0.0704163984854864,0.0317298471966737,0.0698222329095822,0.0659993255162835,0.0674655004220726,0.0278173297809061,0.0551256203951763,0.0519581373958318,0.0637840962924621,0.0228692537448245,0.0764996559032397,0.0693356150500209,0.0619388285676527,0.0396038814866977,0.0965541842007827,0.0899770711098621,0.0706708308002727
800,0.05,80,7000054,0.447429203976902,0.215638313767669,0.104320960858154,0.0874615837600691,0.447986335116428,0.111525720295868,0.0693569531022912,0.13069323697999,0.444478268191787,0.234968367210117,0.0603924961739531,0.21501507737877,0.44755547166731,0.1355749579774,0.0969688698566053,0.140879652953656,0.0276950443773807,0.0692175119730089,0.0712346146227074,0.0637447343914992,0.0246893441710281,0.0524970614843961,0.0500001777114885,0.0627969572336258,0.0238582285872656,0.0805435076004421,0.0782853238305982,0.0654936263726504,0.0336466491170294,0.0958880453266812,0.0888064175729062,0.0714437184663998,0.0278767341063427,0.0697277063548418,0.0724871363234135,0.0639162857747988,0.0247493678002186,0.0528153551162291,0.0501801389664868,0.062967287869474,0.0239439364704293,0.0811809407322434,0.078734550789411,0.0658975206313323,0.0339780447231623,0.0973833902889392,0.0896809005190552,0.0718247568825104
800,0.05,80,7000055,0.43214543928512,0.27746546918512,0.0830520638308228,0.119543941851736,0.411191961046725,0.159723638054754,-0.0548042823729673,0.128844414631139,0.472118278083344,0.208522667649388,-0.0595649768884628,0.0239212877914589,0.370625221951944,0.292477840888612,-0.142643998196258,0.118296130832629,0.0429623442238958,0.0896222326729181,0.0887556444314784,0.103043729665695,0.0272630493484453,0.0559093330030587,0.0580398384003869,0.0782191659196994,0.0236563904586157,0.0883530356158541,0.0883613752149528,0.0792912239427496,0.0391897117026467,0.111544125461314,0.108396014104511,0.102053420507849,0.0431529704638156,0.0906138836078901,0.0892368812574812,0.108366046997567,0.0272169005668092,0.0561353664556938,0.0584056261419147,0.0803916028923194,0.0237160976207924,0.0901858629298132,0.0927227130414702,0.0839845637534009,0.039120626625689,0.113496046262998,0.109652869448362,0.109866456292924
800,0.05,80,7000056,0.497684553894209,0.157514182515538,0.11571767540293,0.166886798464073,0.492526207253095,0.153027643116695,0.113897717784679,0.216025155260026,0.501549815565184,0.300240754298583,0.169638593784135,0.229211551308147,0.470992912609047,0.289473726358671,0.136452061500897,0.266778555624713,0.0347666878437363,0.0728222115705027,0.0750864824529326,0.0750059630102794,0.0275035076305183,0.0514967758132489,0.0532566406303873,0.0636121280595667,0.0236471672449771,0.0740514426640913,0.0753731234286153,0.0614300730374886,0.0398937225807046,0.0929199870266696,0.095383042033711,0.0729385343725333,0.0349823418047939,0.0731879713731983,0.0756714110955641,0.0756620980748555,0.0276051929160995,0.0518739905874426,0.0535678333003999,0.0639109313340856,0.0237335353951649,0.0750466085234263,0.0761652423796127,0.0619012273531617,0.040349359213798,0.0951794905600454,0.0964679756693799,0.0734545138232737
800,0.05,80,7000057,0.433421641087334,0.218936280723413,0.12138180601264,0.152515925187446,0.446583559765233,0.144880459333413,0.102687403746052,0.169846793774158,0.469918794216074,0.169439221387656,0.141736899688691,0.110448422139058,0.452424564546822,0.153647534740623,0.157465391868693,0.136221477730427,0.0288881893545045,0.0762381530925735,0.0617694227523547,0.0672433395151331,0.0264060078727046,0.0589807365218866,0.0524035125400057,0.0674460853532513,0.0214586050651974,0.0731802358908397,0.0693011366741425,0.0587748812408286,0.0422772195221812,0.128254442892393,0.101811955852081,0.0870956840634851,0.0291452773127012,0.0784260252036133,0.0619668313864877,0.067446265545393,0.0266295917124302,0.0601838035252549,0.0528422781908369,0.0676960729372785,0.0214805658498753,0.0739130988324969,0.0697463411307284,0.059024785669428,0.0452742061244061,0.1405378627956,0.104408750900526,0.0874015487326103
800,0.05,80,7000058,0.457269128556802,0.225176329887511,0.153724958883474,0.108471784543582,0.464869869657093,0.12386058981934,0.0574614262672039,0.116571925803196,0.484708314768636,0.175099160846003,0.154136716943726,0.108708358202464,0.461254591265603,0.150530679560455,0.0787262425995368,0.134950131136905,0.0312410850592572,0.067589614710662,0.0685112088077268,0.0659914225367539,0.0273015369699601,0.05808367352578,0.0557973965370599,0.0668290827691023,0.0248995836818265,0.0770434759123016,0.0853827253145458,0.0673939267620612,0.0410137589141185,0.111932639605487,0.109288750103991,0.0824983776616292,0.0314000954631059,0.0682802580731488,0.0691009297877663,0.0662430100801138,0.0273745479293154,0.0590855906764819,0.0560939272385093,0.0669760950213544,0.0249783351273155,0.0778388874976311,0.08640886355336,0.0680345530481271,0.0416341525614857,0.117820601206404,0.110802385973448,0.0822988745857483
800,0.05,80,7000059,0.477403784580918,0.23192107662046,0.136770962666103,0.239212508140339,0.48926405872927,0.069589842206584,0.0735724148368589,0.227507801574451,0.489461758326844,0.123949457221561,0.154062531910962,0.190395655519711,0.498900351593219,0.102376575341858,0.117760006279203,0.181125760772572,0.0295474977599915,0.0728712506907779,0.0646200697114945,0.0751890783106652,0.0255265887565667,0.0551829035609677,0.0492383875065193,0.0688431650915813,0.0227482971936761,0.0836041144098884,0.0725313174176835,0.075338501521729,0.035095525264318,0.103391962885393,0.0833924322531235,0.086208558870352,0.0296638435094803,0.0746485658065061,0.0648600554205237,0.0755844054726813,0.025595461397794,0.0555058015466656,0.0494366696616226,0.0691161095430235,0.0228027954727896,0.084237286645894,0.0728895473401153,0.0762077754096536,0.0353992371274369,0.104966405379815,0.0841273383514755,0.0868041652029718
800,0.05,80,7000060,0.445824384153386,0.324401568606172,0.136894345686562,0.0674954230413724,0.459997543589215,0.157731275543477,0.098740454716599,0.127183881731674,0.47264837797604,0.206776162092194,0.130748148225711,0.047296735077768,0.449365251237488,0.251702298659334,0.148830092540167,0.114506596185418,0.0272437774865018,0.0615729836989079,0.0608496185050942,0.0639491389706558,0.0255090742707863,0.0484024865933191,0.0504237443009891,0.0633400650758988,0.0222437744497504,0.0652946345883168,0.0758353655517649,0.058333667344879,0.0339321968568677,0.0814071175391222,0.0883679843493639,0.0734793691666469,0.0273278086364646,0.0619326742075749,0.0610655349280356,0.0642003595538042,0.025576477507563,0.0485815566059569,0.0506907808399561,0.0635869009322936,0.0223089027366061,0.0655193840854374,0.0766644322478091,0.0585254560275519,0.0342291368987645,0.0819920436899038,0.0896933316311034,0.0740170299760344
800,0.05,80,7000061,0.416001797319185,0.208561404491118,0.101300882519449,0.174159996142109,0.389754479990868,0.250081048252994,-0.0432417866082101,0.103371727595401,0.423482475990851,0.339845460330407,-0.0254820075939995,0.0824089226123823,0.313494811265495,0.209554297293911,-0.190407668837255,0.082224873175259,0.0324876636343097,0.128561707220155,0.0773593867028164,0.0709118339296457,0.0332253662274525,0.0808013943552208,0.0700948502499426,0.0736407958309357,0.0332198227214807,0.200467691471811,0.113372063028367,0.108760592226785,0.0550220405353536,0.271253016839179,0.164539558327604,0.110762632084633,0.0340759184947106,0.150749549467368,0.0773437759525887,0.0707949478437992,0.0342833535782387,0.0845722398727804,0.0733448238007313,0.0737340207658899,0.0321305580650796,0.233259315567361,0.12972202331071,0.117623900123892,0.067202510592354,0.355256168736661,0.200504626283127,0.112618769035556
800,0.05,80,7000062,0.472823612142074,0.111877463019634,0.0947064221201307,0.116699827806463,0.474297377191625,0.0535770641566413,0.0671968999961919,0.134825665280616,0.495362876966749,0.0656707185013591,0.0351923056208896,0.200093373071232,0.470511611974106,0.17268699361722,0.111845487307983,0.176345648052009,0.0336525965126715,0.0756715416533617,0.0741530212189234,0.0667359545551153,0.0275939955638383,0.0567456668213199,0.056580041581977,0.0625879878620376,0.0257880477172352,0.0900000701858332,0.101193714594434,0.0669951188842738,0.0480450966249222,0.149236655539877,0.122720283329587,0.0830956210881667,0.0339263548150595,0.076230186314728,0.0752329450555696,0.0669679003425246,0.0277511681879255,0.0571346623216018,0.0571084152080323,0.062805717471559,0.0258570087674535,0.0912531334986749,0.108028854868492,0.0683146073933043,0.0499784749327123,0.157373798898088,0.126338427334107,0.0838148996957922
800,0.05,80,7000063,0.412744274582536,0.281913595510597,0.115178508682927,0.157272590007026,0.431634944694169,0.161292442038688,0.0911137697743377,0.121799431323021,0.436983076550756,0.213972997126417,0.221970611548222,0.0331492402261694,0.390945534066478,0.333861183604453,0.118417276018325,0.127984938907628,0.0306487469362471,0.0767019791336928,0.0682235417024338,0.0667231642878181,0.0268735660820156,0.0598178615512109,0.0551616620817846,0.0638135946763382,0.0234880771905409,0.0923110423598765,0.0844815076327514,0.0684181776653687,0.0441822917042919,0.130241489134469,0.115774148792423,0.0808108412790741,0.0310038712560833,0.0793957491401103,0.0686541976285595,0.0669664685044697,0.0270425413028901,0.0607435770077319,0.0556539687515294,0.064024114453116,0.0235270590570446,0.0940513822307049,0.0854326090797035,0.0689254129398681,0.0465721668408228,0.140717870730418,0.120078304415103,0.0815283252271575
800,0.05,80,7000064,0.453596477002165,0.152736282652789,0.215478357896664,0.14650527936235,0.452060800274829,0.0767533880159521,0.0980103280531346,0.164522817188731,0.446192980426201,0.167658415024788,0.0771669785496941,0.181899123836093,0.437867593400024,0.149239557919547,0.138972742921343,0.16057733024909,0.0288460095065836,0.0640090006305687,0.063672748066148,0.0621016269261655,0.0258007830729902,0.05257314786746,0.0484524927052742,0.0613690853916419,0.0209389672665631,0.0743603239800426,0.0680264594112123,0.0619508134487789,0.0367000407839208,0.101800590703649,0.081419803871671,0.0669952054757947,0.0289425468734826,0.064237055126204,0.0639442271712646,0.0623319626286577,0.0258623819062231,0.0527949867136592,0.0486268987924132,0.0615923637208718,0.0209643874358292,0.0746689095928299,0.0683246768291011,0.0624569295721513,0.0370164839781309,0.103174893994442,0.0821265583501158,0.0673594089858472
800,0.05,80,7000065,0.455929500246647,0.0345350685357787,0.124511236193244,0.167216198544869,0.463079458456797,0.0946526248844504,0.0827216146830316,0.135034416840717,0.479375720830088,0.173103898838836,0.200017127787831,0.23116830832563,0.474521163814812,0.111453698214839,0.101421742496714,0.131640386905962,0.0357701141933184,0.0815306970134612,0.0843019156482066,0.0690790426266458,0.0272585969690177,0.0554178534958986,0.068933758492789,0.0725397967568916,0.0253014789430635,0.0786316148426006,0.0829433719562689,0.063091717002048,0.0432418102135109,0.116644429698245,0.141299864605995,0.095331249223176,0.036146616392662,0.0829724194682863,0.0856596707240908,0.0693736423690093,0.027324386036017,0.0557581388969717,0.0703527588571969,0.072810058923174,0.025389334671172,0.0792171352259819,0.0838216988826617,0.0635621925015316,0.0442173579602729,0.119070863908985,0.147684759079731,0.0960125783762011
800,0.05,80,7000066,0.423268343257835,0.31930205047948,0.109995933014583,0.159499359141018,0.447941783924982,0.198347756458609,0.134607450865437,0.165832769372725,0.458413839934946,0.260541556716925,0.175561114400258,0.230706668491749,0.436832919772221,0.337562044865073,0.284915320733878,0.200693695528208,0.0286756991293348,0.0644081237673783,0.0745001834044075,0.0673316166925496,0.0250719832549038,0.0517354965297104,0.056889073361083,0.063764761194981,0.0237992830012777,0.0843615668411802,0.0890021815528059,0.0684981949284697,0.0335184451349816,0.084718358097483,0.121241588756456,0.072799982905165,0.0289018914933149,0.0647635257005936,0.0765481154366247,0.067462550570551,0.0252359436108293,0.0521252132551306,0.0581102388884519,0.0639000017822687,0.0239207154734827,0.0856820900505144,0.0902527996546455,0.0691404313343746,0.0356670745207396,0.0846090741986708,0.136667973223259,0.0724123737054566
800,0.05,80,7000067,0.479150336174547,0.23350661585148,0.121982388813811,0.1679650689344,0.49901922927717,0.118764511065572,0.128944798993529,0.143067715880967,0.483611585127725,0.154006139301642,0.268089055659926,0.131686099063027,0.490774986576733,0.229337908543606,0.161229352862123,0.176745509566495,0.0316784407958682,0.0760178941804139,0.0751131564264225,0.068170962043804,0.0254067300547023,0.0521517604402512,0.051506695516371,0.0629549918380842,0.0214102488650892,0.0716592311465409,0.0682654769952198,0.0613088190239468,0.0365451832398043,0.106412056565475,0.0965931219698076,0.0709327330035683,0.0327450755614372,0.0780036731175902,0.0788716270066489,0.0684027096933115,0.0255464076522536,0.0525185731782536,0.0520798924005232,0.0631209544571997,0.0214452646981571,0.0720384216391241,0.0688115295568349,0.0615479877943137,0.0387053404233391,0.110427457939522,0.103593961565126,0.0709625548398307
800,0.05,80,7000068,0.390111749346442,0.319984935923486,0.0799290833052748,0.205319141029691,0.397419066904617,0.18668873878712,0.0411049643092634,0.231316197636549,0.429970048872711,0.20298004203545,0.159769017797762,0.236748559007629,0.376723794833044,0.331871828496726,0.0859062199690738,0.239262323973002,0.0290491817078237,0.0614243586732627,0.0681085581710647,0.0637804168503642,0.0254690414438491,0.0502273537634163,0.0514178274383073,0.0618388955125096,0.021704636266841,0.0689797536277011,0.0802322245469017,0.0614717747452491,0.0375303380449099,0.0879468319731304,0.103126100263633,0.0672916022254345,0.0291801550726376,0.0616759445799147,0.0685109140730849,0.0640941043734484,0.0255648832613717,0.0504152510403124,0.0517869695074939,0.062035924091961,0.021732740571937,0.0693479800527419,0.0825771266215367,0.0620030760508508,0.038348751848977,0.0885874923590019,0.106747345379098,0.0674595965941192
800,0.05,80,7000069,0.434472275536117,0.20856020181193,0.0825162476157345,0.30313997358295,0.459408788984823,0.143868746821927,0.139767017152798,0.280267600177614,0.476319376701582,0.216268358145641,0.241255876678056,0.247297291478961,0.453784459911611,0.218522461139441,0.216737468154427,0.320561562980799,0.0278463468989503,0.0736199301340636,0.0637625267339106,0.0637482431457295,0.0249567223943744,0.0529410372263026,0.050943697978887,0.0612084865027722,0.0286043068367137,0.108659769924196,0.0834556698115708,0.0800241425888425,0.0349523021841955,0.103545574539408,0.0934208376767295,0.0715659534539521,0.0280067472907249,0.0743488923580233,0.0642410048955684,0.0640680181805427,0.025022698053414,0.053187332186238,0.0511830722185288,0.0614290739469658,0.0289819887136885,0.112650034824442,0.0846392812503929,0.0819132512428067,0.0352277457015245,0.104533138946331,0.0946109195985673,0.072067865269487
800,0.05,80,7000070,0.432581772599389,0.168839704813334,0.13030338335992,0.11049226625373,0.437224930281015,0.0730966527949647,0.0589955108581216,0.136741535026711,0.424577222367992,0.230675729536385,0.135207908089244,0.129914975160776,0.442683223322518,0.119139074897556,0.151862636426898,0.133283478050314,0.0309751365700108,0.070576967290116,0.0690822511463543,0.0701922751363083,0.0262990709476875,0.0507628701446125,0.0510154622439612,0.0675796613832041,0.0217606671812342,0.0740182990676163,0.073979431334637,0.0693507176914707,0.0387901195225053,0.0885063217969463,0.0975893777931514,0.0746518493726507,0.0311005904681662,0.0711651965153574,0.069597029594754,0.0705694332850429,0.0263809894094751,0.0509552464576094,0.0513115559032028,0.0681598654626393,0.0218026349914379,0.0744181611755537,0.0746624976556591,0.0699647776547407,0.0394061114165996,0.0890530680227447,0.0999774387324867,0.0754493425787014
800,0.05,80,7000071,0.53468500135185,0.106954129078938,0.183647182790343,0.13321892732061,0.511130472593804,0.140455223665426,0.0913104032070825,0.14945172464252,0.512247465025111,0.20257176587446,0.0901116429366001,0.208316613774231,0.540495386459397,0.0988367728398712,0.05775657926712,0.101869157653506,0.0318669173743527,0.0856492054240337,0.0813558614151748,0.0883314829276272,0.0290935053467515,0.0632981016468641,0.0609903485968515,0.0739544596913435,0.026599216817238,0.0780435856318377,0.105241234669377,0.0712133422785334,0.0542978659096408,0.160660503689299,0.138239576118017,0.0962185322017384,0.0321872601670297,0.0876717326771521,0.0846833169140691,0.08933294839206,0.0294010132223696,0.0641767222897936,0.0628112617420568,0.0744791315675401,0.0270051570410438,0.078765495137163,0.112111317553142,0.0730442805124075,0.0589349605867394,0.172973561740418,0.162875466568111,0.0974948267010753
800,0.05,80,7000072,0.501103721149497,0.193522508983115,0.207921289541419,0.13402426145267,0.480864972264713,0.0714929368523957,0.109198105675095,0.120677091812036,0.4696363424173,0.0775139280183645,0.256403436460073,0.10259495054109,0.461722694928284,0.0874390344277585,0.0571303604029675,0.114766803551851,0.0297645023513715,0.0701532715659388,0.0720909181216933,0.0691774855232327,0.0276390675456697,0.0540347367677395,0.06030393777169,0.0622115855489327,0.0241609465765004,0.0897012226130143,0.0809120836933894,0.0643478918772833,0.0439968749071038,0.104645215339249,0.133642086109045,0.070972756803422,0.0299046222798357,0.07048612317106,0.0726715603102363,0.0696510779547758,0.0277643294705089,0.0543540395902122,0.0607861177164225,0.0623989988926076,0.024250377804573,0.0905473815404377,0.0814099833462649,0.064631934929303,0.0449184241828082,0.106439688719351,0.13753349340305,0.0711356871156159
800,0.05,80,7000073,0.497212377867604,0.120098795689738,0.205097256736851,0.0464389821723534,0.436203396629531,0.206464202767975,0.0431867944127108,-0.052625974271554,0.458169918807244,0.251993832644811,-0.0247942670620731,0.0307800380079007,0.413289926256534,0.399234568111667,0.0977943300790257,-0.0885091856016478,0.0366979195870346,0.10192503358036,0.0820004809459076,0.118498048487492,0.0285062854766896,0.0499106370852022,0.0560584054597556,0.067820395699058,0.0223040822796542,0.0695799503454779,0.0762466479049433,0.0596480664334635,0.0482869938186379,0.0918786489021857,0.116817004204921,0.0853601511310714,0.0361393617611949,0.102558429980764,0.0836451291435165,0.132703059939568,0.0286937465768058,0.0500903805816194,0.0565844923108601,0.0681497601016666,0.0223553819259311,0.069861913566467,0.0767305079332077,0.0598855865545363,0.0498058891188227,0.0927464673284153,0.121037961754038,0.086001516333412
800,0.05,80,7000074,0.419179077267553,0.173773985222614,0.0655505049922357,0.067902635873856,0.429158298925622,0.055031751463129,0.106239244704018,0.127185866759556,0.438909210432575,0.178762209220471,0.00334829558301012,0.0782933559684187,0.408558118234993,-0.00570392421798755,0.187037414699284,0.196380228863072,0.0329217377201291,0.0706630376823966,0.0863019355907828,0.0710882517842975,0.0295053391108195,0.059690988271704,0.0680671218237931,0.084925030189607,0.0235711797075902,0.0868007115103258,0.105394640109505,0.0732174461281989,0.0522518406933949,0.102062866340823,0.160513634396342,0.10216207935593,0.0332385133971205,0.0711234478039584,0.087521035855307,0.0714494283482187,0.0296654560099452,0.0611468038711144,0.0692539189081532,0.0872937195947041,0.0236121873829479,0.0881149266081771,0.109175045452187,0.0739997439948306,0.0540340673112869,0.105888241106627,0.165588802086265,0.109390146422543
800,0.05,80,7000075,0.414684151200471,0.286605896209426,0.100730060675264,0.175387237674103,0.426476022291852,0.222898123403888,0.0476185405849187,0.173069482801957,0.458554518134293,0.259382667810552,0.11797752524159,0.195561932845964,0.38555825803062,0.353159548872172,0.0319934882014114,0.204234107446799,0.0277305095096328,0.062161364885055,0.0604519477310162,0.0614013457884103,0.024443906938632,0.0477554144097498,0.0479217541690461,0.0598647551457353,0.0247577570765741,0.0697984829254891,0.0762886254026045,0.0614061962066277,0.0320848566677735,0.0818206988024046,0.0775710191890567,0.0683564368550302,0.0278427138678801,0.062653240026754,0.0607488841741972,0.0616522314331109,0.0245604901732535,0.048049496909287,0.0484341198821438,0.0601819995676334,0.0248765125657206,0.0702279300679616,0.0770445525338556,0.0617383129352467,0.0331505304867883,0.0828970148673707,0.0819659838481776,0.0693309513173369
800,0.05,80,7000076,0.341446613772491,0.409131790192868,0.0147789428594327,0.140264708306437,0.390868599042323,0.160122065575718,-0.0126291083646543,0.117903992390132,0.442381549918737,0.132253929335136,0.0517583682547364,0.0585125240179916,0.374511509114555,0.258958293751348,-0.00830423877320234,0.0113790769436727,0.0274908706444596,0.0711567523860101,0.0754734285604573,0.0703315440898441,0.0276728137536691,0.067730345816254,0.0587707838831484,0.0719821421882928,0.0289527751678867,0.115835859830077,0.0917455491811371,0.0914201496320401,0.0458949920520405,0.145902679621305,0.127785796724931,0.106558334844728,0.0277707948672538,0.0730956172614471,0.0764778963532558,0.0708008978158433,0.0280345632150466,0.0696191623161563,0.0593084213892986,0.0724971395151815,0.0288974619821239,0.121212721402387,0.0912693896573312,0.0937752019154141,0.0489310214915479,0.158280745161941,0.13106440834842,0.109248054544677
800,0.05,80,7000077,0.457989351328321,0.302473731724608,0.136085034683197,0.0962553782486543,0.461194873858738,0.193299858778101,0.0748694398965435,0.0812353057464408,0.488516052061995,0.207025910301996,0.152148257052738,0.102316902036183,0.440668047099062,0.372087488094854,0.150568464883629,0.0894710286701813,0.0361627629449833,0.0647582195596496,0.0806456605935516,0.0663058058821477,0.027126012801355,0.0522147845661512,0.0514732526595002,0.0651909140862569,0.0227665338488999,0.0883188478612876,0.0745850036370496,0.0711506313853337,0.0387425354034056,0.0979246302271014,0.0925439368026732,0.0783693054501684,0.0366338995464451,0.064984213509397,0.0822493780746806,0.0665734493073959,0.0272194077118796,0.0525293149656895,0.0516641853265313,0.0654669678308081,0.0228689331810644,0.0898101484124285,0.0755436886295197,0.072368576443453,0.039172238182024,0.0992832255915189,0.0933489748857649,0.0790023099102779
800,0.05,80,7000078,0.444626700151589,0.123711643271901,0.0673391532263455,0.134996477792943,0.44203036833257,0.0778439283967086,0.0256097359203178,0.224561288179562,0.476212584961745,0.0674120645161521,0.19374570343345,0.250245753459519,0.446445260178997,0.10672663729608,0.0529566520494628,0.252790795427814,0.0312972288652248,0.0689442373096676,0.0675173654071331,0.0737483075188079,0.0264697236314258,0.0530728122612389,0.0526705287252496,0.0649754864728971,0.0239274242099391,0.0860973358822323,0.11332998185168,0.0750671739455194,0.0404160944202494,0.104752989969067,0.102139469857426,0.0740502439891354,0.0314972888482989,0.0693453963356488,0.0679366344550023,0.074480318304355,0.0265551188025461,0.0532395274864249,0.0528741860008235,0.0651997425898505,0.0238888685863732,0.0857515821299007,0.119128333539344,0.0764409379216593,0.0408730736687369,0.105368056780405,0.103082573152808,0.0743682680588223
800,0.05,80,7000079,0.390534334344425,0.313628169879128,0.186165237693858,0.221276630683148,0.397403847141686,0.179190571174319,0.0423634971083629,0.193011021384901,0.416118367071706,0.254725420866446,0.0844681234989569,0.228184559252658,0.353479265974413,0.27941547765916,0.0190937503487574,0.180047736013322,0.0284579490542191,0.0607514022282376,0.0705755230423924,0.0631811523475529,0.0239113148839522,0.0478955290846037,0.0534674756375709,0.0617648351323559,0.0214727992722518,0.0719951588527841,0.0750785554724776,0.0584007368393118,0.030180962398445,0.0786463834142749,0.1000455729366,0.0693896896696933,0.0286398675671756,0.0611640424295144,0.0709316063082372,0.0636159532928007,0.0239723280019907,0.0480814272273779,0.0536879685033179,0.062204369205553,0.0215341121586428,0.0727305016809888,0.0755100273451073,0.0588126757766762,0.0304236614950602,0.0792537055912056,0.101185234835049,0.070140913290093
800,0.05,80,7000080,0.400868478899163,0.390130679413019,0.104334993103136,0.192679784233378,0.424526392067318,0.189890033580276,0.117358869287699,0.233375082339199,0.442684542980505,0.186575866021725,0.191492267148034,0.264868224856394,0.421644076813805,0.295309727794509,0.189320863104882,0.213604529357511,0.0286192615999754,0.0666290037187103,0.0875638393327021,0.0622328529818694,0.025240565792744,0.0479378734368163,0.0472492426924527,0.0595353689298853,0.0233021318420306,0.0740128993823361,0.070508355135752,0.0601147873460978,0.0335995027137595,0.0802400063127939,0.0816413203033825,0.0656576428397301,0.0298082991933561,0.0683851479522192,0.0950080138251878,0.0624805485877256,0.0252997121297872,0.0481007583308957,0.0473845862062835,0.0598044317887143,0.023354097728048,0.0745205368317284,0.0707458790642755,0.0607523540310383,0.0337792034697688,0.0807438042915604,0.0820669971838595,0.0660410433925364
800,0.05,80,7000081,0.436218638526314,0.121939328461558,0.00481795882977504,0.203489593831942,0.436456720416295,0.0937445960048249,0.0258356180681638,0.226812661577742,0.471226846805409,0.147401627845089,-0.00209816373687215,0.296086083845891,0.415786687483768,0.161448169033535,0.0561644841282351,0.215336423999632,0.0303438799701811,0.0824705990617839,0.0859564276616337,0.0771693856795711,0.0255523584444269,0.0583196967433285,0.0559475265857259,0.0652344114097368,0.0240679854718827,0.0861488875905222,0.0866638133233017,0.0577018202549247,0.0376662170390838,0.117019095255421,0.108823202536716,0.0745321518340125,0.0305703200778602,0.0845268681302234,0.0874066448639745,0.0787241827330109,0.0256883558323645,0.0595580951327253,0.0563683257348713,0.0655691234129763,0.024034362323111,0.0896092611188223,0.0878673636887287,0.0580067435929449,0.0389143783729493,0.125463885183504,0.11196132753221,0.0751168789539416
800,0.05,80,7000082,0.449111154326343,0.139499003748936,0.233338822555228,0.240798591508566,0.444041822125015,0.114061722445458,0.139892784668213,0.229646539873739,0.448543635861368,0.136772556868424,0.190066335343433,0.245013456689409,0.459079027196008,0.184725998173579,0.280835824183269,0.240597264614772,0.0276149771302793,0.0684474352960773,0.0699180101132178,0.0647296860556669,0.0242845139053439,0.0472319937280204,0.050120016388929,0.0570149587374786,0.0198857735142363,0.0665527294212427,0.0727516624290355,0.0543436395103424,0.0336070505333702,0.0785702812589798,0.0927675790808651,0.0616546647139895,0.0277916703247141,0.0695970981658556,0.0715611624348066,0.0649550324573679,0.0243408572422683,0.0474125918484552,0.0503268798291726,0.0571843521463736,0.0199047616976741,0.0671739881122878,0.0732497916676651,0.0544841559857089,0.0338558013364878,0.0792055378153602,0.093571468852689,0.0618873992256748
800,0.05,80,7000083,0.429547317193175,0.246821873140521,0.0755251991818541,0.15930414444199,0.438077678832063,0.174745749112641,0.0610947934164786,0.147813394921682,0.456000344146924,0.282346812740755,0.0693938154500867,0.113436821657441,0.409205413992864,0.254648243243224,0.0691404777696299,0.170029637676678,0.0318103699836366,0.0729276163510906,0.0731706627841492,0.0751511712333033,0.0262297290066984,0.0498928057812789,0.050919003837159,0.0660682725105382,0.0228282953202747,0.0696398912130333,0.0837715987388367,0.0722508574893616,0.0354678236998561,0.0836689403563918,0.0872378351515954,0.0739057338860281,0.0320448458659797,0.0735754538098864,0.0737104675032784,0.0758223203056961,0.0262982240247783,0.0501666084952554,0.0512455292952331,0.066284654515835,0.0228421145539678,0.0698335841578472,0.0853454906496893,0.0730767075893698,0.0357525081703053,0.0844964793039873,0.0884185434012955,0.0742428220320385
800,0.05,80,7000084,0.411556837680637,0.306696911190944,0.156400939756795,0.298427616470129,0.420087168709379,0.245657556401981,0.102520019475324,0.255458445789097,0.429549366573802,0.36352338753549,0.292717703087618,0.244655151458963,0.400931302832512,0.405884953529401,0.17722659579157,0.279557658480767,0.0268246678663128,0.0653485285099943,0.0647927204731652,0.0606797243966681,0.0242265703171738,0.0489394526173484,0.050574321302905,0.0596587056205419,0.023969398976837,0.0825512570291039,0.0753075407677888,0.0594933811880072,0.032423529931458,0.0775436262345674,0.0997255252284942,0.0736589680725696,0.0269274735153885,0.0662533166208336,0.0652631848974614,0.0609821396411172,0.0242866656581615,0.0492718849893296,0.0507614184144825,0.0598959492862764,0.024098354209938,0.0837990968571573,0.0759126904737671,0.0599572580159315,0.0326168400579872,0.0782807365501778,0.100840508465939,0.0745395240242002
800,0.05,80,7000085,0.481440986832659,0.219752749274909,0.133004923817349,0.0569038518683109,0.482750780607788,0.126356010169052,0.0844037148035815,0.13221244795577,0.478426620061876,0.187362648330965,0.179045357357562,0.206470400306665,0.501099977827294,0.125275158209881,0.149280407343549,0.102289836598542,0.0341034438277265,0.0771392306766221,0.0638720292320223,0.0754440324636731,0.0278550672707111,0.0550489046634778,0.054352117420676,0.0734079741895027,0.0221380270669526,0.0660144002722365,0.0696694563613588,0.0601877236226066,0.0429302482541911,0.104056424803735,0.0980378049541598,0.0943093664492551,0.0343262204016606,0.0780755468615392,0.0641880092387934,0.0763378482096367,0.02793661672854,0.0553784747092981,0.0546628492738493,0.0744393723137284,0.0221923111886966,0.0662263356386186,0.0701250751156468,0.0604045115659988,0.0434207055389162,0.106006600947086,0.0991731476489614,0.0971674340587374
800,0.05,80,7000086,0.426328208050727,0.257675122622116,0.135811322615582,0.00697522317718386,0.463496989334959,0.0963414511872606,0.0824138581037605,0.0209203089510782,0.453529933277923,0.164316576693357,0.00809421692813325,0.0390831132737752,0.483203175689938,0.156556610208296,0.168385223101391,-0.00226839354983125,0.0309195885421757,0.0661325073150105,0.0662945589537821,0.0674290788091351,0.0298119336792648,0.0545484247361537,0.053379858985355,0.064730198692946,0.023184771964499,0.0745966984207751,0.0734483899939799,0.0606212027079832,0.0475734117436346,0.107066788052907,0.0970510265363605,0.0786675722588198,0.0310676822644126,0.0665456711551394,0.0667064527625221,0.0676824516879153,0.0299655753976466,0.0548819790595095,0.0537204723738261,0.0649250316668775,0.0232353369675422,0.0750571761802173,0.0740010708633416,0.0609313290048156,0.0483162193072312,0.109363646414262,0.0982190070984697,0.0791042730695776
800,0.05,80,7000087,0.40791519491843,0.315788052080647,0.0772068118224127,0.277156302134884,0.420900115461921,0.215887739206075,0.0479986690839651,0.28482218198329,0.460543085852328,0.259918080592424,0.287218521449743,0.230322682348859,0.39790463761157,0.354710686580249,0.0918995855055512,0.304386837464827,0.028792227811919,0.0628567592030306,0.0676675278299496,0.0606464493743076,0.02459336859393,0.0527831867564234,0.0548148241372619,0.0594954859584067,0.0237583957590575,0.0771881020492162,0.0819785419005879,0.0624012825982493,0.036144594996793,0.11559196160817,0.113168643898126,0.0702865350742826,0.0289185684300267,0.0632427452313365,0.0680688926276395,0.0608312428422432,0.0247317044920148,0.0535143377187101,0.0552103687622384,0.059653511943668,0.0238143044122979,0.0780578045020057,0.0828029780621331,0.0626162510960798,0.0380887369351914,0.123837646136553,0.115358790035281,0.0705977750009708
800,0.05,80,7000088,0.471160124253613,0.0974295606175112,0.098849340603455,0.140568839032065,0.432798023667971,0.079710848239843,-0.0647029773107081,0.116558068530372,0.483333535033581,-0.0100201261652377,-0.0530703129269782,0.102521809172814,0.39239661746594,0.122671022239313,-0.16832500907898,0.100762315240687,0.0327230252869972,0.0862655127215449,0.0727000403043929,0.0634975986045697,0.0283612899579624,0.0666488187962587,0.0586169886098587,0.0684562395297052,0.0235579942314073,0.0969668636683183,0.0789609236905401,0.0702151783745596,0.0488026589301028,0.153532275792286,0.123743744284682,0.0947624734343587,0.0330560729318256,0.0880642437986853,0.0730940589317063,0.0637705446260606,0.028651808629393,0.0681862269878494,0.0593281893902768,0.0687884256329125,0.0235566924134491,0.0995002101142171,0.0793062281668256,0.0712919248898812,0.0519583683521542,0.166667117748728,0.129351513063979,0.096320372425266
800,0.05,80,7000089,0.511011834023171,0.121640568027811,0.339893870666895,0.21226774015363,0.503150085413487,0.117845904773604,0.180525080605803,0.169260687166398,0.473751893143169,0.234522921695054,0.307811584645776,0.211306251877164,0.510275441533043,0.217238322992264,0.313076757607312,0.157432596802511,0.0292866501456434,0.0655657530034455,0.06989172176794,0.0695543928198487,0.0252937379814549,0.0528065433543638,0.0509110837243026,0.063564057194265,0.0238501665944802,0.0743510771168149,0.0745013190095257,0.0615514271704334,0.0358343692124335,0.0984413809751088,0.0955935555776382,0.0738538911431697,0.0294862995236495,0.066198720326083,0.0717862721126398,0.0715904891445997,0.0253684270723447,0.0531262420144087,0.0511997524678643,0.0638819683124464,0.0239127763620868,0.0747922861576685,0.075201939196274,0.0626293151278258,0.0363921003576742,0.101098396260538,0.096644291889442,0.0745948118672786
800,0.05,80,7000090,0.433173108829176,0.185291099867797,-0.00300075984896494,0.183716522377622,0.470314211879564,0.0582408017675791,0.0489967781191364,0.187880456394581,0.486821539414585,0.0395666531032336,0.0765046622625178,0.220816797077725,0.453829191939133,0.105776008827903,0.0638577256200926,0.225203671200624,0.0271846561044676,0.0639410839629737,0.0645343772064013,0.0633611519957574,0.0251441507831402,0.0533475377764056,0.0504793267827867,0.0616779705352313,0.0237781345704289,0.0797691061014935,0.0768526781628695,0.0663476072979988,0.0344355790965265,0.10117598373907,0.0922976893829628,0.0683144700368565,0.0272504378180924,0.0642565627449905,0.0648772450363617,0.063798995931485,0.0252172911378173,0.0537934767373077,0.0506822486783999,0.0620099260098765,0.0239411683273253,0.0802147070118671,0.0775009343120693,0.0679932606949289,0.0349770216927258,0.104333235027815,0.0931504457504386,0.0688312506057351
800,0.05,80,7000091,0.41382683966934,0.266625845887906,0.0799951001297226,0.207122204039339,0.473825217056662,0.0515362584325281,0.0486025072676286,0.123956451422574,0.475576508834733,0.0833647536531521,0.0866998997390104,0.104545180166818,0.464828856643866,0.0654002317778205,0.0732624813475475,0.138762583613115,0.0381613797973289,0.0738264501799481,0.0718212552256107,0.0718947561518858,0.0271153849715728,0.0502893812655293,0.0509099993810532,0.0642444412132844,0.0234792129525032,0.0771456463871984,0.0696146375687794,0.0625765978652555,0.0372005310145268,0.0880226974591774,0.0884759940382165,0.0719470631597291,0.0391900218044392,0.0750703779969901,0.0728167448338854,0.072791671947497,0.0271788222846039,0.0504516598346663,0.0510774611356279,0.0644768329316368,0.0235508962808966,0.0776821273554388,0.0698953128003394,0.0628321645194165,0.0374176532907974,0.0887101987881045,0.0890288921455371,0.0723406049477841
800,0.05,80,7000092,0.590365902766361,0.0619628272997461,0.332917472539528,0.0348668107312647,0.538757933366878,0.0557356843912574,0.176871437094833,0.0897287408836911,0.485591840876757,0.191116217744091,0.296173833016559,0.0274947873333298,0.619762539296342,-0.0333608517609541,0.37402536331962,0.0835605003998664,0.0534050152910136,0.121865494695958,0.127388706551488,0.0973649951562249,0.0395397875825314,0.070697009166574,0.0864806341425342,0.0688805387790369,0.0265741804309704,0.0905939156676787,0.0985736490987563,0.0786803860202666,0.0407508157647214,0.158801173984636,0.180913612482207,0.082254160642869,0.0624623550439774,0.131457152053163,0.139983679186854,0.0993154972790535,0.0416554098399543,0.0722096478919314,0.0922786007412214,0.0684385015990176,0.0265228059565157,0.0919066274825564,0.103558414419034,0.080263721994937,0.0462014980458591,0.162137005790513,0.195149843614993,0.0812291674605998
800,0.05,80,7000093,0.455841375610677,0.317027207038537,0.177742830309827,0.102066511559624,0.428298185014421,0.220565046687925,-0.0167678004971997,0.134368177653306,0.459816166670037,0.168010886523412,0.125249866429983,0.112951335896619,0.339905677843557,0.618473385756181,-0.0658404449780955,0.115513863676726,0.0371835006372726,0.0943286357299808,0.0827534120350889,0.0823285125935253,0.0279930026958015,0.0717456762291987,0.0630865922415508,0.0781604136944778,0.024894689454042,0.0975831530358025,0.0885686366601561,0.0643787684988781,0.0365316213575163,0.246790904366258,0.152177098476187,0.116443228520318,0.0374875973626191,0.0971655239354962,0.0842376402618878,0.082611471182624,0.02827740848114,0.0755742197090741,0.0648172640992526,0.0783658082001239,0.0250316175870685,0.0998522086830807,0.0897594442136691,0.0645531485954126,0.0374579149924983,0.314946623143835,0.193968620962619,0.114442462246703
800,0.05,80,7000094,0.461420759880556,0.217426538128531,0.217413601103214,0.0707092730662102,0.445448404284894,0.131786238381296,0.0530588912849775,0.113801386633608,0.470502226771878,0.170272137350897,0.0920701552181287,0.0748110220744634,0.44136689490775,0.221768377070502,0.0656556891383167,0.0743116662759496,0.0287019657622513,0.0670976382358738,0.0699953476398414,0.0711489959582876,0.0264020251260539,0.0523089226006877,0.0572519617861568,0.0690715683213251,0.0268576597099115,0.0849305133457136,0.101362317040223,0.0749382706509074,0.0388836097381426,0.0989020176201266,0.112063497738858,0.0839297769819166,0.0288431008071473,0.0677257305593433,0.0713913683837284,0.0713887416400524,0.0264660133225889,0.0524924876721137,0.0577781019361248,0.0695092273527284,0.0270429573858213,0.0856456654666393,0.103991633602799,0.075776192836151,0.039393117710654,0.0997737758132613,0.115434451318515,0.0849058518260899
800,0.05,80,7000095,0.499582800729651,0.164480078007646,0.197056877558887,0.17119302522919,0.487776034530681,0.151839410729835,0.109382989150678,0.129910011062557,0.505566969529875,0.196895099309452,0.169052434796312,0.109522123179182,0.471027563999536,0.221792895074613,0.142147314329501,0.158525235280574,0.033564656957901,0.0709603927412619,0.0772855443789135,0.0684815500429668,0.0266954702806725,0.0516884196771808,0.0525320321720253,0.0636929241177658,0.0220706055347359,0.0704112338667216,0.0735310646576375,0.0578616040543589,0.0381000375978303,0.0966841196533405,0.0964128570647531,0.0691562267077432,0.0338117171927238,0.0714527291181518,0.0779778343826073,0.068918656689645,0.0267730533131881,0.0519689310462511,0.0528039088860904,0.0638910078039941,0.0221017115306398,0.0707289071975048,0.0740288940489868,0.0580451002984848,0.0385402421991734,0.0983277645777932,0.0979962523993717,0.0694473739187287
800,0.05,80,7000096,0.447939564803465,0.19472328019715,0.213616264914926,0.0843735338080371,0.439080643916823,0.155344960707194,0.115518036652559,0.104577251993765,0.442871539612304,0.176769377992384,0.193801407674002,0.127744573621424,0.414547289032753,0.287097277851393,0.122494409971771,0.0959557155984231,0.0339054885197019,0.0703543497008104,0.0721544022945594,0.0664284225105939,0.026658918967553,0.0524060810282875,0.0501324716260932,0.0631875775445633,0.0255069136030348,0.0840684030957058,0.0769333085652542,0.0702443800424851,0.0360597720039574,0.0897524347753892,0.0852447006646411,0.0727589263415815,0.0341532410201212,0.0709842104041802,0.0727095063925679,0.0667326270142736,0.0267282216942436,0.0527083907478272,0.0503905025924705,0.0634302181318662,0.0256134317323366,0.0848946830886698,0.0779094447651024,0.0714615162323975,0.0363122091608993,0.090627409652579,0.0861262970590644,0.0732976663516552
800,0.05,80,7000097,0.455065708612411,0.304620277661969,0.147514166093252,0.137987393680293,0.45143442025618,0.246808059833437,0.0353185253685459,0.113676317213103,0.484450313260358,0.268516659324922,0.192228733866026,0.0964154627934655,0.427721934013551,0.418025761130322,0.024018480181843,0.0661997150571051,0.0332641267220372,0.0628568793653407,0.0750922784064531,0.0716460282990641,0.0285835648706105,0.0474122703909895,0.0556174292459101,0.0677583682676629,0.0234454190459294,0.0767561163335625,0.0934220357647991,0.0721615804909807,0.0375675683107149,0.0541835043357734,0.109291766074069,0.0846170294738851,0.0336014159904702,0.0638391724661554,0.0756859667511219,0.0720062812423081,0.0287469276884467,0.0477789013087777,0.0559550601950285,0.068003483305754,0.0234871855692601,0.0774535556567637,0.095298079474802,0.0728198466419837,0.038221757059984,0.0542271049759869,0.111697443413235,0.0851792494652826
800,0.05,80,7000098,0.425220336270224,0.168298910117526,0.103633719038485,0.150688282561305,0.425358737575193,0.123587531979398,0.114770353627079,0.233131435400182,0.432134128494227,0.269460606304661,0.183988743138482,0.223382045402193,0.428745803407524,0.205371688994412,0.178096793855814,0.20322194213523,0.0296250109589897,0.0936027111418141,0.065432292926858,0.0941195319647459,0.0240308174907616,0.0519884705491858,0.0519732380592978,0.0668530707405771,0.0218141884822981,0.0649235874419236,0.0853694173171055,0.0614475255380063,0.0334639944525549,0.099139659652609,0.095644497562701,0.0835342477620582,0.0298258288190661,0.0975296695349527,0.0658915224889729,0.0962003611800259,0.0241320402597891,0.0524788497373401,0.0523052098660784,0.0672442704854956,0.0218846324264096,0.065083427160415,0.0866015776955017,0.0616522621478651,0.0341426113691037,0.10231431196967,0.0975685884779832,0.0844925035943927
800,0.05,80,7000099,0.451832191570155,0.161692462588828,0.186923101837433,0.12500566650351,0.439771248527505,0.0931411225564884,0.111397634750392,0.165443431775113,0.442716954953016,0.149688186012219,0.117723226887817,0.0836972198237282,0.439128662219707,0.126445761565539,0.130598129645426,0.15365391599539,0.0357942999449267,0.0723835169978141,0.0763138260797664,0.0738020878843121,0.0287504209878857,0.0554558714425587,0.0544438842898325,0.068257084475058,0.0291669753096044,0.0975704449194672,0.0902618598301123,0.087573019741119,0.0435680519285956,0.106047061330936,0.102171585222299,0.0854544654631562,0.036111315902631,0.0729649026458501,0.0769037086296083,0.0742289946292447,0.0288588559556608,0.0558547881325996,0.0546606874114057,0.0684947248388133,0.0294424005947779,0.0990110286073062,0.0911782481730478,0.0888607229855044,0.0440762127320657,0.108473335049225,0.102895937815453,0.0860906850810751
800,0.05,80,7000100,0.454569985548668,0.255904785222815,0.173189082695917,0.230503481613614,0.470900662853963,0.148745984673131,0.168888442916561,0.218413271773971,0.452326006375461,0.30784630942097,0.256102490459333,0.305057153554696,0.444070711288729,0.23811318739191,0.234591741159289,0.229389645568503,0.0314281186613818,0.0659406187231465,0.0644302085648225,0.0640390196171293,0.0279206297112918,0.0527171207470986,0.0511700583213374,0.0598643697611148,0.0217346820490294,0.0796153470864056,0.0718464754726478,0.0555827347358536,0.0449725796873982,0.101278849334456,0.0899883720575875,0.0692719946926605,0.0316016079036625,0.0663059551984909,0.0647796628327643,0.0642783486934916,0.0280520530668725,0.0529827978401378,0.0516249578988675,0.0600549699955597,0.0218033349191693,0.080668719843953,0.0726305512256405,0.0559243914933693,0.0457842711065256,0.102530444841689,0.0925883449953916,0.069696854439891
